Date,Open,High,Low,Close,Adj Close,Volume
2000-01-03,58.6875,59.3125,56.0,58.28125,35.93585968017578,53228400
2000-01-04,56.78125,58.5625,56.125,56.3125,34.72196578979492,54119000
2000-01-05,55.5625,58.1875,54.6875,56.90625,35.08805847167969,64059600
2000-01-06,56.09375,56.9375,54.1875,55.0,33.912654876708984,54976600
2000-01-07,54.3125,56.125,53.65625,55.71875,34.355831146240234,62013600
2000-01-10,56.71875,56.84375,55.6875,56.125,34.6063346862793,44963600
2000-01-11,55.75,57.125,54.34375,54.6875,33.719993591308594,46743600
2000-01-12,54.25,54.4375,52.21875,52.90625,32.621681213378906,66532400
2000-01-13,52.1875,54.3125,50.75,53.90625,33.2382698059082,83144000
2000-01-14,53.59375,56.96875,52.875,56.125,34.6063346862793,73416400
2000-01-18,55.90625,58.25,55.875,57.65625,35.55049133300781,81483600
2000-01-19,55.25,55.75,53.0,53.5,32.98777770996094,97568200
2000-01-20,53.53125,54.84375,52.9375,53.0,32.679481506347656,56349800
2000-01-21,53.5,53.625,51.625,51.875,31.985815048217773,68416200
2000-01-24,51.8984375,52.84375,50.40625,50.625,31.215063095092773,63597600
2000-01-25,50.5,51.9375,49.78125,51.40625,31.69678497314453,59823200
2000-01-26,51.21875,51.75,49.5625,49.6875,30.63701057434082,49365000
2000-01-27,49.9453125,50.59375,48.625,49.375,30.444320678710938,63654800
2000-01-28,49.0625,50.125,48.625,49.125,30.290189743041992,58225400
2000-01-31,48.8125,49.09375,47.4375,48.9375,30.17456817626953,73194200
2000-02-01,49.25,51.625,48.84375,51.46875,31.73531150817871,70196600
2000-02-02,51.21875,51.96875,50.25,50.40625,31.080177307128906,49915600
2000-02-03,51.03125,52.09375,50.0625,51.8125,31.9472713470459,49186000
2000-02-04,52.1875,54.0,52.0703125,53.28125,32.85287857055664,55365400
2000-02-07,53.40625,53.4375,52.125,53.3125,32.87216567993164,40005800
2000-02-08,53.21875,55.0,53.21875,54.96875,33.89338684082031,56229000
2000-02-09,54.71875,54.71875,51.9375,52.0,32.06288528442383,55090000
2000-02-10,51.9453125,53.28125,51.25,53.0,32.679481506347656,54527800
2000-02-11,52.4375,52.4375,49.5625,49.96875,30.810422897338867,115559000
2000-02-14,50.6171875,50.875,49.53125,49.8125,30.714082717895508,81028600
2000-02-15,49.875,50.0,49.0625,49.28125,30.38651466369629,71027600
2000-02-16,49.625,50.09375,48.5625,48.8125,30.09748649597168,65202600
2000-02-17,49.25,49.84375,48.5703125,49.8125,30.714082717895508,80343400
2000-02-18,50.0,50.03125,47.4375,47.53125,29.307470321655273,79063000
2000-02-22,47.5625,48.5625,46.40625,46.90625,28.922107696533203,66296200
2000-02-23,46.75,47.875,46.03125,47.125,29.056997299194336,75847200
2000-02-24,47.125,47.9375,46.0,47.375,29.21112823486328,69733200
2000-02-25,47.34375,47.3515625,45.25,45.65625,28.151369094848633,65301400
2000-02-28,45.125,46.0625,44.0625,45.78125,28.228452682495117,76131800
2000-02-29,45.875,45.875,44.4375,44.6875,27.55403709411621,58437400
2000-03-01,44.8125,47.046875,44.46875,45.40625,27.997220993041992,106889800
2000-03-02,45.90625,47.6875,45.5625,46.6875,28.787220001220703,106932600
2000-03-03,47.375,49.4375,46.9375,48.0625,29.63504409790039,101435200
2000-03-06,48.0,48.6875,45.0625,45.3125,27.939403533935547,93609400
2000-03-07,48.0625,48.75,45.96875,46.4375,28.633079528808594,135061000
2000-03-08,46.90625,48.09375,45.5,47.78125,29.461626052856445,94290000
2000-03-09,47.65625,50.0,47.5,50.0,30.829683303833008,88198800
2000-03-10,49.78125,51.25,49.75,50.5,31.138004302978516,85589000
2000-03-13,48.8125,50.125,48.75,49.0,30.21309471130371,61831800
2000-03-14,49.3125,49.625,47.5625,47.5625,29.326749801635742,73489200
2000-03-15,47.28125,48.3125,46.84375,47.6875,29.40383529663086,53208000
2000-03-16,47.96875,48.34375,46.625,47.6875,29.40383529663086,77300800
2000-03-17,47.625,49.75,47.25,49.6875,30.63701057434082,81161600
2000-03-20,49.375,49.875,48.25,48.6875,30.020414352416992,47773000
2000-03-21,48.375,51.5625,48.25,51.375,31.677501678466797,81648800
2000-03-22,51.40625,52.8125,50.5625,51.625,31.8316707611084,93975800
2000-03-23,53.40625,56.4375,53.3125,55.9375,34.49071502685547,148224000
2000-03-24,56.3125,57.5,54.78125,55.84375,34.43291091918945,112196800
2000-03-27,53.8828125,54.125,51.96875,52.03125,32.0821533203125,111434000
2000-03-28,51.8125,53.71875,51.1875,52.15625,32.15921401977539,81114400
2000-03-29,52.59375,54.46875,52.5625,53.59375,33.04557418823242,64363800
2000-03-30,53.09375,54.3125,51.25,51.6875,31.870197296142578,64178400
2000-03-31,53.0,54.125,52.0625,53.125,32.75654602050781,64281400
2000-04-03,47.21875,48.25,45.0,45.4375,28.016481399536133,260118200
2000-04-04,45.78125,46.0,42.46875,44.28125,27.303539276123047,181244400
2000-04-05,44.125,44.25,42.9375,43.1875,26.629152297973633,82887600
2000-04-06,43.9375,44.0,42.6328125,43.0,26.513538360595703,66421400
2000-04-07,43.5,44.6875,42.5,44.53125,27.457700729370117,82613600
2000-04-10,44.3125,44.3125,43.0,43.03125,26.532800674438477,60685400
2000-04-11,42.5625,43.03125,41.75,41.9375,25.858407974243164,71961800
2000-04-12,41.0625,41.125,39.375,39.6875,24.4710693359375,153003800
2000-04-13,40.4375,41.125,39.5,39.625,24.432537078857422,94316200
2000-04-14,39.5625,39.75,36.625,37.0625,22.85251235961914,151217800
2000-04-17,37.125,38.0,36.5,37.9375,23.392040252685547,119772200
2000-04-18,38.25,40.96875,37.9375,40.28125,24.8371639251709,91794600
2000-04-19,40.71875,40.75,39.0625,39.34375,24.259111404418945,53715400
2000-04-20,39.3125,39.9375,38.75,39.46875,24.336191177368164,52387400
2000-04-24,33.625,34.0,32.5,33.3125,20.540281295776367,313645800
2000-04-25,34.375,34.75,33.8125,34.6875,21.38810157775879,159517400
2000-04-26,35.0,35.5625,33.6875,34.0,20.964187622070312,107091200
2000-04-27,33.71875,34.96875,33.6875,34.90625,21.522981643676758,77669800
2000-04-28,35.375,35.5,34.125,34.875,21.50370979309082,78082600
2000-05-01,36.4375,37.0,35.84375,36.71875,22.640554428100586,107811000
2000-05-02,36.40625,36.75,34.75,34.9375,21.54224967956543,97716200
2000-05-03,35.1875,35.40625,34.40625,35.28125,21.754199981689453,55354800
2000-05-04,35.15625,35.625,34.65625,35.21875,21.715665817260742,43317200
2000-05-05,35.125,35.90625,34.9375,35.5625,21.9276180267334,36402200
2000-05-08,35.46875,35.6875,34.84375,34.90625,21.522981643676758,36187600
2000-05-09,35.09375,35.21875,33.75,33.90625,20.90638542175293,60778400
2000-05-10,33.875,33.9375,32.875,33.09375,20.405399322509766,67740000
2000-05-11,33.3125,34.0625,32.875,33.9375,20.925662994384766,58390800
2000-05-12,34.21875,34.875,34.125,34.40625,21.214689254760742,37886000
2000-05-15,34.5,34.71875,34.0,34.6875,21.38810157775879,33899600
2000-05-16,34.78125,35.3125,34.53125,34.75,21.426637649536133,48410600
2000-05-17,34.4375,34.5625,33.625,33.84375,20.86785125732422,53242000
2000-05-18,34.03125,34.03125,32.9375,33.09375,20.405399322509766,53640400
2000-05-19,32.6875,32.96875,32.25,32.53125,20.058576583862305,66578000
2000-05-22,32.5625,32.625,31.21875,32.09375,19.7888126373291,69955000
2000-05-23,31.9375,32.78125,31.53125,31.59375,19.480514526367188,57963200
2000-05-24,31.5625,33.28125,31.5,32.78125,20.212718963623047,85482400
2000-05-25,32.28125,32.375,30.5625,30.75,18.96025848388672,94348800
2000-05-26,31.03125,31.3125,30.1875,30.71875,18.94099235534668,55822000
2000-05-30,31.21875,32.0625,31.0,31.6875,19.538318634033203,68536400
2000-05-31,31.8203125,31.8515625,31.03125,31.28125,19.28783416748047,54968200
2000-06-01,32.1875,33.0,31.90625,32.28125,19.904415130615234,94507200
2000-06-02,33.0,33.375,32.5,33.15625,20.443941116333008,80463200
2000-06-05,33.0078125,34.1875,33.0,33.4375,20.617355346679688,64400000
2000-06-06,34.09375,34.9375,33.90625,34.8125,21.465177536010742,99019000
2000-06-07,34.625,35.375,33.5625,35.25,21.734933853149414,76310600
2000-06-08,35.78125,36.0625,34.125,34.40625,21.214689254760742,94765600
2000-06-09,34.8125,34.84375,34.15625,34.40625,21.214689254760742,35710200
2000-06-12,34.5,34.5,33.1875,33.4375,20.617355346679688,49260600
2000-06-13,33.375,34.0,33.0625,33.9375,20.925662994384766,44289200
2000-06-14,34.90625,35.5,34.75,35.25,21.734933853149414,79992400
2000-06-15,35.40625,36.34375,35.3125,36.1875,22.312990188598633,65592600
2000-06-16,36.3125,36.5625,35.75,36.28125,22.370798110961914,68710600
2000-06-19,36.28125,36.90625,36.0,36.84375,22.717626571655273,46604800
2000-06-20,36.9375,37.625,36.875,37.46875,23.103002548217773,62275000
2000-06-21,38.5,41.09375,38.46875,40.34375,24.875713348388672,160399600
2000-06-22,40.6875,41.0,39.65625,39.9375,24.625219345092773,87315200
2000-06-23,39.96875,40.03125,38.5,38.84375,23.950820922851562,49811600
2000-06-26,38.75,40.0625,38.75,39.75,24.509614944458008,48287000
2000-06-27,39.625,40.0625,39.1875,39.40625,24.297666549682617,31071200
2000-06-28,39.5,40.03125,39.3125,39.46875,24.336191177368164,37459200
2000-06-29,39.125,39.46875,38.53125,38.59375,23.79665756225586,38449000
2000-06-30,38.53125,40.0,38.34375,40.0,24.663753509521484,52356400
2000-07-03,39.84375,40.03125,39.6875,40.0,24.663753509521484,15734800
2000-07-05,39.9375,39.9375,39.125,39.25,24.201309204101562,34824400
2000-07-06,39.4375,40.84375,39.25,40.46875,24.95277976989746,47873200
2000-07-07,40.6328125,41.4375,40.28125,41.0,25.28034019470215,54153200
2000-07-10,40.34375,40.65625,39.6875,39.71875,24.490339279174805,52689800
2000-07-11,39.40625,40.25,39.25,39.5625,24.393993377685547,37164800
2000-07-12,39.125,40.5,38.59375,40.15625,24.76009178161621,58370200
2000-07-13,39.40625,40.0,38.6875,39.96875,24.644489288330078,80843200
2000-07-14,39.75,39.875,39.21875,39.46875,24.336191177368164,51180600
2000-07-17,39.125,39.78125,38.75,39.09375,24.10496711730957,53992800
2000-07-18,38.8125,39.75,38.71875,39.25,24.201309204101562,70617200
2000-07-19,38.03125,38.75,36.40625,36.5625,22.54421043395996,139924600
2000-07-20,36.71875,37.625,36.5625,37.40625,23.064468383789062,54690600
2000-07-21,37.375,37.5,35.9375,36.15625,22.293731689453125,56100600
2000-07-24,36.03125,36.0625,35.0,35.28125,21.754199981689453,56165600
2000-07-25,35.40625,35.5,34.1875,34.5,21.27248764038086,64188600
2000-07-26,34.53125,34.75,33.625,33.90625,20.90638542175293,85404600
2000-07-27,33.9375,35.0625,33.75,34.6875,21.38810157775879,74337600
2000-07-28,35.46875,35.90625,34.8125,34.84375,21.484447479248047,75645600
2000-07-31,35.09375,35.5625,34.625,34.90625,21.522981643676758,70283800
2000-08-01,34.96875,35.03125,34.09375,34.34375,21.1761417388916,47163600
2000-08-02,34.28125,35.21875,34.25,34.6875,21.38810157775879,48269200
2000-08-03,34.09375,35.1875,34.0625,35.125,21.657867431640625,54543400
2000-08-04,34.71875,34.9375,34.09375,34.5625,21.311019897460938,38107400
2000-08-07,35.09375,35.5625,34.875,35.0,21.580793380737305,52741800
2000-08-08,35.03125,37.34375,35.0,37.0625,22.85251235961914,138038800
2000-08-09,36.875,37.4375,36.5625,37.125,22.891050338745117,63945600
2000-08-10,36.90625,37.03125,35.875,36.3125,22.39006996154785,48986000
2000-08-11,36.21875,36.34375,35.8125,36.21875,22.332250595092773,35629600
2000-08-14,36.15625,36.6875,35.6875,36.09375,22.25518035888672,53427000
2000-08-15,36.0,36.5,35.75,35.8125,22.081777572631836,40714200
2000-08-16,35.9375,36.125,35.28125,35.5,21.889076232910156,44976200
2000-08-17,35.5625,36.0,35.28125,35.78125,22.062501907348633,36112800
2000-08-18,35.5625,35.71875,35.0,35.5,21.889076232910156,54438800
2000-08-21,35.34375,35.40625,35.03125,35.3125,21.773466110229492,34119600
2000-08-22,35.40625,36.21875,35.109375,35.625,21.966163635253906,54428200
2000-08-23,35.40625,35.5625,35.1875,35.375,21.812007904052734,36726800
2000-08-24,35.3125,35.59375,34.96875,35.5625,21.9276180267334,42405400
2000-08-25,35.34375,35.84375,35.28125,35.3125,21.773466110229492,52729400
2000-08-28,35.09375,36.0625,35.0625,35.65625,21.985427856445312,56421600
2000-08-29,35.59375,36.375,35.4375,35.46875,21.86981773376465,59400200
2000-08-30,35.34375,35.46875,34.84375,35.0,21.580793380737305,53498800
2000-08-31,35.4375,36.0,34.84375,34.90625,21.522981643676758,72575400
2000-09-01,35.0,35.3125,34.84375,35.09375,21.638595581054688,37629800
2000-09-05,35.0,35.34375,34.90625,35.0625,21.619321823120117,50755200
2000-09-06,35.03125,35.34375,34.65625,34.71875,21.407373428344727,62960800
2000-09-07,35.0,36.03125,34.71875,35.03125,21.60005760192871,111711200
2000-09-08,35.1875,35.4375,34.59375,34.65625,21.368833541870117,56709600
2000-09-11,34.5625,34.84375,34.03125,34.40625,21.214689254760742,48495200
2000-09-12,34.375,34.65625,33.8125,34.0625,21.00273895263672,46781200
2000-09-13,33.78125,34.375,33.59375,34.125,21.041257858276367,40744800
2000-09-14,34.34375,34.375,32.84375,32.90625,20.289791107177734,78503000
2000-09-15,32.71875,32.8125,31.65625,32.09375,19.7888126373291,99915200
2000-09-18,32.125,32.3125,31.09375,31.5,19.42270278930664,69037800
2000-09-19,31.8125,32.875,31.6875,32.5,20.039304733276367,79311200
2000-09-20,32.4375,32.5,31.59375,32.125,19.808082580566406,67791400
2000-09-21,32.0,32.5625,31.78125,32.09375,19.7888126373291,48952200
2000-09-22,30.5625,31.75,30.5,31.625,19.499784469604492,84476600
2000-09-25,31.625,31.75,30.21875,30.625,18.88318634033203,53484200
2000-09-26,30.46875,32.9375,30.21875,31.34375,19.32636260986328,155704800
2000-09-27,31.71875,31.78125,29.90625,30.3125,18.69049644470215,106155600
2000-09-28,30.40625,30.9375,30.3125,30.65625,18.902454376220703,52360400
2000-09-29,30.5,30.65625,29.3125,30.15625,18.594161987304688,74053600
2000-10-02,30.25,30.40625,29.125,29.5625,18.22805404663086,58562400
2000-10-03,29.78125,29.90625,28.25,28.28125,17.438051223754883,85374000
2000-10-04,28.1875,28.28125,27.25,27.71875,17.09120750427246,136453400
2000-10-05,27.75,28.625,27.625,27.6875,17.071941375732422,81099400
2000-10-06,27.90625,28.375,27.375,27.78125,17.12974739074707,61794000
2000-10-09,27.8125,27.875,26.5,27.09375,16.705842971801758,58323600
2000-10-10,26.96875,27.78125,26.90625,27.28125,16.821449279785156,62066200
2000-10-11,27.0,28.46875,27.0,27.875,17.18755531311035,101205800
2000-10-12,28.15625,28.4375,26.90625,27.1875,16.76364517211914,90219600
2000-10-13,26.9375,27.4375,26.0625,26.875,16.570968627929688,104521200
2000-10-16,26.75,26.90625,24.78125,25.1875,15.530458450317383,119759000
2000-10-17,25.9375,26.21875,25.125,25.21875,15.549732208251953,81276600
2000-10-18,24.8125,26.625,24.21875,25.875,15.954364776611328,110536400
2000-10-19,29.21875,31.09375,29.0,30.9375,19.075868606567383,256993200
2000-10-20,30.65625,33.0625,30.5625,32.59375,20.09711456298828,160378600
2000-10-23,32.3125,33.125,30.34375,31.0625,19.1529483795166,185170400
2000-10-24,31.3125,31.46875,30.09375,30.75,18.96025848388672,94427400
2000-10-25,30.96875,31.71875,30.21875,30.625,18.88318634033203,167603800
2000-10-26,30.5,32.53125,30.40625,32.21875,19.865882873535156,114826600
2000-10-27,32.34375,34.59375,32.3125,33.84375,20.86785125732422,124292400
2000-10-30,33.75,35.0625,33.6875,34.53125,21.291757583618164,110057600
2000-10-31,34.5,34.75,34.0,34.4375,21.233945846557617,104474000
2000-11-01,34.25,35.03125,34.21875,34.8125,21.465177536010742,81309400
2000-11-02,35.1875,35.421875,34.8125,35.15625,21.677122116088867,77985200
2000-11-03,34.625,34.8125,34.03125,34.125,21.041257858276367,68711000
2000-11-06,34.34375,35.0625,34.125,34.75,21.426637649536133,74851400
2000-11-07,34.875,35.9375,34.75,35.25,21.734933853149414,104331200
2000-11-08,35.5625,36.1875,34.0,34.71875,21.407373428344727,206149400
2000-11-09,34.25,35.65625,34.21875,35.4375,21.850543975830078,91058600
2000-11-10,34.96875,35.15625,33.40625,33.6875,20.771501541137695,93744400
2000-11-13,33.34375,34.0625,32.203125,33.21875,20.48248291015625,83364800
2000-11-14,34.0,34.90625,33.65625,34.40625,21.214689254760742,84218600
2000-11-15,34.53125,35.4375,34.34375,35.03125,21.60005760192871,60422200
2000-11-16,34.71875,35.75,34.46875,34.46875,21.253217697143555,92128600
2000-11-17,34.71875,35.0,33.8984375,34.53125,21.291757583618164,106525600
2000-11-20,34.0625,34.25,32.78125,33.59375,20.713695526123047,80157200
2000-11-21,33.6875,34.625,33.6875,33.875,20.887117385864258,59487600
2000-11-22,33.03125,34.75,33.0,34.125,21.041257858276367,76343200
2000-11-24,34.5,35.21875,34.25,34.96875,21.56151580810547,34439200
2000-11-27,35.71875,36.125,35.3125,35.34375,21.792739868164062,85307600
2000-11-28,34.6875,34.875,33.40625,33.5,20.655893325805664,127446200
2000-11-29,33.40625,33.5625,31.625,32.53125,20.058576583862305,98280400
2000-11-30,31.0,31.03125,28.5,28.6875,17.688535690307617,197200800
2000-12-01,29.03125,30.3125,28.03125,28.3125,17.457311630249023,109809800
2000-12-04,28.625,29.5,27.59375,28.21875,17.399513244628906,80407200
2000-12-05,29.59375,30.25,29.125,29.9375,18.459272384643555,101734400
2000-12-06,30.0,30.03125,28.03125,28.34375,17.47658348083496,90560800
2000-12-07,26.71875,27.0,26.125,26.5625,16.378273010253906,145308400
2000-12-08,27.3125,27.9375,26.71875,27.21875,16.782920837402344,120939800
2000-12-11,27.75,29.375,27.5,29.03125,17.900495529174805,95576200
2000-12-12,28.90625,30.0,28.375,29.1875,17.99683380126953,63106000
2000-12-13,30.25,30.25,28.40625,28.625,17.650005340576172,98360400
2000-12-14,28.96875,29.3671875,27.6875,27.75,17.11048126220703,71201400
2000-12-15,25.5234375,26.0,23.875,24.59375,15.164359092712402,116899800
2000-12-18,24.5,25.0,23.5,23.90625,14.740455627441406,107187400
2000-12-19,23.71875,24.0,22.25,22.40625,13.815555572509766,120271800
2000-12-20,21.40625,22.0,20.6875,20.75,12.794330596923828,149037800
2000-12-21,20.375,22.5625,20.15625,21.71875,13.391644477844238,163173000
2000-12-22,22.375,23.5625,22.375,23.21875,14.316539764404297,109551800
2000-12-26,23.4375,24.28125,22.9375,23.4375,14.451420783996582,66941600
2000-12-27,23.0625,23.40625,22.5,23.21875,14.316539764404297,69003800
2000-12-28,22.5625,23.125,21.9375,22.28125,13.738481521606445,77619200
2000-12-29,21.96875,22.90625,21.5,21.6875,13.372384071350098,99977600
2001-01-02,22.0625,22.5,21.4375,21.6875,13.372384071350098,82413200
2001-01-03,21.59375,24.4375,21.5625,23.96875,14.77898120880127,135962200
2001-01-04,23.90625,25.25,23.4375,24.21875,14.93313217163086,112397000
2001-01-05,24.25,24.9375,23.78125,24.5625,15.145094871520996,93414600
2001-01-08,24.46875,24.875,23.34375,24.46875,15.087284088134766,79817600
2001-01-09,25.0,26.3125,24.875,25.90625,15.97363567352295,114965400
2001-01-10,25.5,26.90625,25.375,26.4375,16.301197052001953,90230200
2001-01-11,26.5,27.875,26.15625,27.5,16.956327438354492,101854800
2001-01-12,27.4375,27.5,26.25,26.75,16.49388885498047,73712000
2001-01-16,26.6875,26.75,25.5625,26.28125,16.204858779907227,68462400
2001-01-17,26.8125,27.4375,26.28125,26.46875,16.320470809936523,72844200
2001-01-18,26.84375,28.09375,26.3125,27.75,17.11048126220703,109788800
2001-01-19,30.0,30.71875,29.4375,30.5,18.806108474731445,209348800
2001-01-22,30.375,30.5,29.5,30.0625,18.536352157592773,76673000
2001-01-23,29.875,30.46875,29.46875,30.28125,18.671234130859375,70295200
2001-01-24,30.5,31.71875,30.375,31.46875,19.403440475463867,110455000
2001-01-25,31.375,32.0,30.78125,30.90625,19.056612014770508,85657400
2001-01-26,30.5,32.15625,30.5,32.0,19.73101043701172,93080000
2001-01-29,31.78125,32.3125,31.75,32.25,19.88515281677246,84983800
2001-01-30,32.25,32.375,31.4375,31.6875,19.538318634033203,57276800
2001-01-31,31.5,31.875,30.5,30.53125,18.825380325317383,81898800
2001-02-01,30.40625,31.3125,30.1875,31.1875,19.23002052307129,71792800
2001-02-02,31.25,31.6875,30.375,30.40625,18.748306274414062,71100000
2001-02-05,30.375,31.03125,30.125,30.96875,19.09514808654785,51399200
2001-02-06,31.03125,31.90625,30.84375,31.28125,19.28783416748047,96442000
2001-02-07,31.0,32.53125,30.90625,32.34375,19.942964553833008,126061800
2001-02-08,31.875,32.25,31.0,31.125,19.191484451293945,88041200
2001-02-09,30.65625,30.78125,29.25,29.5625,18.22805404663086,100575200
2001-02-12,29.40625,29.71875,28.59375,29.375,18.112443923950195,71289400
2001-02-13,29.8125,30.53125,29.0625,29.09375,17.93903350830078,76070600
2001-02-14,28.8125,29.5,28.1875,29.1875,17.99683380126953,61728400
2001-02-15,29.5,30.09375,28.9375,29.40625,18.13172149658203,65627800
2001-02-16,28.5,29.125,28.0625,28.65625,17.669267654418945,66958400
2001-02-20,28.6875,29.125,27.6875,27.9375,17.226089477539062,60730800
2001-02-21,27.625,29.03125,27.59375,28.125,17.34170913696289,63947200
2001-02-22,28.15625,28.40625,26.9375,27.59375,17.014142990112305,100816400
2001-02-23,27.21875,28.75,27.15625,28.375,17.495847702026367,92620600
2001-02-26,28.8125,29.96875,28.6875,29.78125,18.36293601989746,87936800
2001-02-27,29.6875,30.59375,29.3359375,29.6875,18.305126190185547,99148600
2001-02-28,29.78125,30.0390625,29.09375,29.5,18.189516067504883,84608400
2001-03-01,29.28125,29.75,28.125,29.6796875,18.300310134887695,81781600
2001-03-02,28.75,29.0625,28.21875,28.34375,17.47658348083496,79800800
2001-03-05,28.625,29.3125,28.28125,28.71875,17.707805633544922,49383600
2001-03-06,29.3125,30.0,29.1875,29.71875,18.32439613342285,66781800
2001-03-07,29.9375,30.5625,29.65625,30.34375,18.709775924682617,59743600
2001-03-08,30.15625,30.296875,29.21875,29.625,18.2665958404541,54626000
2001-03-09,28.96875,29.09375,27.4375,28.34375,17.47658348083496,103794400
2001-03-12,27.34375,27.5,25.8125,25.96875,16.012176513671875,114376000
2001-03-13,26.09375,27.375,26.0,27.09375,16.705842971801758,91035600
2001-03-14,26.25,27.625,26.09375,27.0,16.648027420043945,90686200
2001-03-15,27.65625,28.0390625,26.75,26.84375,16.55169677734375,71638400
2001-03-16,26.25,27.5625,26.2421875,27.28125,16.821449279785156,112848800
2001-03-19,27.25,27.75,26.5625,27.15625,16.744380950927734,61036400
2001-03-20,27.28125,28.0625,26.3125,26.34375,16.243391036987305,91822800
2001-03-21,26.125,26.625,24.875,25.03125,15.434118270874023,124988600
2001-03-22,25.28125,27.03125,25.25,27.0,16.648027420043945,126363200
2001-03-23,27.46875,28.5,27.1875,28.28125,17.438051223754883,99519600
2001-03-26,28.5625,28.75,27.78125,28.03125,17.283899307250977,63118600
2001-03-27,28.03125,29.28125,27.9375,29.125,17.958295822143555,95135600
2001-03-28,28.6875,28.96875,27.6875,27.78125,17.12974739074707,78681600
2001-03-29,27.6875,28.59375,27.28125,27.6875,17.071941375732422,86985000
2001-03-30,27.875,28.09375,26.9375,27.34375,16.859996795654297,91201600
2001-04-02,27.40625,28.46875,27.3125,27.90625,17.206832885742188,75924000
2001-04-03,27.65625,27.65625,26.375,26.6875,16.455347061157227,94187600
2001-04-04,26.6875,27.5,25.53125,25.96875,16.012176513671875,104046600
2001-04-05,26.875,28.6875,26.75,28.375,17.495847702026367,113364000
2001-04-06,28.1875,28.59375,27.53125,28.09375,17.322437286376953,92622000
2001-04-09,28.28499984741211,28.709999084472656,27.829999923706055,28.575000762939453,17.619176864624023,56295600
2001-04-10,28.975000381469727,30.045000076293945,28.889999389648438,29.84000015258789,18.399169921875,109199400
2001-04-11,30.325000762939453,30.75,29.850000381469727,30.020000457763672,18.510147094726562,109879600
2001-04-12,29.780000686645508,31.155000686645508,29.674999237060547,31.09000015258789,19.169898986816406,87520000
2001-04-16,30.700000762939453,30.790000915527344,30.059999465942383,30.395000457763672,18.74136734008789,65857400
2001-04-17,30.260000228881836,31.05500030517578,30.020000457763672,30.739999771118164,18.954105377197266,85149200
2001-04-18,31.69499969482422,33.154998779296875,31.5,32.71500015258789,20.171871185302734,156696400
2001-04-19,32.904998779296875,34.5,32.875,34.02000045776367,20.976520538330078,159375600
2001-04-20,35.150001525878906,35.54999923706055,34.25,34.5,21.27248764038086,192919600
2001-04-23,34.05500030517578,34.23500061035156,33.45000076293945,34.125,21.041257858276367,92171200
2001-04-24,34.099998474121094,34.96500015258789,33.56999969482422,33.775001525878906,20.825454711914062,89176600
2001-04-25,33.78499984741211,34.89500045776367,33.625,34.845001220703125,21.485212326049805,76744000
2001-04-26,35.03499984741211,35.5,34.125,34.564998626708984,21.312562942504883,118737600
2001-04-27,34.76499938964844,34.84000015258789,33.10499954223633,33.560001373291016,20.69288444519043,121572400
2001-04-30,34.26499938964844,34.529998779296875,33.84000015258789,33.875,20.887117385864258,74368200
2001-05-01,33.83000183105469,35.150001525878906,33.79999923706055,35.084999084472656,21.633193969726562,83702800
2001-05-02,35.5,35.57500076293945,34.67499923706055,34.880001068115234,21.506792068481445,92864400
2001-05-03,34.625,35.09000015258789,34.06999969482422,34.26499938964844,21.12758445739746,66273400
2001-05-04,34.0,35.525001525878906,33.97999954223633,35.375,21.812007904052734,119538400
2001-05-07,35.415000915527344,36.07500076293945,35.349998474121094,35.689998626708984,22.006237030029297,109356200
2001-05-08,35.875,36.04999923706055,35.375,36.029998779296875,22.21588134765625,75084000
2001-05-09,35.619998931884766,35.650001525878906,34.93000030517578,35.20000076293945,21.7041072845459,76676600
2001-05-10,35.564998626708984,35.619998931884766,34.97999954223633,35.0,21.580793380737305,64334600
2001-05-11,34.97999954223633,35.0,34.32500076293945,34.70000076293945,21.39580535888672,51128800
2001-05-14,34.564998626708984,34.599998474121094,34.150001525878906,34.36000061035156,21.1861572265625,44968000
2001-05-15,34.369998931884766,34.650001525878906,34.0,34.1349983215332,21.04743003845215,61385600
2001-05-16,33.849998474121094,34.939998626708984,33.665000915527344,34.58000183105469,21.321815490722656,91893800
2001-05-17,34.54999923706055,35.06999969482422,33.775001525878906,34.084999084472656,21.0165958404541,106984800
2001-05-18,33.845001220703125,34.599998474121094,33.625,34.04499816894531,20.9919376373291,90605400
2001-05-21,34.025001525878906,34.994998931884766,33.875,34.39500045776367,21.207744598388672,103491600
2001-05-22,34.724998474121094,35.17499923706055,34.59000015258789,35.154998779296875,21.676362991333008,83455600
2001-05-23,35.19499969482422,35.79999923706055,34.755001068115234,34.849998474121094,21.48828887939453,93637400
2001-05-24,34.970001220703125,35.88999938964844,34.6349983215332,35.86000061035156,22.111061096191406,80781600
2001-05-25,35.83000183105469,35.95000076293945,35.18000030517578,35.45500183105469,21.861343383789062,52747600
2001-05-29,35.400001525878906,35.875,35.025001525878906,35.16999816894531,21.685596466064453,71210800
2001-05-30,34.779998779296875,35.290000915527344,34.32500076293945,34.595001220703125,21.331071853637695,86501800
2001-05-31,34.744998931884766,35.189998626708984,34.20000076293945,34.59000015258789,21.32798957824707,70682600
2001-06-01,34.79999923706055,35.349998474121094,34.349998474121094,35.16999816894531,21.685596466064453,57587600
2001-06-04,35.275001525878906,35.5099983215332,34.900001525878906,35.38999938964844,21.82126235961914,43736600
2001-06-05,35.380001068115234,36.540000915527344,35.25,36.29999923706055,22.38235855102539,89454200
2001-06-06,36.44499969482422,36.7400016784668,35.775001525878906,36.18000030517578,22.308364868164062,80022800
2001-06-07,36.060001373291016,36.8650016784668,36.040000915527344,36.84000015258789,22.715316772460938,66960000
2001-06-08,36.849998474121094,36.875,36.025001525878906,36.595001220703125,22.56425666809082,51867000
2001-06-11,36.42499923706055,36.42499923706055,35.755001068115234,36.060001373291016,22.234384536743164,47345600
2001-06-12,35.5099983215332,36.20500183105469,35.404998779296875,36.040000915527344,22.222047805786133,66714600
2001-06-13,36.025001525878906,36.150001525878906,35.31999969482422,35.345001220703125,21.79351043701172,55302400
2001-06-14,35.11000061035156,35.275001525878906,34.20000076293945,34.45000076293945,21.241661071777344,71972400
2001-06-15,33.755001068115234,34.150001525878906,33.20000076293945,34.0099983215332,20.970355987548828,108354400
2001-06-18,33.974998474121094,33.97999954223633,33.005001068115234,33.439998626708984,20.618896484375,56846800
2001-06-19,34.10499954223633,34.42499923706055,33.42499923706055,33.65999984741211,20.754547119140625,63457400
2001-06-20,33.56999969482422,34.79499816894531,33.54999923706055,34.70500183105469,21.398895263671875,64108400
2001-06-21,34.57500076293945,35.275001525878906,34.459999084472656,34.91999816894531,21.531457901000977,69603800
2001-06-22,35.0,35.30500030517578,34.290000915527344,34.415000915527344,21.22007942199707,51092000
2001-06-25,34.54999923706055,34.904998779296875,33.8849983215332,34.42499923706055,21.22625160217285,49215600
2001-06-26,33.90999984741211,35.10499954223633,33.849998474121094,35.06999969482422,21.623950958251953,63077000
2001-06-27,34.93000030517578,35.76499938964844,34.68000030517578,35.56999969482422,21.9322509765625,69199800
2001-06-28,35.775001525878906,38.07500076293945,35.26499938964844,36.369998931884766,22.425519943237305,128975600
2001-06-29,36.29999923706055,36.70500183105469,35.70000076293945,36.5,22.505674362182617,94283800
2001-07-02,36.025001525878906,36.57500076293945,35.07500076293945,35.29999923706055,21.765764236450195,72810200
2001-07-03,35.150001525878906,35.400001525878906,34.96500015258789,35.23500061035156,21.72568702697754,28037400
2001-07-05,35.11000061035156,35.36000061035156,34.220001220703125,34.255001068115234,21.121427536010742,49242600
2001-07-06,34.150001525878906,34.20000076293945,32.834999084472656,33.029998779296875,20.366098403930664,67467800
2001-07-09,33.099998474121094,33.45500183105469,32.52000045776367,32.845001220703125,20.25202751159668,66476600
2001-07-10,32.95000076293945,33.125,32.17499923706055,32.2400016784668,19.878986358642578,66562600
2001-07-11,32.10499954223633,33.375,32.099998474121094,33.25,20.501745223999023,73822600
2001-07-12,35.349998474121094,36.025001525878906,35.165000915527344,35.79999923706055,22.074060440063477,128078000
2001-07-13,35.70000076293945,36.0,35.470001220703125,35.66999816894531,21.9939022064209,58934600
2001-07-16,35.724998474121094,36.08000183105469,35.07500076293945,35.59000015258789,21.94457244873047,55990800
2001-07-17,35.33000183105469,36.005001068115234,35.06999969482422,35.90999984741211,22.14188575744629,63241000
2001-07-18,35.29999923706055,35.75,34.935001373291016,35.28499984741211,21.756521224975586,57590800
2001-07-19,35.61000061035156,36.5,35.61000061035156,36.28499984741211,22.37311363220215,76549400
2001-07-20,34.01499938964844,34.70000076293945,33.970001220703125,34.59000015258789,21.32798957824707,124203600
2001-07-23,34.619998931884766,34.619998931884766,33.17499923706055,33.54499816894531,20.68364906311035,79999400
2001-07-24,33.5,33.994998931884766,32.849998474121094,33.15999984741211,20.44625473022461,67530200
2001-07-25,33.130001068115234,33.7599983215332,32.80500030517578,33.7400016784668,20.80387306213379,74065400
2001-07-26,33.560001373291016,33.65999984741211,32.75,33.29499816894531,20.529489517211914,77974000
2001-07-27,33.025001525878906,33.125,32.525001525878906,32.73500061035156,20.1841983795166,65396000
2001-07-30,32.82500076293945,33.439998626708984,32.77000045776367,32.900001525878906,20.28594207763672,42196400
2001-07-31,33.005001068115234,33.69499969482422,32.92499923706055,33.095001220703125,20.406166076660156,59031600
2001-08-01,33.400001525878906,33.404998779296875,32.880001068115234,33.23500061035156,20.492507934570312,55679000
2001-08-02,33.60499954223633,33.77000045776367,33.130001068115234,33.724998474121094,20.794633865356445,54198400
2001-08-03,33.650001525878906,33.68000030517578,33.0,33.44499969482422,20.621980667114258,43260400
2001-08-06,33.26499938964844,33.560001373291016,32.84000015258789,33.064998626708984,20.387672424316406,27831600
2001-08-07,33.02000045776367,33.525001525878906,32.994998931884766,33.17499923706055,20.455495834350586,31347800
2001-08-08,33.255001068115234,33.619998931884766,32.244998931884766,32.43000030517578,19.996139526367188,54996400
2001-08-09,32.4900016784668,32.775001525878906,32.150001525878906,32.505001068115234,20.04238510131836,45536200
2001-08-10,32.3849983215332,32.93000030517578,31.450000762939453,32.7599983215332,20.199613571166992,51756400
2001-08-13,32.619998931884766,32.994998931884766,32.375,32.915000915527344,20.295185089111328,32675400
2001-08-14,32.875,33.04499816894531,32.224998474121094,32.345001220703125,19.943727493286133,36481200
2001-08-15,32.35499954223633,32.525001525878906,31.600000381469727,31.600000381469727,19.484365463256836,39503000
2001-08-16,31.420000076293945,32.35499954223633,31.350000381469727,32.310001373291016,19.922151565551758,43905600
2001-08-17,31.889999389648438,32.064998626708984,30.75,30.940000534057617,19.077415466308594,52234200
2001-08-20,30.829999923706055,31.375,30.549999237060547,31.350000381469727,19.330215454101562,48371200
2001-08-21,31.350000381469727,31.600000381469727,30.354999542236328,30.389999389648438,18.73828887939453,47111800
2001-08-22,30.565000534057617,30.575000762939453,29.540000915527344,30.329999923706055,18.7012939453125,78107200
2001-08-23,30.334999084472656,30.764999389648438,29.5,29.559999465942383,18.226512908935547,51813200
2001-08-24,29.799999237060547,31.139999389648438,29.614999771118164,31.024999618530273,19.129823684692383,63399000
2001-08-27,30.950000762939453,31.68000030517578,30.78499984741211,31.155000686645508,19.20998764038086,44562800
2001-08-28,31.170000076293945,31.475000381469727,30.290000915527344,30.3700008392334,18.7259578704834,47422800
2001-08-29,30.524999618530273,30.649999618530273,29.770000457763672,30.125,18.574886322021484,48170000
2001-08-30,29.520000457763672,29.829999923706055,28.260000228881836,28.469999313354492,17.554424285888672,97632000
2001-08-31,28.424999237060547,29.030000686645508,28.149999618530273,28.524999618530273,17.58833885192871,57900800
2001-09-04,28.594999313354492,29.540000915527344,28.03499984741211,28.049999237060547,17.295459747314453,67189200
2001-09-05,28.09000015258789,29.19499969482422,27.69499969482422,28.8700008392334,17.801063537597656,89470600
2001-09-06,28.280000686645508,29.19499969482422,27.950000762939453,28.010000228881836,17.270795822143555,112356800
2001-09-07,28.05500030517578,28.68000030517578,27.655000686645508,27.700000762939453,17.079652786254883,89863800
2001-09-10,27.459999084472656,28.975000381469727,27.350000381469727,28.790000915527344,17.751741409301758,84471800
2001-09-17,27.010000228881836,27.549999237060547,26.399999618530273,26.454999923706055,16.31199836730957,127502000
2001-09-18,26.704999923706055,27.5,26.584999084472656,27.15999984741211,16.746685028076172,83182600
2001-09-19,27.229999542236328,27.350000381469727,25.299999237060547,26.934999465942383,16.607952117919922,126950200
2001-09-20,26.174999237060547,26.30500030517578,25.334999084472656,25.3799991607666,15.649151802062988,117983200
2001-09-21,23.959999084472656,25.299999237060547,23.75,24.854999542236328,15.325440406799316,184976600
2001-09-24,25.325000762939453,26.225000381469727,24.934999465942383,26.0049991607666,16.03451919555664,85580200
2001-09-25,26.135000228881836,26.5,25.079999923706055,25.649999618530273,15.815633773803711,84940600
2001-09-26,25.7549991607666,25.899999618530273,24.774999618530273,25.135000228881836,15.498090744018555,58524400
2001-09-27,25.049999237060547,25.34000015258789,24.0,24.979999542236328,15.402518272399902,81191200
2001-09-28,24.809999465942383,25.795000076293945,24.489999771118164,25.584999084472656,15.775548934936523,116641200
2001-10-01,25.469999313354492,26.25,25.204999923706055,25.895000457763672,15.966693878173828,69999600
2001-10-02,25.815000534057617,26.774999618530273,25.780000686645508,26.524999618530273,16.355159759521484,80860800
2001-10-03,26.239999771118164,28.46500015258789,26.200000762939453,28.114999771118164,17.335542678833008,97199200
2001-10-04,28.459999084472656,29.200000762939453,28.104999542236328,28.219999313354492,17.400279998779297,101778000
2001-10-05,28.079999923706055,29.0,27.469999313354492,28.860000610351562,17.794898986816406,80844400
2001-10-08,28.399999618530273,29.325000762939453,28.3700008392334,29.020000457763672,17.893556594848633,60605800
2001-10-09,28.75,28.78499984741211,27.094999313354492,27.280000686645508,16.820688247680664,99477600
2001-10-10,26.799999237060547,27.875,26.5,27.7549991607666,17.11355972290039,86349200
2001-10-11,27.8799991607666,28.420000076293945,27.295000076293945,28.15999984741211,17.363285064697266,83742600
2001-10-12,27.850000381469727,28.31999969482422,27.274999618530273,28.190000534057617,17.38178253173828,63307000
2001-10-15,27.950000762939453,29.25,27.924999237060547,29.030000686645508,17.899723052978516,68437000
2001-10-16,28.934999465942383,29.454999923706055,28.604999542236328,29.225000381469727,18.019960403442383,66169000
2001-10-17,29.559999465942383,29.649999618530273,27.989999771118164,28.014999389648438,17.27387046813965,73710600
2001-10-18,28.170000076293945,28.790000915527344,27.75,28.375,17.495847702026367,78348000
2001-10-19,28.700000762939453,29.0049991607666,27.815000534057617,28.950000762939453,17.850400924682617,91219600
2001-10-22,28.950000762939453,30.09000015258789,28.735000610351562,30.079999923706055,18.54714584350586,72323600
2001-10-23,30.235000610351562,30.719999313354492,29.700000762939453,30.21500015258789,18.6303768157959,80325000
2001-10-24,30.25,30.809999465942383,29.809999465942383,30.65999984741211,18.904769897460938,79141400
2001-10-25,30.30500030517578,31.299999237060547,29.78499984741211,31.280000686645508,19.287063598632812,75318200
2001-10-26,31.15999984741211,31.815000534057617,31.040000915527344,31.100000381469727,19.17607307434082,64509400
2001-10-29,31.049999237060547,31.100000381469727,29.770000457763672,29.81999969482422,18.386837005615234,55129400
2001-10-30,29.459999084472656,29.770000457763672,29.094999313354492,29.440000534057617,18.152524948120117,57395600
2001-10-31,29.649999618530273,30.364999771118164,29.049999237060547,29.075000762939453,17.927471160888672,64700000
2001-11-01,30.040000915527344,31.125,29.799999237060547,30.920000076293945,19.065080642700195,109671200
2001-11-02,30.96500015258789,31.510000228881836,30.2549991607666,30.700000762939453,18.929433822631836,83360000
2001-11-05,30.93000030517578,32.01499938964844,30.875,31.635000228881836,19.505945205688477,66401600
2001-11-06,31.350000381469727,32.470001220703125,31.079999923706055,32.38999938964844,19.97147560119629,68612000
2001-11-07,32.11000061035156,32.525001525878906,32.01499938964844,32.125,19.808082580566406,58899000
2001-11-08,32.22999954223633,33.029998779296875,31.829999923706055,32.209999084472656,19.860488891601562,74227800
2001-11-09,32.16999816894531,32.82500076293945,31.954999923706055,32.60499954223633,20.104036331176758,48013600
2001-11-12,32.349998474121094,33.220001220703125,31.825000762939453,32.89500045776367,20.282855987548828,57752800
2001-11-13,33.400001525878906,33.974998474121094,33.29999923706055,33.95000076293945,20.93335723876953,60159600
2001-11-14,34.1150016784668,34.16999816894531,32.89500045776367,32.974998474121094,20.332183837890625,88625600
2001-11-15,33.04999923706055,33.525001525878906,32.724998474121094,33.060001373291016,20.38459587097168,77922000
2001-11-16,33.18000030517578,33.30500030517578,32.474998474121094,32.875,20.270524978637695,59249000
2001-11-19,33.125,33.48500061035156,32.849998474121094,33.27000045776367,20.514080047607422,56005000
2001-11-20,33.224998474121094,33.900001525878906,32.51499938964844,32.70000076293945,20.162622451782227,65921800
2001-11-21,32.18000030517578,32.29999923706055,31.739999771118164,32.025001525878906,19.746427536010742,50785200
2001-11-23,32.189998626708984,32.404998779296875,31.809999465942383,32.35499954223633,19.94989776611328,15754600
2001-11-26,32.494998931884766,32.85499954223633,32.20000076293945,32.56999969482422,20.082462310791016,41983600
2001-11-27,32.39500045776367,32.53499984741211,31.375,31.8700008392334,19.650850296020508,90819000
2001-11-28,31.584999084472656,32.060001373291016,31.364999771118164,31.399999618530273,19.361045837402344,54536600
2001-11-29,31.559999465942383,32.45000076293945,31.475000381469727,32.41999816894531,19.98997688293457,54034400
2001-11-30,32.33000183105469,32.540000915527344,31.96500015258789,32.10499954223633,19.795751571655273,48234200
2001-12-03,31.915000915527344,32.6150016784668,31.899999618530273,32.3849983215332,19.9683895111084,47211800
2001-12-04,32.5,33.040000915527344,32.04999923706055,33.0,20.347599029541016,51005800
2001-12-05,33.244998931884766,34.084999084472656,32.599998474121094,34.04999923706055,20.99501609802246,74243000
2001-12-06,33.9900016784668,34.5,33.775001525878906,34.32500076293945,21.164587020874023,56026200
2001-12-07,34.125,34.41999816894531,33.275001525878906,33.915000915527344,20.91179084777832,42334800
2001-12-10,33.7599983215332,34.224998474121094,33.43000030517578,33.529998779296875,20.67439079284668,38367400
2001-12-11,33.83000183105469,34.064998626708984,33.53499984741211,33.65999984741211,20.754547119140625,54334000
2001-12-12,33.58000183105469,33.9900016784668,33.125,33.974998474121094,20.94877815246582,47884200
2001-12-13,33.564998626708984,34.119998931884766,33.03499984741211,33.1349983215332,20.430831909179688,53227800
2001-12-14,33.0099983215332,33.974998474121094,32.96500015258789,33.720001220703125,20.791555404663086,43000600
2001-12-17,33.584999084472656,34.55500030517578,33.58000183105469,34.4900016784668,21.266326904296875,57079800
2001-12-18,34.459999084472656,34.70000076293945,34.29999923706055,34.6349983215332,21.355722427368164,47255200
2001-12-19,34.310001373291016,34.94499969482422,34.224998474121094,34.744998931884766,21.423551559448242,56996200
2001-12-20,34.57500076293945,34.625,33.310001373291016,33.380001068115234,20.5819034576416,78585000
2001-12-21,34.005001068115234,34.0099983215332,33.5,33.77000045776367,20.82238006591797,84307600
2001-12-24,33.86000061035156,34.01499938964844,33.599998474121094,33.6349983215332,20.739133834838867,11701600
2001-12-26,33.709999084472656,34.53499984741211,33.69499969482422,33.84000015258789,20.865535736083984,29328000
2001-12-27,33.9900016784668,34.35499954223633,33.630001068115234,33.92499923706055,20.91794776916504,32406600
2001-12-28,34.1150016784668,34.42499923706055,33.849998474121094,33.935001373291016,20.92411231994629,28787200
2001-12-31,33.91999816894531,34.2400016784668,33.125,33.125,20.424673080444336,43006200
2002-01-02,33.32500076293945,33.55500030517578,32.755001068115234,33.52000045776367,20.668228149414062,48124000
2002-01-03,33.55500030517578,34.625,33.54499816894531,34.6150016784668,21.343406677246094,67590800
2002-01-04,34.625,34.95500183105469,34.334999084472656,34.45000076293945,21.241661071777344,52731400
2002-01-07,34.875,35.0099983215332,34.17499923706055,34.279998779296875,21.136837005615234,58508800
2002-01-08,34.345001220703125,34.93000030517578,34.0,34.689998626708984,21.3896427154541,47736400
2002-01-09,34.86000061035156,35.310001373291016,34.275001525878906,34.35499954223633,21.183074951171875,76304000
2002-01-10,34.2400016784668,34.900001525878906,34.064998626708984,34.63999938964844,21.35881805419922,50296600
2002-01-11,34.7599983215332,35.15999984741211,34.04999923706055,34.30500030517578,21.15225601196289,72993200
2002-01-14,34.150001525878906,34.52000045776367,33.869998931884766,34.23500061035156,21.109094619750977,50997800
2002-01-15,34.33000183105469,34.810001373291016,34.25,34.775001525878906,21.44205093383789,60717400
2002-01-16,34.42499923706055,34.91999816894531,33.92499923706055,33.935001373291016,20.92411231994629,61955400
2002-01-17,34.26499938964844,35.0,34.20000076293945,34.93000030517578,21.53761863708496,78958000
2002-01-18,33.54999923706055,33.92499923706055,32.709999084472656,33.04999923706055,20.378429412841797,107140400
2002-01-22,33.30500030517578,33.314998626708984,32.125,32.22999954223633,19.87281608581543,76837200
2002-01-23,32.025001525878906,32.35499954223633,31.6200008392334,31.8700008392334,19.650850296020508,80403000
2002-01-24,32.04999923706055,32.59000015258789,31.899999618530273,32.29999923706055,19.915987014770508,83886000
2002-01-25,32.095001220703125,32.42499923706055,31.7549991607666,31.899999618530273,19.669355392456055,48981200
2002-01-28,32.1150016784668,32.20000076293945,31.454999923706055,31.90999984741211,19.675514221191406,41622000
2002-01-29,31.950000762939453,32.25,30.9950008392334,31.15999984741211,19.213071823120117,58666000
2002-01-30,31.225000381469727,31.450000762939453,30.665000915527344,31.424999237060547,19.376466751098633,66100000
2002-01-31,31.530000686645508,31.905000686645508,31.059999465942383,31.854999542236328,19.641599655151367,69566200
2002-02-01,32.07500076293945,32.25,31.235000610351562,31.329999923706055,19.317882537841797,63462200
2002-02-04,31.200000762939453,31.344999313354492,30.375,30.559999465942383,18.843109130859375,70308400
2002-02-05,30.399999618530273,31.114999771118164,30.25,30.575000762939453,18.852352142333984,66772600
2002-02-06,30.80500030517578,30.94499969482422,30.125,30.200000762939453,18.621139526367188,66103000
2002-02-07,30.149999618530273,30.80500030517578,29.875,29.899999618530273,18.4361629486084,63314000
2002-02-08,30.059999465942383,30.329999923706055,29.415000915527344,30.325000762939453,18.69821548461914,61283000
2002-02-11,30.0049991607666,30.6200008392334,29.795000076293945,30.565000534057617,18.846193313598633,50899600
2002-02-12,30.2450008392334,30.424999237060547,30.010000228881836,30.06999969482422,18.540977478027344,44973800
2002-02-13,30.1299991607666,30.940000534057617,29.975000381469727,30.90999984741211,19.058916091918945,54168600
2002-02-14,31.0,31.4950008392334,30.65999984741211,30.84000015258789,19.0157527923584,57267000
2002-02-15,30.850000381469727,31.030000686645508,30.100000381469727,30.114999771118164,18.5687255859375,50179800
2002-02-19,29.954999923706055,30.06999969482422,29.299999237060547,29.46500015258789,18.167936325073242,52262600
2002-02-20,29.700000762939453,30.18000030517578,29.399999618530273,29.950000762939453,18.46698570251465,50492000
2002-02-21,29.860000610351562,30.135000228881836,29.0049991607666,29.024999618530273,17.896635055541992,59398400
2002-02-22,29.024999618530273,29.375,28.575000762939453,28.9950008392334,17.878137588500977,71347800
2002-02-25,28.969999313354492,29.94499969482422,28.94499969482422,29.540000915527344,18.21417999267578,51832200
2002-02-26,29.549999237060547,30.0,28.950000762939453,29.274999618530273,18.05078887939453,63276200
2002-02-27,29.53499984741211,30.075000762939453,28.9950008392334,29.19499969482422,18.00145149230957,65750000
2002-02-28,29.389999389648438,29.850000381469727,29.06999969482422,29.170000076293945,17.986055374145508,68068000
2002-03-01,29.524999618530273,30.709999084472656,29.424999237060547,30.684999465942383,18.92018699645996,62115600
2002-03-04,30.6200008392334,31.75,30.434999465942383,31.649999618530273,19.51520347595215,74464200
2002-03-05,31.5,31.940000534057617,31.170000076293945,31.540000915527344,19.44737434387207,55926400
2002-03-06,31.454999923706055,31.850000381469727,31.094999313354492,31.815000534057617,19.616926193237305,49835400
2002-03-07,31.834999084472656,31.940000534057617,30.93000030517578,31.360000610351562,19.33638572692871,58079200
2002-03-08,31.815000534057617,32.349998474121094,31.584999084472656,31.975000381469727,19.715591430664062,57701800
2002-03-11,31.7549991607666,32.5,31.5,32.16999816894531,19.835824966430664,43718200
2002-03-12,31.260000228881836,31.399999618530273,30.834999084472656,31.270000457763672,19.280895233154297,66407200
2002-03-13,31.040000915527344,31.510000228881836,30.975000381469727,31.049999237060547,19.14524269104004,44387400
2002-03-14,31.06999969482422,31.1200008392334,30.524999618530273,30.610000610351562,18.873943328857422,51819600
2002-03-15,30.5,31.2549991607666,30.485000610351562,31.2450008392334,19.265474319458008,69086800
2002-03-18,31.3700008392334,31.4950008392334,30.600000381469727,31.06999969482422,19.15757179260254,52296800
2002-03-19,31.09000015258789,31.5,30.75,31.114999771118164,19.18532371520996,36376400
2002-03-20,30.700000762939453,31.010000228881836,30.049999237060547,30.049999237060547,18.528642654418945,55235200
2002-03-21,30.104999542236328,30.795000076293945,29.915000915527344,30.68000030517578,18.917104721069336,46123400
2002-03-22,30.524999618530273,30.56999969482422,30.110000610351562,30.225000381469727,18.636554718017578,41341400
2002-03-25,30.239999771118164,30.389999389648438,29.575000762939453,29.614999771118164,18.26043128967285,47752400
2002-03-26,29.549999237060547,30.459999084472656,29.155000686645508,29.540000915527344,18.21417999267578,69357200
2002-03-27,29.399999618530273,29.940000534057617,29.295000076293945,29.719999313354492,18.325172424316406,47318400
2002-03-28,29.975000381469727,30.325000762939453,29.829999923706055,30.155000686645508,18.5933837890625,43901200
2002-04-01,29.915000915527344,30.200000762939453,29.600000381469727,30.190000534057617,18.614961624145508,47010000
2002-04-02,29.450000762939453,29.545000076293945,28.55500030517578,28.639999389648438,17.65924835205078,76509400
2002-04-03,28.719999313354492,28.80500030517578,27.75,28.165000915527344,17.366363525390625,76931400
2002-04-04,27.989999771118164,28.485000610351562,27.709999084472656,28.225000381469727,17.403362274169922,61763800
2002-04-05,28.44499969482422,28.649999618530273,27.920000076293945,27.934999465942383,17.224546432495117,50166000
2002-04-08,27.149999618530273,28.655000686645508,27.1299991607666,28.610000610351562,17.640748977661133,73389600
2002-04-09,28.665000915527344,28.71500015258789,27.399999618530273,27.434999465942383,16.916250228881836,63413000
2002-04-10,27.559999465942383,28.55500030517578,27.530000686645508,28.149999618530273,17.357118606567383,75636400
2002-04-11,27.94499969482422,28.225000381469727,27.25,27.395000457763672,16.891584396362305,58165800
2002-04-12,27.575000762939453,28.1299991607666,27.43000030517578,27.96500015258789,17.243051528930664,52297600
2002-04-15,28.0,28.375,27.700000762939453,27.844999313354492,17.169050216674805,47388800
2002-04-16,28.200000762939453,29.049999237060547,28.18000030517578,28.905000686645508,17.82265853881836,51921600
2002-04-17,28.975000381469727,29.139999389648438,28.209999084472656,28.315000534057617,17.45885467529297,55158600
2002-04-18,28.395000457763672,28.655000686645508,26.34000015258789,28.184999465942383,17.378704071044922,74794800
2002-04-19,28.719999313354492,28.989999771118164,28.43000030517578,28.600000381469727,17.63458251953125,104268600
2002-04-22,28.260000228881836,28.350000381469727,27.5,27.795000076293945,17.13822364807129,51465200
2002-04-23,27.850000381469727,27.90999984741211,26.649999618530273,26.9950008392334,16.64495086669922,68281400
2002-04-24,26.924999237060547,27.21500015258789,26.5,26.510000228881836,16.34590721130371,61220400
2002-04-25,26.450000762939453,27.225000381469727,26.440000534057617,26.864999771118164,16.564802169799805,57290400
2002-04-26,27.03499984741211,27.225000381469727,25.729999542236328,25.75,15.877297401428223,62776600
2002-04-29,25.735000610351562,26.454999923706055,25.719999313354492,26.1200008392334,16.105436325073242,70246000
2002-04-30,26.049999237060547,26.649999618530273,25.959999084472656,26.1299991607666,16.11159324645996,77384000
2002-05-01,26.079999923706055,26.594999313354492,25.329999923706055,26.375,16.262664794921875,76413000
2002-05-02,26.31999969482422,27.03499984741211,25.575000762939453,25.604999542236328,15.787885665893555,79009200
2002-05-03,25.6299991607666,25.84000015258789,24.7549991607666,24.780000686645508,15.279196739196777,71628000
2002-05-06,24.719999313354492,25.270000457763672,24.184999465942383,24.309999465942383,14.989400863647461,66299400
2002-05-07,24.59000015258789,25.145000457763672,24.174999237060547,24.735000610351562,15.251455307006836,88385400
2002-05-08,25.635000228881836,27.485000610351562,25.610000610351562,27.485000610351562,16.94708251953125,101242000
2002-05-09,27.200000762939453,27.5,25.950000762939453,26.059999465942383,16.06844139099121,83288200
2002-05-10,26.264999389648438,26.334999084472656,24.9950008392334,25.024999618530273,15.430262565612793,64408800
2002-05-13,25.225000381469727,26.454999923706055,24.875,26.344999313354492,16.24416732788086,64819000
2002-05-14,27.200000762939453,27.549999237060547,26.989999771118164,27.440000534057617,16.919340133666992,64832400
2002-05-15,27.2450008392334,28.219999313354492,26.93000030517578,27.375,16.879255294799805,70412000
2002-05-16,27.354999542236328,28.014999389648438,27.325000762939453,27.8700008392334,17.184473037719727,53406400
2002-05-17,28.104999542236328,28.200000762939453,27.635000228881836,28.014999389648438,17.27387046813965,54646200
2002-05-20,27.75,27.774999618530273,26.75,27.0049991607666,16.651119232177734,52115800
2002-05-21,26.975000381469727,27.299999237060547,26.065000534057617,26.094999313354492,16.090017318725586,63120000
2002-05-22,25.934999465942383,26.860000610351562,25.924999237060547,26.844999313354492,16.552457809448242,54169400
2002-05-23,26.850000381469727,27.420000076293945,26.5049991607666,27.40999984741211,16.900840759277344,51412800
2002-05-24,27.06999969482422,27.260000228881836,26.520000457763672,26.6299991607666,16.41990089416504,35982000
2002-05-28,26.795000076293945,26.844999313354492,25.875,26.15999984741211,16.130096435546875,49602000
2002-05-29,25.825000762939453,26.360000610351562,25.774999618530273,26.024999618530273,16.046859741210938,45393200
2002-05-30,25.81999969482422,26.68000030517578,25.71500015258789,26.31999969482422,16.228755950927734,63213000
2002-05-31,26.450000762939453,26.709999084472656,25.440000534057617,25.454999923706055,15.695389747619629,66468000
2002-06-03,25.4950008392334,25.81999969482422,24.584999084472656,24.709999084472656,15.236032485961914,88439000
2002-06-04,24.75,25.614999771118164,24.6200008392334,24.989999771118164,15.40867805480957,88008400
2002-06-05,25.21500015258789,25.875,25.165000915527344,25.829999923706055,15.92662239074707,66969400
2002-06-06,25.75,26.06999969482422,25.0,25.950000762939453,16.000608444213867,78703400
2002-06-07,24.94499969482422,26.299999237060547,24.93000030517578,25.989999771118164,16.0252742767334,97834400
2002-06-10,25.825000762939453,26.649999618530273,25.729999542236328,26.40999984741211,16.284244537353516,71825400
2002-06-11,26.6200008392334,27.09000015258789,26.209999084472656,26.28499984741211,16.207162857055664,74368200
2002-06-12,26.290000915527344,27.889999389648438,26.25,27.770000457763672,17.12281608581543,136198600
2002-06-13,27.420000076293945,27.739999771118164,27.100000381469727,27.110000610351562,16.715864181518555,79771600
2002-06-14,26.575000762939453,27.774999618530273,26.5,27.625,17.033409118652344,109433600
2002-06-17,27.829999923706055,28.219999313354492,27.684999465942383,27.84000015258789,17.165971755981445,94486600
2002-06-18,27.764999389648438,28.145000457763672,27.674999237060547,27.9950008392334,17.26154327392578,77518400
2002-06-19,27.735000610351562,27.969999313354492,27.15999984741211,27.18000030517578,16.759021759033203,81247000
2002-06-20,27.184999465942383,27.549999237060547,26.950000762939453,27.049999237060547,16.678865432739258,86401200
2002-06-21,26.700000762939453,27.274999618530273,26.139999389648438,26.139999389648438,16.117765426635742,116820000
2002-06-24,26.045000076293945,27.31999969482422,25.924999237060547,27.079999923706055,16.697357177734375,104523200
2002-06-25,27.350000381469727,27.5,26.399999618530273,26.475000381469727,16.324329376220703,84025200
2002-06-26,25.524999618530273,27.19499969482422,25.524999618530273,27.065000534057617,16.68811798095703,112131400
2002-06-27,27.299999237060547,27.469999313354492,26.43000030517578,27.459999084472656,16.931669235229492,95812400
2002-06-28,27.274999618530273,27.895000457763672,27.0,27.350000381469727,16.863845825195312,89555600
2002-07-01,27.059999465942383,27.19499969482422,26.290000915527344,26.329999923706055,16.23491668701172,66473800
2002-07-02,26.190000534057617,26.459999084472656,25.665000915527344,25.719999313354492,15.858797073364258,82814200
2002-07-03,25.6200008392334,26.260000228881836,25.225000381469727,25.920000076293945,15.982115745544434,80936600
2002-07-05,26.545000076293945,27.450000762939453,26.524999618530273,27.424999237060547,16.91008949279785,35673600
2002-07-08,27.204999923706055,27.46500015258789,26.290000915527344,26.459999084472656,16.31507682800293,63199400
2002-07-09,26.655000686645508,27.364999771118164,26.485000610351562,26.604999542236328,16.40448760986328,85277200
2002-07-10,26.844999313354492,27.100000381469727,26.065000534057617,26.1200008392334,16.105436325073242,90673400
2002-07-11,26.020000457763672,26.53499984741211,25.625,26.454999923706055,16.31199836730957,129550600
2002-07-12,26.684999465942383,26.864999771118164,25.739999771118164,25.93000030517578,15.988274574279785,95733800
2002-07-15,25.69499969482422,25.93000030517578,24.0,25.899999618530273,15.969780921936035,136965600
2002-07-16,25.655000686645508,26.399999618530273,25.31999969482422,25.625,15.800217628479004,97154600
2002-07-17,26.260000228881836,26.649999618530273,25.584999084472656,26.0,16.031442642211914,98034800
2002-07-18,26.030000686645508,26.3700008392334,25.329999923706055,25.55500030517578,15.757057189941406,91053600
2002-07-19,24.934999465942383,25.44499969482422,24.405000686645508,24.780000686645508,15.279196739196777,112543400
2002-07-22,24.475000381469727,24.9950008392334,22.950000762939453,23.7549991607666,14.64719295501709,180069800
2002-07-23,23.2450008392334,23.399999618530273,21.485000610351562,21.5049991607666,13.259846687316895,168061600
2002-07-24,20.875,23.18000030517578,20.704999923706055,23.114999771118164,14.2525634765625,202307800
2002-07-25,22.725000381469727,22.854999542236328,21.219999313354492,21.415000915527344,13.204360008239746,163411400
2002-07-26,21.8700008392334,22.704999923706055,21.84000015258789,22.674999237060547,13.981266021728516,123538000
2002-07-29,23.424999237060547,24.149999618530273,23.274999618530273,24.125,14.875324249267578,112148600
2002-07-30,23.774999618530273,24.415000915527344,23.665000915527344,24.049999237060547,14.829078674316406,122690600
2002-07-31,23.80500030517578,24.0,23.18000030517578,23.989999771118164,14.792086601257324,93875600
2002-08-01,23.790000915527344,24.045000076293945,22.75,22.875,14.104585647583008,92002800
2002-08-02,22.7549991607666,22.924999237060547,21.899999618530273,22.204999923706055,13.691468238830566,85947600
2002-08-05,22.145000457763672,22.584999084472656,21.905000686645508,21.9950008392334,13.561980247497559,78941600
2002-08-06,22.450000762939453,23.625,22.420000076293945,22.834999084472656,14.079920768737793,88715800
2002-08-07,23.5,23.649999618530273,22.579999923706055,23.545000076293945,14.517704963684082,86349400
2002-08-08,23.55500030517578,24.5,23.204999923706055,24.454999923706055,15.0787992477417,88748000
2002-08-09,24.075000762939453,24.575000762939453,23.829999923706055,24.059999465942383,14.835253715515137,69049400
2002-08-12,23.80500030517578,24.375,23.799999237060547,24.235000610351562,14.94315242767334,56866600
2002-08-13,23.9950008392334,24.850000381469727,23.459999084472656,23.530000686645508,14.508456230163574,100122800
2002-08-14,23.625,24.864999771118164,23.604999542236328,24.854999542236328,15.325440406799316,96706000
2002-08-15,24.979999542236328,25.3700008392334,24.375,24.885000228881836,15.343936920166016,98745600
2002-08-16,24.71500015258789,25.114999771118164,24.459999084472656,25.0,15.414841651916504,69334000
2002-08-19,25.020000457763672,26.024999618530273,24.924999237060547,26.0,16.031442642211914,79848200
2002-08-20,25.690000534057617,25.850000381469727,25.375,25.520000457763672,15.7354736328125,70317600
2002-08-21,25.780000686645508,26.190000534057617,25.575000762939453,26.139999389648438,16.117765426635742,81203400
2002-08-22,26.424999237060547,26.725000381469727,26.299999237060547,26.614999771118164,16.410640716552734,72517600
2002-08-23,26.329999923706055,26.424999237060547,25.920000076293945,26.110000610351562,16.09926986694336,57929200
2002-08-26,26.25,26.325000762939453,25.59000015258789,26.049999237060547,16.062267303466797,55652400
2002-08-27,26.165000915527344,26.225000381469727,25.325000762939453,25.420000076293945,15.673819541931152,65470200
2002-08-28,25.239999771118164,25.329999923706055,24.649999618530273,24.690000534057617,15.223706245422363,68875000
2002-08-29,24.44499969482422,25.5,24.260000228881836,25.290000915527344,15.593661308288574,94275600
2002-08-30,25.06999969482422,25.239999771118164,24.5,24.540000915527344,15.13121223449707,58138400
2002-09-03,24.260000228881836,24.260000228881836,23.5,23.510000228881836,14.49612045288086,74452600
2002-09-04,23.725000381469727,24.299999237060547,23.575000762939453,24.104999542236328,14.862997055053711,80232000
2002-09-05,23.75,23.760000228881836,22.940000534057617,22.954999923706055,14.153912544250488,90438800
2002-09-06,23.875,24.135000228881836,23.735000610351562,23.90999984741211,14.742766380310059,69918400
2002-09-09,23.625,24.475000381469727,23.315000534057617,24.350000381469727,15.014070510864258,81653200
2002-09-10,24.270000457763672,24.90999984741211,24.174999237060547,24.895000457763672,15.350110054016113,83950000
2002-09-11,25.114999771118164,25.549999237060547,24.264999389648438,24.290000915527344,14.977068901062012,77443200
2002-09-12,24.075000762939453,24.149999618530273,23.510000228881836,23.575000762939453,14.536197662353516,63726800
2002-09-13,23.450000762939453,24.1299991607666,23.424999237060547,23.954999923706055,14.770500183105469,59549200
2002-09-16,23.799999237060547,24.065000534057617,23.524999618530273,23.889999389648438,14.730426788330078,50166200
2002-09-17,24.334999084472656,24.450000762939453,23.604999542236328,23.645000457763672,14.579363822937012,73343400
2002-09-18,23.360000610351562,24.1200008392334,23.329999923706055,23.875,14.721177101135254,83951800
2002-09-19,23.34000015258789,23.90999984741211,23.295000076293945,23.600000381469727,14.551617622375488,77777600
2002-09-20,23.854999542236328,24.0,23.649999618530273,23.729999542236328,14.631773948669434,130619200
2002-09-23,23.299999237060547,23.354999542236328,22.405000686645508,22.614999771118164,13.944272994995117,89783800
2002-09-24,22.415000915527344,23.239999771118164,22.315000534057617,22.81999969482422,14.070672035217285,104142200
2002-09-25,23.200000762939453,23.479999542236328,22.524999618530273,23.2549991607666,14.338890075683594,107116600
2002-09-26,23.55500030517578,23.75,22.975000381469727,23.100000381469727,14.243313789367676,100852200
2002-09-27,23.020000457763672,23.549999237060547,22.594999313354492,22.625,13.950437545776367,81011600
2002-09-30,22.434999465942383,22.520000457763672,21.55500030517578,21.8700008392334,13.48490047454834,115577000
2002-10-01,22.15999984741211,23.125,21.594999313354492,23.114999771118164,14.2525634765625,110636600
2002-10-02,23.049999237060547,23.405000686645508,22.579999923706055,22.80500030517578,14.061421394348145,103488600
2002-10-03,22.649999618530273,23.295000076293945,22.299999237060547,22.399999618530273,13.811699867248535,105221400
2002-10-04,22.69499969482422,22.78499984741211,21.844999313354492,21.885000228881836,13.494153022766113,107120400
2002-10-07,21.905000686645508,22.530000686645508,21.844999313354492,22.024999618530273,13.580476760864258,89790000
2002-10-08,22.375,22.989999771118164,22.065000534057617,22.4950008392334,13.870285034179688,115667600
2002-10-09,22.114999771118164,22.725000381469727,21.905000686645508,21.9950008392334,13.561980247497559,123142600
2002-10-10,22.0,23.309999465942383,21.625,23.190000534057617,14.298812866210938,118515000
2002-10-11,23.68000030517578,24.450000762939453,23.5049991607666,24.434999465942383,15.066465377807617,108828800
2002-10-14,24.125,24.665000915527344,23.920000076293945,24.645000457763672,15.195953369140625,76216200
2002-10-15,25.6299991607666,26.184999465942383,25.325000762939453,26.145000457763672,16.120849609375,133374200
2002-10-16,25.19499969482422,25.6299991607666,25.139999389648438,25.204999923706055,15.541244506835938,95437400
2002-10-17,26.139999389648438,26.25,25.024999618530273,25.385000228881836,15.652239799499512,182602400
2002-10-18,26.299999237060547,26.600000381469727,25.56999969482422,26.575000762939453,16.385976791381836,152817200
2002-10-21,25.985000610351562,26.4950008392334,25.68000030517578,26.2549991607666,16.188669204711914,112378600
2002-10-22,25.71500015258789,25.96500015258789,25.514999389648438,25.834999084472656,15.929706573486328,87159000
2002-10-23,25.71500015258789,26.6299991607666,25.71500015258789,26.600000381469727,16.401399612426758,110866600
2002-10-24,26.68000030517578,26.684999465942383,25.450000762939453,25.614999771118164,15.794053077697754,95833400
2002-10-25,25.625,26.399999618530273,25.579999923706055,26.34000015258789,16.241086959838867,75425800
2002-10-28,26.700000762939453,26.75,25.7549991607666,25.975000381469727,16.016029357910156,79906600
2002-10-29,26.075000762939453,26.2450008392334,25.424999237060547,26.03499984741211,16.053022384643555,90517200
2002-10-30,26.100000381469727,26.69499969482422,25.815000534057617,26.55500030517578,16.373655319213867,94451200
2002-10-31,26.594999313354492,27.03499984741211,26.424999237060547,26.735000610351562,16.484642028808594,105973800
2002-11-01,26.21500015258789,26.6200008392334,25.950000762939453,26.5,16.339740753173828,105097800
2002-11-04,28.375,28.625,27.760000228881836,28.049999237060547,17.295459747314453,139964200
2002-11-05,27.889999389648438,28.399999618530273,27.790000915527344,28.34000015258789,17.474273681640625,76658200
2002-11-06,28.4950008392334,28.549999237060547,27.764999389648438,28.514999389648438,17.582178115844727,115407000
2002-11-07,28.100000381469727,28.309999465942383,27.75,28.0049991607666,17.267717361450195,73699600
2002-11-08,28.0,28.274999618530273,27.5049991607666,27.549999237060547,16.98716163635254,64522200
2002-11-11,27.53499984741211,27.549999237060547,26.90999984741211,26.93000030517578,16.604877471923828,58341200
2002-11-12,27.049999237060547,27.71500015258789,26.950000762939453,27.2549991607666,16.805273056030273,81398600
2002-11-13,27.1200008392334,27.96500015258789,27.05500030517578,27.68000030517578,17.067325592041016,107370200
2002-11-14,27.9950008392334,28.5,27.934999465942383,28.4950008392334,17.569843292236328,78337000
2002-11-15,28.299999237060547,28.459999084472656,27.834999084472656,28.344999313354492,17.477359771728516,77533600
2002-11-18,28.475000381469727,28.514999389648438,27.8700008392334,27.924999237060547,17.218381881713867,58086400
2002-11-19,27.774999618530273,27.899999618530273,27.155000686645508,27.43000030517578,16.913169860839844,76403400
2002-11-20,27.5049991607666,28.450000762939453,27.46500015258789,28.309999465942383,17.45577621459961,76435400
2002-11-21,28.489999771118164,29.0,28.389999389648438,28.920000076293945,17.831899642944336,82922200
2002-11-22,28.725000381469727,29.149999618530273,28.524999618530273,29.110000610351562,17.949054718017578,70002000
2002-11-25,29.030000686645508,29.31999969482422,28.78499984741211,29.114999771118164,17.952125549316406,61583000
2002-11-26,28.81999969482422,29.125,28.389999389648438,28.450000762939453,17.54210090637207,68650400
2002-11-27,28.799999237060547,29.30500030517578,28.700000762939453,29.040000915527344,17.905887603759766,55191800
2002-11-29,29.21500015258789,29.315000534057617,28.84000015258789,28.84000015258789,17.782575607299805,28393000
2002-12-02,29.325000762939453,29.479999542236328,28.5049991607666,28.844999313354492,17.785661697387695,63735000
2002-12-03,28.639999389648438,28.674999237060547,28.204999923706055,28.354999542236328,17.483524322509766,58457400
2002-12-04,28.065000534057617,28.719999313354492,27.90999984741211,28.270000457763672,17.43111228942871,83892000
2002-12-05,28.475000381469727,28.545000076293945,27.649999618530273,27.670000076293945,17.061153411865234,68435800
2002-12-06,27.434999465942383,27.8700008392334,27.110000610351562,27.735000610351562,17.101240158081055,71670200
2002-12-09,27.5,27.610000610351562,26.7549991607666,26.764999389648438,16.503128051757812,63862800
2002-12-10,26.780000686645508,27.239999771118164,26.739999771118164,27.0049991607666,16.651119232177734,63730200
2002-12-11,26.924999237060547,27.5049991607666,26.790000915527344,27.329999923706055,16.851516723632812,69186200
2002-12-12,27.5,27.530000686645508,26.844999313354492,27.084999084472656,16.700441360473633,55242000
2002-12-13,26.84000015258789,26.875,26.2450008392334,26.25,16.18558692932129,65245400
2002-12-16,26.5,27.274999618530273,26.334999084472656,27.239999771118164,16.796018600463867,60140400
2002-12-17,27.209999084472656,27.4950008392334,26.889999389648438,27.18000030517578,16.759021759033203,49549800
2002-12-18,26.920000076293945,27.200000762939453,26.395000457763672,26.764999389648438,16.503128051757812,62709400
2002-12-19,26.625,27.375,26.440000534057617,26.55500030517578,16.373655319213867,82686600
2002-12-20,26.7450008392334,26.860000610351562,26.475000381469727,26.520000457763672,16.35207176208496,98294600
2002-12-23,26.524999618530273,27.139999389648438,26.450000762939453,27.0,16.648027420043945,48798400
2002-12-24,26.770000457763672,27.114999771118164,26.760000228881836,26.90999984741211,16.59254264831543,18386000
2002-12-26,27.014999389648438,27.344999313354492,26.584999084472656,26.69499969482422,16.459980010986328,37228000
2002-12-27,26.639999389648438,27.0,26.450000762939453,26.485000610351562,16.33048439025879,40891600
2002-12-30,26.5049991607666,26.6200008392334,26.135000228881836,26.375,16.262664794921875,48019600
2002-12-31,26.3700008392334,26.4950008392334,25.6299991607666,25.850000381469727,15.938952445983887,58208800
2003-01-02,26.149999618530273,26.875,25.854999542236328,26.860000610351562,16.561716079711914,67025200
2003-01-03,26.795000076293945,26.899999618530273,26.440000534057617,26.895000457763672,16.583290100097656,55546800
2003-01-06,27.010000228881836,27.614999771118164,26.899999618530273,27.385000228881836,16.885425567626953,59456200
2003-01-07,27.459999084472656,28.0049991607666,27.34000015258789,27.899999618530273,17.202964782714844,80517400
2003-01-08,27.684999465942383,27.774999618530273,27.05500030517578,27.1200008392334,16.72201919555664,64566000
2003-01-09,27.360000610351562,27.959999084472656,27.264999389648438,27.905000686645508,17.206056594848633,61808000
2003-01-10,27.549999237060547,28.149999618530273,27.450000762939453,27.959999084472656,17.23996353149414,67730200
2003-01-13,28.260000228881836,28.375,27.885000228881836,28.19499969482422,17.384864807128906,60817800
2003-01-14,28.165000915527344,28.5,28.094999313354492,28.485000610351562,17.563678741455078,54206400
2003-01-15,28.5,28.65999984741211,28.094999313354492,28.135000228881836,17.347867965698242,59622600
2003-01-16,28.15999984741211,28.325000762939453,27.55500030517578,27.674999237060547,17.064241409301758,81371000
2003-01-17,26.469999313354492,26.5,25.655000686645508,25.729999542236328,15.864957809448242,155876000
2003-01-21,25.934999465942383,26.075000762939453,25.645000457763672,25.665000915527344,15.82487964630127,86159200
2003-01-22,25.795000076293945,26.200000762939453,25.454999923706055,25.5,15.723143577575684,86948000
2003-01-23,25.975000381469727,26.270000457763672,25.729999542236328,26.139999389648438,16.117765426635742,71374800
2003-01-24,26.014999389648438,26.024999618530273,24.850000381469727,24.924999237060547,15.36860179901123,103027000
2003-01-27,24.65999984741211,25.299999237060547,24.204999923706055,24.584999084472656,15.158953666687012,114838600
2003-01-28,24.844999313354492,24.850000381469727,24.280000686645508,24.40999984741211,15.051056861877441,86151200
2003-01-29,24.364999771118164,25.020000457763672,23.96500015258789,24.954999923706055,15.38709831237793,106884000
2003-01-30,25.079999923706055,25.084999084472656,24.094999313354492,24.1200008392334,14.872241020202637,87877400
2003-01-31,23.725000381469727,24.174999237060547,23.514999389648438,23.729999542236328,14.631773948669434,106858400
2003-02-03,23.96500015258789,24.549999237060547,23.729999542236328,24.280000686645508,14.970905303955078,80129800
2003-02-04,23.899999618530273,23.969999313354492,23.440000534057617,23.65999984741211,14.588621139526367,81854800
2003-02-05,23.915000915527344,24.264999389648438,23.364999771118164,23.479999542236328,14.477621078491211,101072000
2003-02-06,23.43000030517578,23.809999465942383,23.280000686645508,23.709999084472656,14.619439125061035,83312000
2003-02-07,23.940000534057617,23.975000381469727,23.204999923706055,23.290000915527344,14.360468864440918,75208000
2003-02-10,23.399999618530273,23.760000228881836,23.270000457763672,23.690000534057617,14.607109069824219,74081400
2003-02-11,23.649999618530273,23.834999084472656,23.0,23.219999313354492,14.31731128692627,84292000
2003-02-12,23.274999618530273,23.549999237060547,23.1299991607666,23.219999313354492,14.31731128692627,71315200
2003-02-13,23.204999923706055,23.559999465942383,23.065000534057617,23.4950008392334,14.486870765686035,73558200
2003-02-14,23.625,24.25,23.385000228881836,24.149999618530273,14.890743255615234,90446400
2003-02-18,24.6200008392334,24.989999771118164,24.399999618530273,24.959999084472656,15.390185356140137,57415500
2003-02-19,24.81999969482422,24.8799991607666,24.170000076293945,24.530000686645508,15.173677444458008,46902700
2003-02-20,24.770000457763672,24.8700008392334,24.100000381469727,24.139999389648438,14.932435989379883,50897200
2003-02-21,24.290000915527344,24.799999237060547,23.700000762939453,24.6299991607666,15.235546112060547,56853200
2003-02-24,24.440000534057617,24.5,23.84000015258789,24.06999969482422,14.889132499694824,62403700
2003-02-25,23.540000915527344,24.270000457763672,23.3799991607666,24.190000534057617,14.963369369506836,68113000
2003-02-26,24.06999969482422,24.469999313354492,23.579999923706055,23.610000610351562,14.604593276977539,57096000
2003-02-27,23.899999618530273,24.209999084472656,23.299999237060547,23.579999923706055,14.586031913757324,75434300
2003-02-28,23.739999771118164,24.06999969482422,23.549999237060547,23.700000762939453,14.660262107849121,56585400
2003-03-03,24.020000457763672,24.1200008392334,23.399999618530273,23.540000915527344,14.561287879943848,50653500
2003-03-04,23.579999923706055,23.65999984741211,23.059999465942383,23.06999969482422,14.270566940307617,56605700
2003-03-05,23.06999969482422,23.549999237060547,23.049999237060547,23.440000534057617,14.499429702758789,55415900
2003-03-06,23.170000076293945,23.5,23.1299991607666,23.270000457763672,14.394275665283203,54607600
2003-03-07,22.950000762939453,23.790000915527344,22.899999618530273,23.559999465942383,14.573657989501953,66167600
2003-03-10,23.309999465942383,23.459999084472656,22.889999389648438,22.950000762939453,14.196333885192871,48413600
2003-03-11,23.059999465942383,23.260000228881836,22.760000228881836,22.799999237060547,14.103540420532227,53990700
2003-03-12,22.809999465942383,23.440000534057617,22.549999237060547,23.389999389648438,14.468503952026367,72379500
2003-03-13,23.719999313354492,24.739999771118164,23.440000534057617,24.670000076293945,15.26028060913086,80701300
2003-03-14,24.68000030517578,24.959999084472656,24.260000228881836,24.860000610351562,15.377815246582031,75451400
2003-03-17,24.520000457763672,25.950000762939453,24.329999923706055,25.93000030517578,16.039688110351562,100983800
2003-03-18,25.889999389648438,26.040000915527344,25.5,26.040000915527344,16.10773468017578,78108800
2003-03-19,25.979999542236328,26.43000030517578,25.739999771118164,26.31999969482422,16.28093719482422,73652100
2003-03-20,26.020000457763672,26.520000457763672,25.670000076293945,26.25,16.237634658813477,71798500
2003-03-21,26.75,26.799999237060547,26.030000686645508,26.56999969482422,16.435583114624023,85586800
2003-03-24,25.549999237060547,25.93000030517578,25.18000030517578,25.290000915527344,15.643797874450684,61105200
2003-03-25,25.600000381469727,25.75,25.030000686645508,25.489999771118164,15.767520904541016,63595100
2003-03-26,25.459999084472656,25.6200008392334,25.239999771118164,25.25,15.619056701660156,51673600
2003-03-27,24.940000534057617,25.260000228881836,24.59000015258789,25.040000915527344,15.489157676696777,60043300
2003-03-28,24.670000076293945,25.100000381469727,24.600000381469727,24.670000076293945,15.26028060913086,39584600
2003-03-31,24.25,24.709999084472656,24.010000228881836,24.209999084472656,14.975735664367676,71384000
2003-04-01,24.459999084472656,24.700000762939453,24.25,24.350000381469727,15.062342643737793,49803200
2003-04-02,25.100000381469727,26.0,25.100000381469727,25.719999313354492,15.909797668457031,68282500
2003-04-03,25.989999771118164,26.09000015258789,25.600000381469727,25.729999542236328,15.915971755981445,57394300
2003-04-04,25.760000228881836,25.799999237060547,24.93000030517578,25.09000015258789,15.5200834274292,55740600
2003-04-07,26.229999542236328,26.43000030517578,25.170000076293945,25.170000076293945,15.569571495056152,65627100
2003-04-08,25.309999465942383,25.829999923706055,25.200000762939453,25.579999923706055,15.82318115234375,54132100
2003-04-09,25.610000610351562,25.670000076293945,24.540000915527344,24.56999969482422,15.198420524597168,76875800
2003-04-10,24.709999084472656,24.790000915527344,24.280000686645508,24.59000015258789,15.210794448852539,51608900
2003-04-11,24.889999389648438,25.18000030517578,23.950000762939453,24.200000762939453,14.969547271728516,71565500
2003-04-14,24.270000457763672,24.8799991607666,24.0,24.760000228881836,15.315957069396973,51599600
2003-04-15,24.68000030517578,24.790000915527344,24.100000381469727,24.600000381469727,15.216980934143066,63399000
2003-04-16,25.600000381469727,25.739999771118164,24.600000381469727,24.920000076293945,15.414921760559082,86178700
2003-04-17,24.770000457763672,25.540000915527344,24.739999771118164,25.5,15.773703575134277,58356600
2003-04-21,25.610000610351562,25.610000610351562,25.079999923706055,25.209999084472656,15.594308853149414,41557800
2003-04-22,25.059999465942383,25.799999237060547,25.030000686645508,25.760000228881836,15.934534072875977,58844000
2003-04-23,25.75,25.989999771118164,25.469999313354492,25.719999313354492,15.909797668457031,55559300
2003-04-24,25.479999542236328,25.719999313354492,25.31999969482422,25.489999771118164,15.767520904541016,51703600
2003-04-25,25.329999923706055,25.639999389648438,25.170000076293945,25.219999313354492,15.600506782531738,53657400
2003-04-28,25.389999389648438,25.940000534057617,25.31999969482422,25.739999771118164,15.922158241271973,56287600
2003-04-29,25.950000762939453,26.25,25.68000030517578,25.799999237060547,15.959275245666504,65877300
2003-04-30,25.729999542236328,25.8799991607666,25.25,25.56999969482422,15.816999435424805,55566800
2003-05-01,25.540000915527344,25.950000762939453,25.34000015258789,25.719999313354492,15.909797668457031,42085800
2003-05-02,25.649999618530273,26.290000915527344,25.559999465942383,26.100000381469727,16.14484977722168,52695400
2003-05-05,26.25,26.389999389648438,25.84000015258789,25.860000610351562,15.996387481689453,50391500
2003-05-06,25.860000610351562,26.5,25.81999969482422,26.3700008392334,16.31185531616211,54299500
2003-05-07,26.110000610351562,26.350000381469727,25.84000015258789,25.989999771118164,16.07680892944336,49120000
2003-05-08,25.75,26.139999389648438,25.709999084472656,25.739999771118164,15.922158241271973,46401400
2003-05-09,25.899999618530273,26.5,25.889999389648438,26.360000610351562,16.30567741394043,58913600
2003-05-12,26.149999618530273,26.469999313354492,26.059999465942383,26.200000762939453,16.20669937133789,53900800
2003-05-13,26.040000915527344,26.200000762939453,25.889999389648438,25.989999771118164,16.07680892944336,44501900
2003-05-14,26.079999923706055,26.18000030517578,25.540000915527344,25.6200008392334,15.847931861877441,45021000
2003-05-15,25.850000381469727,26.010000228881836,25.56999969482422,25.790000915527344,15.953093528747559,45450200
2003-05-16,25.8799991607666,26.049999237060547,25.40999984741211,25.56999969482422,15.816999435424805,60620900
2003-05-19,25.399999618530273,25.540000915527344,24.739999771118164,24.760000228881836,15.315957069396973,55336300
2003-05-20,24.860000610351562,25.0,24.5,24.6299991607666,15.235546112060547,52677600
2003-05-21,24.6299991607666,24.709999084472656,23.889999389648438,24.030000686645508,14.86439323425293,108960900
2003-05-22,24.200000762939453,24.270000457763672,24.040000915527344,24.15999984741211,14.944799423217773,93157100
2003-05-23,24.200000762939453,24.540000915527344,24.030000686645508,24.219999313354492,14.98193645477295,76968000
2003-05-27,24.25,24.889999389648438,24.219999313354492,24.790000915527344,15.334510803222656,68486800
2003-05-28,24.780000686645508,24.8700008392334,24.299999237060547,24.40999984741211,15.099452018737793,91467000
2003-05-29,24.469999313354492,24.670000076293945,24.229999542236328,24.399999618530273,15.093269348144531,75451300
2003-05-30,24.729999542236328,24.90999984741211,24.510000228881836,24.610000610351562,15.223169326782227,85096700
2003-06-02,24.979999542236328,25.030000686645508,24.56999969482422,24.639999389648438,15.241721153259277,66310800
2003-06-03,24.75,24.920000076293945,24.56999969482422,24.8799991607666,15.390181541442871,61058200
2003-06-04,24.989999771118164,25.219999313354492,24.739999771118164,24.8700008392334,15.38399887084961,83484600
2003-06-05,24.469999313354492,24.520000457763672,24.010000228881836,24.09000015258789,14.901509284973145,115877900
2003-06-06,24.440000534057617,24.559999465942383,23.649999618530273,23.670000076293945,14.641706466674805,119629400
2003-06-09,23.719999313354492,23.979999542236328,23.600000381469727,23.75,14.691194534301758,73610000
2003-06-10,23.940000534057617,24.75,23.850000381469727,24.68000030517578,15.266463279724121,80655300
2003-06-11,24.670000076293945,24.959999084472656,24.420000076293945,24.8799991607666,15.390181541442871,75768600
2003-06-12,24.969999313354492,25.139999389648438,24.739999771118164,24.989999771118164,15.45822525024414,66177700
2003-06-13,25.200000762939453,25.25,24.489999771118164,24.649999618530273,15.247906684875488,55157500
2003-06-16,24.799999237060547,25.420000076293945,24.670000076293945,25.389999389648438,15.705659866333008,69658600
2003-06-17,25.639999389648438,26.139999389648438,25.530000686645508,25.959999084472656,16.058250427246094,122213900
2003-06-18,25.979999542236328,26.43000030517578,25.709999084472656,26.06999969482422,16.126285552978516,89957700
2003-06-19,26.09000015258789,26.389999389648438,26.010000228881836,26.06999969482422,16.126285552978516,63626900
2003-06-20,26.34000015258789,26.3799991607666,26.010000228881836,26.329999923706055,16.2871150970459,86048900
2003-06-23,26.139999389648438,26.239999771118164,25.489999771118164,25.780000686645508,15.94690227508545,52584500
2003-06-24,25.649999618530273,26.040000915527344,25.520000457763672,25.700000762939453,15.89741039276123,51820300
2003-06-25,25.639999389648438,25.989999771118164,25.139999389648438,25.260000228881836,15.625239372253418,60483500
2003-06-26,25.389999389648438,26.510000228881836,25.209999084472656,25.75,15.928352355957031,51758100
2003-06-27,25.950000762939453,26.34000015258789,25.530000686645508,25.6299991607666,15.854110717773438,76040300
2003-06-30,25.940000534057617,26.1200008392334,25.5,25.639999389648438,15.860301971435547,48073100
2003-07-01,25.59000015258789,26.200000762939453,25.389999389648438,26.149999618530273,16.175769805908203,60926000
2003-07-02,26.5,26.93000030517578,26.450000762939453,26.8799991607666,16.627342224121094,94069300
2003-07-03,26.690000534057617,26.950000762939453,26.40999984741211,26.5,16.39228057861328,39440900
2003-07-07,27.020000457763672,27.549999237060547,26.950000762939453,27.420000076293945,16.96136474609375,88960800
2003-07-08,27.260000228881836,27.799999237060547,27.25,27.700000762939453,17.134571075439453,61896800
2003-07-09,27.559999465942383,27.700000762939453,27.25,27.469999313354492,16.99228858947754,62300700
2003-07-10,27.25,27.420000076293945,26.59000015258789,26.90999984741211,16.645891189575195,55350800
2003-07-11,26.950000762939453,27.450000762939453,26.889999389648438,27.309999465942383,16.893327713012695,50377300
2003-07-14,27.6299991607666,27.809999465942383,27.049999237060547,27.399999618530273,16.94900131225586,60464400
2003-07-15,27.469999313354492,27.530000686645508,27.100000381469727,27.270000457763672,16.86858367919922,53567600
2003-07-16,27.559999465942383,27.6200008392334,27.200000762939453,27.520000457763672,17.023221969604492,49838900
2003-07-17,27.139999389648438,27.270000457763672,26.540000915527344,26.690000534057617,16.50980567932129,72805000
2003-07-18,27.110000610351562,27.229999542236328,26.75,26.889999389648438,16.63352394104004,63388400
2003-07-21,26.8700008392334,26.90999984741211,26.0,26.040000915527344,16.10773468017578,48480800
2003-07-22,26.280000686645508,26.559999465942383,26.1299991607666,26.3799991607666,16.31804656982422,51791000
2003-07-23,26.420000076293945,26.649999618530273,26.139999389648438,26.450000762939453,16.361360549926758,49828200
2003-07-24,26.780000686645508,26.920000076293945,25.979999542236328,26.0,16.08298683166504,53556600
2003-07-25,26.280000686645508,26.950000762939453,26.06999969482422,26.889999389648438,16.63352394104004,54173000
2003-07-28,26.940000534057617,27.0,26.489999771118164,26.610000610351562,16.4603214263916,52658300
2003-07-29,26.8799991607666,26.899999618530273,26.239999771118164,26.469999313354492,16.37371253967285,62391100
2003-07-30,26.459999084472656,26.56999969482422,26.170000076293945,26.229999542236328,16.225263595581055,41240300
2003-07-31,26.600000381469727,26.989999771118164,26.309999465942383,26.40999984741211,16.33660316467285,64504800
2003-08-01,26.329999923706055,26.510000228881836,26.1200008392334,26.170000076293945,16.18815040588379,42649700
2003-08-04,26.149999618530273,26.40999984741211,25.75,26.18000030517578,16.19432830810547,51825600
2003-08-05,26.309999465942383,26.540000915527344,25.600000381469727,25.65999984741211,15.872669219970703,58825800
2003-08-06,25.540000915527344,26.190000534057617,25.43000030517578,25.649999618530273,15.86649227142334,56294900
2003-08-07,25.719999313354492,25.809999465942383,25.450000762939453,25.709999084472656,15.903599739074707,44258500
2003-08-08,25.8799991607666,25.979999542236328,25.5,25.579999923706055,15.82318115234375,33241400
2003-08-11,25.610000610351562,25.989999771118164,25.540000915527344,25.610000610351562,15.841745376586914,36433900
2003-08-12,25.709999084472656,25.770000457763672,25.450000762939453,25.729999542236328,15.915971755981445,38208400
2003-08-13,25.790000915527344,25.889999389648438,25.5,25.600000381469727,15.835561752319336,39636900
2003-08-14,25.65999984741211,25.709999084472656,25.520000457763672,25.6299991607666,15.854110717773438,37338300
2003-08-15,25.610000610351562,25.65999984741211,25.43000030517578,25.540000915527344,15.798442840576172,27607900
2003-08-18,25.559999465942383,25.829999923706055,25.459999084472656,25.700000762939453,15.89741039276123,45817400
2003-08-19,25.850000381469727,26.649999618530273,25.770000457763672,26.6200008392334,16.466508865356445,72952900
2003-08-20,26.299999237060547,26.530000686645508,26.0,26.450000762939453,16.361360549926758,56739300
2003-08-21,26.649999618530273,26.729999542236328,26.1299991607666,26.239999771118164,16.2314510345459,63802700
2003-08-22,26.780000686645508,26.950000762939453,26.209999084472656,26.219999313354492,16.21907615661621,65846300
2003-08-25,26.309999465942383,26.540000915527344,26.229999542236328,26.5,16.39228057861328,36132900
2003-08-26,26.309999465942383,26.670000076293945,25.959999084472656,26.56999969482422,16.435583114624023,47546000
2003-08-27,26.510000228881836,26.579999923706055,26.299999237060547,26.420000076293945,16.342790603637695,30633900
2003-08-28,26.5,26.579999923706055,26.239999771118164,26.510000228881836,16.398456573486328,46211200
2003-08-29,26.459999084472656,26.549999237060547,26.350000381469727,26.520000457763672,16.404645919799805,34503000
2003-09-02,26.700000762939453,27.299999237060547,26.469999313354492,27.260000228881836,16.862396240234375,74168900
2003-09-03,27.420000076293945,28.399999618530273,27.3799991607666,28.299999237060547,17.505720138549805,109437800
2003-09-04,28.100000381469727,28.469999313354492,27.989999771118164,28.43000030517578,17.586135864257812,59840800
2003-09-05,28.229999542236328,28.75,28.170000076293945,28.3799991607666,17.555204391479492,64024500
2003-09-08,28.389999389648438,28.920000076293945,28.34000015258789,28.84000015258789,17.839750289916992,46105300
2003-09-09,28.649999618530273,28.709999084472656,28.309999465942383,28.3700008392334,17.549013137817383,44315200
2003-09-10,28.030000686645508,28.18000030517578,27.479999542236328,27.549999237060547,17.04178810119629,54763500
2003-09-11,27.65999984741211,28.110000610351562,27.59000015258789,27.84000015258789,17.221166610717773,37813300
2003-09-12,27.479999542236328,28.399999618530273,27.450000762939453,28.34000015258789,17.530458450317383,55777200
2003-09-15,28.3700008392334,28.610000610351562,28.329999923706055,28.360000610351562,17.542827606201172,41432300
2003-09-16,28.40999984741211,28.950000762939453,28.31999969482422,28.899999618530273,17.87686538696289,52060600
2003-09-17,28.760000228881836,28.950000762939453,28.469999313354492,28.5,17.62943458557129,47221600
2003-09-18,28.489999771118164,29.510000228881836,28.420000076293945,29.5,18.248001098632812,67268100
2003-09-19,29.760000228881836,29.969999313354492,29.520000457763672,29.959999084472656,18.532550811767578,92433800
2003-09-22,29.389999389648438,30.0,28.809999465942383,29.06999969482422,17.98202133178711,65678700
2003-09-23,29.1200008392334,29.709999084472656,28.8799991607666,29.600000381469727,18.309864044189453,57827800
2003-09-24,29.610000610351562,29.700000762939453,28.420000076293945,28.459999084472656,17.604692459106445,66336500
2003-09-25,28.469999313354492,28.959999084472656,28.219999313354492,28.239999771118164,17.46860122680664,56224500
2003-09-26,28.270000457763672,28.780000686645508,28.139999389648438,28.190000534057617,17.437671661376953,49864700
2003-09-29,28.40999984741211,28.90999984741211,28.100000381469727,28.829999923706055,17.833568572998047,47380300
2003-09-30,28.59000015258789,28.610000610351562,27.75,27.799999237060547,17.196430206298828,63333700
2003-10-01,28.030000686645508,28.6299991607666,27.809999465942383,28.520000457763672,17.64179801940918,58375900
2003-10-02,28.450000762939453,28.75,28.190000534057617,28.5,17.62943458557129,38143600
2003-10-03,29.15999984741211,29.459999084472656,28.93000030517578,29.079999923706055,17.98820686340332,57303000
2003-10-06,29.149999618530273,29.299999237060547,28.90999984741211,29.190000534057617,18.056243896484375,34047600
2003-10-07,29.010000228881836,29.3700008392334,28.920000076293945,29.139999389648438,18.025318145751953,52356800
2003-10-08,29.360000610351562,29.360000610351562,28.68000030517578,28.81999969482422,17.827375411987305,46989100
2003-10-09,29.219999313354492,29.350000381469727,28.799999237060547,28.940000534057617,17.901609420776367,62653300
2003-10-10,28.90999984741211,29.200000762939453,28.670000076293945,28.90999984741211,17.88304328918457,37604700
2003-10-13,28.979999542236328,29.100000381469727,28.5,28.780000686645508,17.802627563476562,39320300
2003-10-14,28.65999984741211,28.770000457763672,28.479999542236328,28.68000030517578,17.740774154663086,34851300
2003-10-15,29.200000762939453,29.260000228881836,28.700000762939453,29.06999969482422,18.082902908325195,57242100
2003-10-16,28.90999984741211,29.309999465942383,28.799999237060547,29.229999542236328,18.182430267333984,42232500
2003-10-17,29.280000686645508,29.290000915527344,28.799999237060547,28.93000030517578,17.99581527709961,49960000
2003-10-20,28.950000762939453,29.3700008392334,28.799999237060547,29.350000381469727,18.257064819335938,38794500
2003-10-21,29.350000381469727,29.43000030517578,29.170000076293945,29.350000381469727,18.257064819335938,44166800
2003-10-22,29.030000686645508,29.209999084472656,28.799999237060547,28.889999389648438,17.9709415435791,48798500
2003-10-23,28.719999313354492,29.079999923706055,28.100000381469727,28.90999984741211,17.983373641967773,67357900
2003-10-24,27.270000457763672,27.399999618530273,26.420000076293945,26.610000610351562,16.552663803100586,210558300
2003-10-27,26.90999984741211,27.100000381469727,26.81999969482422,26.90999984741211,16.739276885986328,65619100
2003-10-28,27.09000015258789,27.219999313354492,26.8799991607666,27.200000762939453,16.919666290283203,71752600
2003-10-29,27.15999984741211,27.25,26.65999984741211,26.739999771118164,16.63353157043457,73551500
2003-10-30,27.010000228881836,27.040000915527344,25.90999984741211,26.1200008392334,16.247861862182617,98729400
2003-10-31,26.3700008392334,26.440000534057617,26.110000610351562,26.139999389648438,16.260299682617188,69623700
2003-11-03,26.350000381469727,26.75,26.290000915527344,26.68000030517578,16.596202850341797,57772300
2003-11-04,26.59000015258789,26.6200008392334,26.010000228881836,26.06999969482422,16.216754913330078,84026100
2003-11-05,26.149999618530273,26.31999969482422,26.0,26.100000381469727,16.23542022705078,61514400
2003-11-06,26.260000228881836,26.299999237060547,26.0,26.229999542236328,16.316293716430664,68189800
2003-11-07,26.3799991607666,26.489999771118164,26.030000686645508,26.100000381469727,16.23542022705078,57822100
2003-11-10,26.1200008392334,26.229999542236328,26.0,26.0,16.1732120513916,54579100
2003-11-11,26.010000228881836,26.079999923706055,25.670000076293945,25.799999237060547,16.04881477355957,64990700
2003-11-12,25.850000381469727,26.139999389648438,25.600000381469727,25.979999542236328,16.160778045654297,75877300
2003-11-13,25.860000610351562,25.93000030517578,25.450000762939453,25.690000534057617,15.980381965637207,78949500
2003-11-14,25.700000762939453,26.020000457763672,25.440000534057617,25.5,15.86219596862793,83146400
2003-11-17,25.389999389648438,25.440000534057617,24.84000015258789,25.149999618530273,15.6444730758667,103900200
2003-11-18,25.329999923706055,25.84000015258789,25.1200008392334,25.149999618530273,15.6444730758667,106868300
2003-11-19,25.290000915527344,25.540000915527344,25.170000076293945,25.350000381469727,15.768890380859375,78853300
2003-11-20,25.170000076293945,25.6299991607666,25.079999923706055,25.100000381469727,15.613378524780273,106845700
2003-11-21,25.329999923706055,25.3799991607666,25.079999923706055,25.110000610351562,15.619601249694824,70712900
2003-11-24,25.329999923706055,25.809999465942383,25.280000686645508,25.729999542236328,16.005264282226562,99463800
2003-11-25,25.8700008392334,25.950000762939453,25.3799991607666,25.399999618530273,15.799989700317383,85663800
2003-11-26,25.610000610351562,25.6299991607666,25.31999969482422,25.450000762939453,15.83109188079834,69758400
2003-11-28,25.5,25.75,25.399999618530273,25.709999084472656,15.992815971374512,33402600
2003-12-01,25.899999618530273,26.209999084472656,25.5,25.84000015258789,16.073692321777344,101914600
2003-12-02,25.950000762939453,26.09000015258789,25.610000610351562,25.65999984741211,15.961729049682617,85121700
2003-12-03,25.81999969482422,26.06999969482422,25.6200008392334,25.670000076293945,15.967939376831055,93121600
2003-12-04,25.719999313354492,26.229999542236328,25.65999984741211,26.200000762939453,16.297630310058594,87202400
2003-12-05,25.959999084472656,26.479999542236328,25.920000076293945,25.979999542236328,16.160778045654297,96610900
2003-12-08,26.1200008392334,26.34000015258789,25.809999465942383,26.239999771118164,16.322500228881836,90504000
2003-12-09,26.440000534057617,26.610000610351562,26.25,26.3799991607666,16.40959930419922,103547100
2003-12-10,26.450000762939453,26.6299991607666,26.3799991607666,26.59000015258789,16.540224075317383,82853700
2003-12-11,26.59000015258789,26.770000457763672,26.280000686645508,26.610000610351562,16.552663803100586,79309000
2003-12-12,26.690000534057617,26.809999465942383,26.5,26.649999618530273,16.57754135131836,69154100
2003-12-15,27.049999237060547,27.100000381469727,26.68000030517578,26.739999771118164,16.63353157043457,88860600
2003-12-16,26.829999923706055,27.15999984741211,26.770000457763672,27.059999465942383,16.832578659057617,73978000
2003-12-17,27.040000915527344,27.079999923706055,26.850000381469727,27.040000915527344,16.82014274597168,53712300
2003-12-18,27.100000381469727,27.450000762939453,27.049999237060547,27.399999618530273,17.04408836364746,61177800
2003-12-19,27.489999771118164,27.549999237060547,27.190000534057617,27.360000610351562,17.01919937133789,76856400
2003-12-22,27.15999984741211,27.43000030517578,26.969999313354492,27.18000030517578,16.90723419189453,43894800
2003-12-23,27.170000076293945,27.34000015258789,27.010000228881836,27.149999618530273,16.888559341430664,39609000
2003-12-24,27.139999389648438,27.15999984741211,27.0,27.040000915527344,16.82014274597168,19924200
2003-12-26,27.049999237060547,27.25,27.0,27.209999084472656,16.925884246826172,12076900
2003-12-29,27.209999084472656,27.530000686645508,27.15999984741211,27.459999084472656,17.081403732299805,40426700
2003-12-30,27.40999984741211,27.549999237060547,27.399999618530273,27.520000457763672,17.11872673034668,34406600
2003-12-31,27.420000076293945,27.549999237060547,27.229999542236328,27.3700008392334,17.02541732788086,42198900
2004-01-02,27.579999923706055,27.770000457763672,27.329999923706055,27.450000762939453,17.07518196105957,44487700
2004-01-05,27.729999542236328,28.18000030517578,27.719999313354492,28.139999389648438,17.504392623901367,67333700
2004-01-06,28.190000534057617,28.280000686645508,28.06999969482422,28.239999771118164,17.566598892211914,46950800
2004-01-07,28.170000076293945,28.309999465942383,28.010000228881836,28.209999084472656,17.547941207885742,54298200
2004-01-08,28.389999389648438,28.479999542236328,28.0,28.15999984741211,17.516843795776367,58810800
2004-01-09,28.030000686645508,28.059999465942383,27.59000015258789,27.65999984741211,17.2058162689209,67079900
2004-01-12,27.670000076293945,27.729999542236328,27.350000381469727,27.56999969482422,17.14983367919922,55845200
2004-01-13,27.549999237060547,27.639999389648438,27.260000228881836,27.43000030517578,17.062742233276367,51555900
2004-01-14,27.520000457763672,27.729999542236328,27.469999313354492,27.700000762939453,17.230697631835938,43907000
2004-01-15,27.549999237060547,27.719999313354492,27.420000076293945,27.540000915527344,17.13117027282715,58504100
2004-01-16,27.709999084472656,27.8799991607666,27.530000686645508,27.809999465942383,17.29911994934082,63983400
2004-01-20,27.979999542236328,28.200000762939453,27.93000030517578,28.100000381469727,17.47951316833496,63068500
2004-01-21,28.1299991607666,28.299999237060547,27.850000381469727,28.299999237060547,17.603923797607422,53570600
2004-01-22,28.360000610351562,28.440000534057617,27.940000534057617,28.010000228881836,17.423524856567383,78425200
2004-01-23,28.280000686645508,28.760000228881836,28.219999313354492,28.479999542236328,17.715892791748047,127259100
2004-01-26,28.489999771118164,28.829999923706055,28.31999969482422,28.799999237060547,17.914947509765625,58299600
2004-01-27,28.639999389648438,28.719999313354492,28.219999313354492,28.25,17.572816848754883,63196200
2004-01-28,28.299999237060547,28.440000534057617,27.469999313354492,27.709999084472656,17.23691177368164,71336000
2004-01-29,27.809999465942383,27.950000762939453,27.56999969482422,27.90999984741211,17.361324310302734,63748400
2004-01-30,27.84000015258789,27.899999618530273,27.549999237060547,27.649999618530273,17.1995906829834,40528700
2004-02-02,27.610000610351562,27.799999237060547,27.239999771118164,27.399999618530273,17.04408836364746,62891800
2004-02-03,27.399999618530273,27.549999237060547,27.18000030517578,27.290000915527344,16.97565460205078,47993800
2004-02-04,27.219999313354492,27.43000030517578,27.010000228881836,27.010000228881836,16.801490783691406,60648000
2004-02-05,27.059999465942383,27.170000076293945,26.829999923706055,26.959999084472656,16.7703800201416,55527500
2004-02-06,27.030000686645508,27.190000534057617,26.93000030517578,27.079999923706055,16.84502410888672,47209600
2004-02-09,27.190000534057617,27.229999542236328,26.850000381469727,26.899999618530273,16.733060836791992,48108500
2004-02-10,26.8700008392334,27.149999618530273,26.81999969482422,27.020000457763672,16.807703018188477,37790600
2004-02-11,26.969999313354492,27.229999542236328,26.850000381469727,27.149999618530273,16.888559341430664,51515300
2004-02-12,27.09000015258789,27.149999618530273,26.93000030517578,26.950000762939453,16.764162063598633,44537000
2004-02-13,26.979999542236328,27.059999465942383,26.5,26.59000015258789,16.540224075317383,67541100
2004-02-17,26.719999313354492,27.100000381469727,26.59000015258789,26.989999771118164,16.789039611816406,43477000
2004-02-18,26.899999618530273,27.110000610351562,26.739999771118164,26.770000457763672,16.652193069458008,50334700
2004-02-19,26.920000076293945,26.979999542236328,26.43000030517578,26.459999084472656,16.4593563079834,61840600
2004-02-20,26.65999984741211,26.799999237060547,26.5,26.56999969482422,16.52777862548828,57821900
2004-02-23,26.729999542236328,26.760000228881836,26.479999542236328,26.610000610351562,16.552663803100586,50256800
2004-02-24,26.610000610351562,26.950000762939453,26.549999237060547,26.8799991607666,16.720619201660156,55426500
2004-02-25,26.899999618530273,26.989999771118164,26.610000610351562,26.700000762939453,16.608644485473633,64275700
2004-02-26,26.59000015258789,26.649999618530273,26.40999984741211,26.5,16.484235763549805,66602700
2004-02-27,26.469999313354492,26.6200008392334,26.350000381469727,26.530000686645508,16.50290298461914,58266500
2004-03-01,26.6299991607666,26.719999313354492,26.5,26.700000762939453,16.608644485473633,51912300
2004-03-02,26.610000610351562,26.690000534057617,26.350000381469727,26.389999389648438,16.415813446044922,66331000
2004-03-03,26.350000381469727,26.549999237060547,26.219999313354492,26.3700008392334,16.40336799621582,54998700
2004-03-04,26.329999923706055,26.420000076293945,26.209999084472656,26.3700008392334,16.40336799621582,44023200
2004-03-05,26.229999542236328,26.600000381469727,26.200000762939453,26.350000381469727,16.39093589782715,59849800
2004-03-08,26.309999465942383,26.350000381469727,25.809999465942383,25.829999923706055,16.067468643188477,69367800
2004-03-09,25.799999237060547,25.969999313354492,25.540000915527344,25.719999313354492,15.999039649963379,81111700
2004-03-10,25.649999618530273,25.799999237060547,25.350000381469727,25.3700008392334,15.781332015991211,75155800
2004-03-11,25.18000030517578,25.780000686645508,25.06999969482422,25.09000015258789,15.607151985168457,90536300
2004-03-12,25.3799991607666,25.510000228881836,25.229999542236328,25.3799991607666,15.787540435791016,64137100
2004-03-15,25.299999237060547,25.43000030517578,25.059999465942383,25.15999984741211,15.6506986618042,68835300
2004-03-16,25.260000228881836,25.3700008392334,25.100000381469727,25.18000030517578,15.663139343261719,65453800
2004-03-17,25.25,25.459999084472656,25.110000610351562,25.1299991607666,15.632040023803711,56241400
2004-03-18,24.959999084472656,25.030000686645508,24.579999923706055,24.889999389648438,15.482742309570312,123231000
2004-03-19,24.770000457763672,24.940000534057617,24.559999465942383,24.6299991607666,15.321014404296875,86281600
2004-03-22,24.479999542236328,24.84000015258789,24.010000228881836,24.5,15.240143775939941,127605200
2004-03-23,24.649999618530273,24.65999984741211,24.110000610351562,24.149999618530273,15.022428512573242,91696300
2004-03-24,24.3799991607666,24.579999923706055,24.18000030517578,24.40999984741211,15.184160232543945,97584700
2004-03-25,24.600000381469727,25.239999771118164,24.579999923706055,25.190000534057617,15.669357299804688,85677900
2004-03-26,25.110000610351562,25.510000228881836,25.0,25.030000686645508,15.569828033447266,61584900
2004-03-29,25.25,25.399999618530273,25.0,25.309999465942383,15.744009017944336,51881600
2004-03-30,25.209999084472656,25.329999923706055,25.030000686645508,25.200000762939453,15.675580024719238,59010400
2004-03-31,25.200000762939453,25.200000762939453,24.8700008392334,24.93000030517578,15.5076322555542,70533200
2004-04-01,24.950000762939453,25.110000610351562,24.850000381469727,25.079999923706055,15.60093879699707,69051900
2004-04-02,25.479999542236328,25.899999618530273,25.440000534057617,25.850000381469727,16.07990264892578,98043800
2004-04-05,25.809999465942383,25.979999542236328,25.729999542236328,25.950000762939453,16.142108917236328,53800300
2004-04-06,25.770000457763672,25.899999618530273,25.65999984741211,25.799999237060547,16.04881477355957,48992000
2004-04-07,25.739999771118164,25.780000686645508,25.350000381469727,25.59000015258789,15.918179512023926,63268900
2004-04-08,25.81999969482422,25.850000381469727,25.360000610351562,25.479999542236328,15.84975814819336,45294600
2004-04-12,25.479999542236328,25.739999771118164,25.43000030517578,25.610000610351562,15.930614471435547,38786800
2004-04-13,25.68000030517578,25.770000457763672,25.40999984741211,25.450000762939453,15.83109188079834,56971500
2004-04-14,25.389999389648438,25.68000030517578,25.3799991607666,25.510000228881836,15.868409156799316,61079600
2004-04-15,25.530000686645508,25.729999542236328,25.100000381469727,25.219999313354492,15.688021659851074,73756900
2004-04-16,25.329999923706055,25.399999618530273,25.110000610351562,25.15999984741211,15.6506986618042,51768600
2004-04-19,25.079999923706055,25.600000381469727,25.059999465942383,25.530000686645508,15.880855560302734,44592100
2004-04-20,25.649999618530273,25.8799991607666,25.280000686645508,25.329999923706055,15.756450653076172,59902600
2004-04-21,25.360000610351562,25.489999771118164,25.200000762939453,25.450000762939453,15.83109188079834,49252000
2004-04-22,25.510000228881836,25.989999771118164,25.469999313354492,25.950000762939453,16.142108917236328,99207700
2004-04-23,27.399999618530273,27.719999313354492,27.34000015258789,27.540000915527344,17.13117027282715,258269000
2004-04-26,27.450000762939453,27.549999237060547,27.100000381469727,27.239999771118164,16.944564819335938,89391000
2004-04-27,27.15999984741211,27.3700008392334,27.1299991607666,27.219999313354492,16.932109832763672,80716800
2004-04-28,27.010000228881836,27.049999237060547,26.469999313354492,26.559999465942383,16.521568298339844,72842200
2004-04-29,26.510000228881836,26.940000534057617,26.309999465942383,26.479999542236328,16.471797943115234,77787300
2004-04-30,26.59000015258789,26.75,25.959999084472656,26.1299991607666,16.254085540771484,66172200
2004-05-03,26.190000534057617,26.520000457763672,26.190000534057617,26.350000381469727,16.39093589782715,65916200
2004-05-04,26.350000381469727,26.540000915527344,26.020000457763672,26.329999923706055,16.378496170043945,55496400
2004-05-05,26.31999969482422,26.600000381469727,26.25,26.299999237060547,16.359834671020508,51841700
2004-05-06,26.15999984741211,26.34000015258789,26.030000686645508,26.1200008392334,16.247861862182617,62693900
2004-05-07,26.030000686645508,26.3799991607666,25.75,25.780000686645508,16.03636932373047,68290200
2004-05-10,25.6299991607666,26.049999237060547,25.6200008392334,25.93000030517578,16.129669189453125,64621400
2004-05-11,26.09000015258789,26.110000610351562,25.790000915527344,25.940000534057617,16.135889053344727,57917200
2004-05-12,25.8700008392334,26.0,25.43000030517578,25.940000534057617,16.135889053344727,64145600
2004-05-13,25.81999969482422,26.190000534057617,25.790000915527344,26.100000381469727,16.23542022705078,63861500
2004-05-14,26.0,26.170000076293945,25.639999389648438,25.860000610351562,16.086130142211914,43775300
2004-05-17,25.469999313354492,25.790000915527344,25.420000076293945,25.540000915527344,15.887075424194336,55149600
2004-05-18,25.700000762939453,25.969999313354492,25.639999389648438,25.829999923706055,16.067468643188477,58158600
2004-05-19,26.030000686645508,26.270000457763672,25.6200008392334,25.6200008392334,15.93683910369873,60052800
2004-05-20,25.75,25.8700008392334,25.59000015258789,25.729999542236328,16.005264282226562,52089900
2004-05-21,25.969999313354492,26.200000762939453,25.780000686645508,25.889999389648438,16.10479164123535,57809300
2004-05-24,26.049999237060547,26.170000076293945,25.739999771118164,25.760000228881836,16.02392578125,56250500
2004-05-25,25.709999084472656,26.190000534057617,25.600000381469727,26.100000381469727,16.23542022705078,66615000
2004-05-26,25.989999771118164,26.149999618530273,25.850000381469727,26.139999389648438,16.260299682617188,50306900
2004-05-27,26.15999984741211,26.190000534057617,25.920000076293945,26.190000534057617,16.291404724121094,49071900
2004-05-28,26.139999389648438,26.350000381469727,26.020000457763672,26.229999542236328,16.316293716430664,37393000
2004-06-01,26.1299991607666,26.270000457763672,25.8700008392334,26.110000610351562,16.241641998291016,48369500
2004-06-02,26.1200008392334,26.280000686645508,26.010000228881836,26.1299991607666,16.254085540771484,54020000
2004-06-03,26.049999237060547,26.1299991607666,25.860000610351562,25.889999389648438,16.10479164123535,45933100
2004-06-04,26.030000686645508,26.239999771118164,25.940000534057617,25.950000762939453,16.142108917236328,48815300
2004-06-07,26.020000457763672,26.43000030517578,25.969999313354492,26.43000030517578,16.440702438354492,65218600
2004-06-08,26.280000686645508,26.649999618530273,26.239999771118164,26.600000381469727,16.546449661254883,58447700
2004-06-09,26.399999618530273,26.649999618530273,26.399999618530273,26.469999313354492,16.465579986572266,50385500
2004-06-10,26.3799991607666,26.790000915527344,26.3799991607666,26.770000457763672,16.652193069458008,48109200
2004-06-14,26.549999237060547,26.899999618530273,26.530000686645508,26.899999618530273,16.733060836791992,67377500
2004-06-15,26.989999771118164,27.600000381469727,26.969999313354492,27.40999984741211,17.050304412841797,114183400
2004-06-16,27.34000015258789,27.5,27.149999618530273,27.31999969482422,16.99432373046875,67431100
2004-06-17,27.309999465942383,27.920000076293945,27.290000915527344,27.770000457763672,17.27425193786621,105427500
2004-06-18,27.770000457763672,28.5,27.700000762939453,28.350000381469727,17.635021209716797,134218700
2004-06-21,28.219999313354492,28.65999984741211,28.1200008392334,28.350000381469727,17.635021209716797,116881700
2004-06-22,28.149999618530273,28.350000381469727,27.809999465942383,28.290000915527344,17.597700119018555,98932000
2004-06-23,28.200000762939453,28.3799991607666,28.0,28.299999237060547,17.603923797607422,58558400
2004-06-24,28.479999542236328,28.649999618530273,28.360000610351562,28.389999389648438,17.659910202026367,65503800
2004-06-25,28.479999542236328,28.6299991607666,28.25,28.56999969482422,17.771879196166992,71136500
2004-06-28,28.600000381469727,28.75,28.170000076293945,28.280000686645508,17.59148406982422,77024100
2004-06-29,28.18000030517578,28.579999923706055,28.18000030517578,28.5,17.72833824157715,55371700
2004-06-30,28.56999969482422,28.799999237060547,28.389999389648438,28.559999465942383,17.76565933227539,83544400
2004-07-01,28.700000762939453,28.84000015258789,28.260000228881836,28.6299991607666,17.8092041015625,78441400
2004-07-02,28.6200008392334,28.68000030517578,28.399999618530273,28.56999969482422,17.771879196166992,36690100
2004-07-06,28.31999969482422,28.329999923706055,27.940000534057617,28.020000457763672,17.429746627807617,69158900
2004-07-07,27.670000076293945,28.31999969482422,27.549999237060547,28.100000381469727,17.47951316833496,66255700
2004-07-08,27.8799991607666,28.149999618530273,27.549999237060547,27.639999389648438,17.193376541137695,59125100
2004-07-09,27.780000686645508,28.0,27.639999389648438,27.860000610351562,17.330217361450195,50249300
2004-07-12,27.670000076293945,28.0,27.59000015258789,27.889999389648438,17.34888458251953,45757300
2004-07-13,27.90999984741211,27.950000762939453,27.600000381469727,27.600000381469727,17.168493270874023,43274100
2004-07-14,27.399999618530273,28.360000610351562,27.34000015258789,28.1299991607666,17.49817657470703,87656300
2004-07-15,28.049999237060547,28.200000762939453,27.799999237060547,27.8700008392334,17.336448669433594,46759700
2004-07-16,28.18000030517578,28.200000762939453,27.25,27.479999542236328,17.09384536743164,66406300
2004-07-19,27.6200008392334,28.260000228881836,27.600000381469727,27.950000762939453,17.38620948791504,60354500
2004-07-20,28.0,28.479999542236328,27.850000381469727,28.31999969482422,17.616374969482422,89010700
2004-07-21,29.889999389648438,29.889999389648438,28.809999465942383,28.860000610351562,17.952268600463867,201518000
2004-07-22,29.06999969482422,29.299999237060547,28.829999923706055,29.0,18.039352416992188,124640700
2004-07-23,28.3799991607666,28.399999618530273,28.020000457763672,28.030000686645508,17.43596649169922,97372700
2004-07-26,28.360000610351562,28.709999084472656,28.200000762939453,28.65999984741211,17.82785987854004,72387600
2004-07-27,28.700000762939453,28.760000228881836,28.1299991607666,28.440000534057617,17.691011428833008,72968400
2004-07-28,28.34000015258789,28.790000915527344,28.280000686645508,28.579999923706055,17.778099060058594,62718800
2004-07-29,28.780000686645508,28.799999237060547,28.25,28.479999542236328,17.715892791748047,60148400
2004-07-30,28.450000762939453,28.809999465942383,28.329999923706055,28.489999771118164,17.72211265563965,59552900
2004-08-02,28.270000457763672,28.549999237060547,28.15999984741211,28.520000457763672,17.740774154663086,52267000
2004-08-03,28.3799991607666,28.420000076293945,28.0,28.06999969482422,17.46085548400879,53990900
2004-08-04,28.010000228881836,28.200000762939453,27.989999771118164,28.059999465942383,17.454639434814453,46217900
2004-08-05,28.15999984741211,28.209999084472656,27.520000457763672,27.530000686645508,17.124954223632812,55591700
2004-08-06,27.3799991607666,27.860000610351562,27.059999465942383,27.139999389648438,16.882343292236328,75628000
2004-08-09,27.260000228881836,27.280000686645508,27.100000381469727,27.18000030517578,16.90723419189453,51877500
2004-08-10,27.299999237060547,27.75,27.25,27.719999313354492,17.243131637573242,57632700
2004-08-11,27.389999389648438,27.510000228881836,27.200000762939453,27.40999984741211,17.050304412841797,53097300
2004-08-12,27.229999542236328,27.309999465942383,26.860000610351562,26.8799991607666,16.720619201660156,50279700
2004-08-13,27.010000228881836,27.25,26.979999542236328,27.020000457763672,16.807703018188477,43333200
2004-08-16,27.030000686645508,27.200000762939453,26.959999084472656,27.09000015258789,16.85124969482422,54347200
2004-08-17,27.219999313354492,27.3799991607666,26.979999542236328,27.049999237060547,16.826366424560547,56879700
2004-08-18,26.93000030517578,27.5,26.889999389648438,27.459999084472656,17.081403732299805,58844000
2004-08-19,27.350000381469727,27.450000762939453,27.010000228881836,27.1200008392334,16.869903564453125,46293000
2004-08-20,27.1299991607666,27.3700008392334,27.040000915527344,27.200000762939453,16.919666290283203,46494800
2004-08-23,27.270000457763672,27.329999923706055,27.1200008392334,27.239999771118164,16.99454116821289,39572200
2004-08-24,27.399999618530273,27.459999084472656,27.09000015258789,27.239999771118164,16.99454116821289,40835300
2004-08-25,27.209999084472656,27.670000076293945,27.18000030517578,27.549999237060547,17.187942504882812,53512700
2004-08-26,27.459999084472656,27.600000381469727,27.389999389648438,27.440000534057617,17.119312286376953,35465500
2004-08-27,27.5,27.649999618530273,27.450000762939453,27.459999084472656,17.131793975830078,33248700
2004-08-30,27.299999237060547,27.389999389648438,26.850000381469727,27.299999237060547,17.03196907043457,36679600
2004-08-31,27.290000915527344,27.31999969482422,27.049999237060547,27.299999237060547,17.03196907043457,52106700
2004-09-01,27.229999542236328,27.520000457763672,27.139999389648438,27.389999389648438,17.08812141418457,48507500
2004-09-02,27.399999618530273,27.68000030517578,27.350000381469727,27.6200008392334,17.23160743713379,42161700
2004-09-03,27.459999084472656,27.6200008392334,27.100000381469727,27.110000610351562,16.91343879699707,46174400
2004-09-07,27.290000915527344,27.3799991607666,27.15999984741211,27.360000610351562,17.06940269470215,44893400
2004-09-08,27.299999237060547,27.469999313354492,27.139999389648438,27.260000228881836,17.007015228271484,53278100
2004-09-09,27.299999237060547,27.469999313354492,27.18000030517578,27.280000686645508,17.019493103027344,56904700
2004-09-10,27.34000015258789,27.510000228881836,27.18000030517578,27.489999771118164,17.15050506591797,52664500
2004-09-13,27.530000686645508,27.56999969482422,26.739999771118164,27.25,17.00078010559082,48239200
2004-09-14,27.3700008392334,27.510000228881836,27.270000457763672,27.440000534057617,17.119312286376953,55920000
2004-09-15,27.360000610351562,27.399999618530273,27.139999389648438,27.190000534057617,16.96334457397461,52605700
2004-09-16,27.219999313354492,27.350000381469727,27.170000076293945,27.260000228881836,17.007015228271484,35951500
2004-09-17,27.389999389648438,27.530000686645508,27.260000228881836,27.510000228881836,17.16299057006836,65283000
2004-09-20,27.440000534057617,27.649999618530273,27.329999923706055,27.510000228881836,17.16299057006836,51513600
2004-09-21,27.450000762939453,27.530000686645508,27.25,27.260000228881836,17.007015228271484,73874400
2004-09-22,27.280000686645508,27.739999771118164,27.06999969482422,27.1200008392334,16.91966438293457,68409000
2004-09-23,27.190000534057617,27.389999389648438,27.170000076293945,27.350000381469727,17.06316566467285,52155800
2004-09-24,27.389999389648438,27.459999084472656,27.190000534057617,27.290000915527344,17.025733947753906,49859800
2004-09-27,27.170000076293945,27.31999969482422,27.1299991607666,27.190000534057617,16.96334457397461,47813600
2004-09-28,27.209999084472656,27.360000610351562,27.040000915527344,27.270000457763672,17.013259887695312,62055100
2004-09-29,27.260000228881836,27.690000534057617,27.229999542236328,27.579999923706055,17.20665740966797,61529300
2004-09-30,27.59000015258789,27.790000915527344,27.520000457763672,27.649999618530273,17.250328063964844,71218000
2004-10-01,27.81999969482422,28.31999969482422,27.780000686645508,28.25,17.624658584594727,66302800
2004-10-04,28.440000534057617,28.459999084472656,28.06999969482422,28.1200008392334,17.543556213378906,62016200
2004-10-05,28.149999618530273,28.450000762939453,28.100000381469727,28.3799991607666,17.705766677856445,58017700
2004-10-06,28.389999389648438,28.549999237060547,28.229999542236328,28.530000686645508,17.799346923828125,56999600
2004-10-07,28.540000915527344,28.59000015258789,28.15999984741211,28.170000076293945,17.574745178222656,38401500
2004-10-08,28.100000381469727,28.329999923706055,27.969999313354492,27.989999771118164,17.462461471557617,49556600
2004-10-11,28.200000762939453,28.219999313354492,27.93000030517578,28.059999465942383,17.506118774414062,44691000
2004-10-12,27.829999923706055,28.15999984741211,27.809999465942383,28.030000686645508,17.487403869628906,56412900
2004-10-13,28.190000534057617,28.270000457763672,27.940000534057617,28.030000686645508,17.487403869628906,49500700
2004-10-14,28.040000915527344,28.15999984741211,27.799999237060547,27.799999237060547,17.343910217285156,41548700
2004-10-15,27.969999313354492,28.239999771118164,27.81999969482422,27.989999771118164,17.462461471557617,49828500
2004-10-18,28.06999969482422,28.450000762939453,27.979999542236328,28.40999984741211,17.724477767944336,50350700
2004-10-19,28.530000686645508,28.59000015258789,28.170000076293945,28.18000030517578,17.580984115600586,57026500
2004-10-20,28.219999313354492,28.75,28.1200008392334,28.700000762939453,17.905405044555664,69078100
2004-10-21,28.809999465942383,28.889999389648438,28.469999313354492,28.559999465942383,17.81806182861328,94988500
2004-10-22,28.299999237060547,28.34000015258789,27.579999923706055,27.739999771118164,17.306480407714844,101912800
2004-10-25,27.670000076293945,27.770000457763672,27.549999237060547,27.6299991607666,17.237850189208984,61529500
2004-10-26,27.709999084472656,27.899999618530273,27.6299991607666,27.899999618530273,17.406301498413086,76966600
2004-10-27,27.860000610351562,28.350000381469727,27.579999923706055,28.149999618530273,17.562271118164062,72392600
2004-10-28,28.110000610351562,28.540000915527344,27.899999618530273,28.010000228881836,17.474933624267578,63059600
2004-10-29,28.1200008392334,28.149999618530273,27.799999237060547,27.969999313354492,17.449974060058594,80010100
2004-11-01,28.15999984741211,28.280000686645508,27.959999084472656,28.079999923706055,17.518598556518555,72930900
2004-11-02,28.260000228881836,28.469999313354492,28.030000686645508,28.239999771118164,17.61842918395996,89417100
2004-11-03,28.649999618530273,28.649999618530273,28.309999465942383,28.469999313354492,17.761913299560547,79666700
2004-11-04,28.3799991607666,29.0,28.3799991607666,29.0,18.092573165893555,87867700
2004-11-05,29.209999084472656,29.360000610351562,29.030000686645508,29.309999465942383,18.285974502563477,95337700
2004-11-08,29.18000030517578,29.479999542236328,29.1299991607666,29.280000686645508,18.267257690429688,112802100
2004-11-09,29.43000030517578,29.889999389648438,29.350000381469727,29.770000457763672,18.572959899902344,100401000
2004-11-10,29.920000076293945,30.0,29.690000534057617,29.729999542236328,18.54800796508789,84097700
2004-11-11,29.889999389648438,30.079999923706055,29.81999969482422,29.979999542236328,18.7039794921875,87358900
2004-11-12,30.15999984741211,30.200000762939453,29.799999237060547,29.969999313354492,18.697744369506836,162269000
2004-11-15,27.34000015258789,27.5,27.200000762939453,27.389999389648438,19.045406341552734,104468000
2004-11-16,27.329999923706055,27.34000015258789,27.049999237060547,27.1200008392334,18.857669830322266,64522600
2004-11-17,27.25,27.350000381469727,27.059999465942383,27.170000076293945,18.89242935180664,58830700
2004-11-18,27.1299991607666,27.170000076293945,27.0,27.06999969482422,18.822900772094727,63249900
2004-11-19,27.030000686645508,27.06999969482422,26.84000015258789,26.860000610351562,18.67687225341797,85808600
2004-11-22,26.75,26.81999969482422,26.100000381469727,26.649999618530273,18.530845642089844,92410800
2004-11-23,26.520000457763672,26.700000762939453,26.399999618530273,26.530000686645508,18.447410583496094,70459700
2004-11-24,26.6200008392334,26.729999542236328,26.399999618530273,26.639999389648438,18.52390480041504,60069200
2004-11-26,26.559999465942383,26.81999969482422,26.549999237060547,26.600000381469727,18.49608612060547,24398700
2004-11-29,26.639999389648438,26.950000762939453,26.610000610351562,26.770000457763672,18.614301681518555,67079900
2004-11-30,26.75,27.010000228881836,26.700000762939453,26.809999465942383,18.64211082458496,75960400
2004-12-01,26.950000762939453,27.280000686645508,26.809999465942383,27.25,18.948060989379883,99889000
2004-12-02,27.270000457763672,27.399999618530273,26.920000076293945,27.09000015258789,18.83680534362793,96088300
2004-12-03,27.15999984741211,27.440000534057617,27.139999389648438,27.229999542236328,18.93414878845215,76498400
2004-12-06,27.100000381469727,27.440000534057617,27.06999969482422,27.329999923706055,19.003679275512695,55297400
2004-12-07,27.260000228881836,27.3799991607666,27.0,27.06999969482422,18.822900772094727,111656000
2004-12-08,27.010000228881836,27.360000610351562,26.90999984741211,27.360000610351562,19.024539947509766,95655000
2004-12-09,27.1299991607666,27.360000610351562,26.940000534057617,27.229999542236328,18.93414878845215,83006000
2004-12-10,27.079999923706055,27.18000030517578,27.040000915527344,27.079999923706055,18.829849243164062,70949200
2004-12-13,27.100000381469727,27.280000686645508,26.90999984741211,27.25,18.948060989379883,93812500
2004-12-14,27.049999237060547,27.329999923706055,27.040000915527344,27.229999542236328,18.93414878845215,127843200
2004-12-15,27.219999313354492,27.399999618530273,27.06999969482422,27.110000610351562,18.85071563720703,106303900
2004-12-16,27.149999618530273,27.280000686645508,27.010000228881836,27.15999984741211,18.885469436645508,88997500
2004-12-17,27.0,27.31999969482422,26.799999237060547,26.959999084472656,18.74640464782715,126184400
2004-12-20,27.010000228881836,27.149999618530273,26.889999389648438,26.950000762939453,18.739456176757812,85552800
2004-12-21,27.0,27.170000076293945,26.940000534057617,27.06999969482422,18.822900772094727,94646100
2004-12-22,26.84000015258789,27.149999618530273,26.780000686645508,26.969999313354492,18.75336456298828,63651900
2004-12-23,26.8700008392334,27.149999618530273,26.829999923706055,27.010000228881836,18.781177520751953,65801900
2004-12-27,27.010000228881836,27.100000381469727,26.81999969482422,26.850000381469727,18.6699275970459,55958500
2004-12-28,26.850000381469727,27.030000686645508,26.799999237060547,26.950000762939453,18.739456176757812,55075900
2004-12-29,26.850000381469727,27.0,26.81999969482422,26.899999618530273,18.704687118530273,47594900
2004-12-30,26.889999389648438,26.940000534057617,26.75,26.760000228881836,18.607341766357422,48355400
2004-12-31,26.75,26.899999618530273,26.68000030517578,26.719999313354492,18.579532623291016,54959500
2005-01-03,26.799999237060547,26.950000762939453,26.649999618530273,26.739999771118164,18.59343147277832,65002900
2005-01-04,26.8700008392334,27.100000381469727,26.65999984741211,26.84000015258789,18.662967681884766,109442100
2005-01-05,26.84000015258789,27.100000381469727,26.760000228881836,26.780000686645508,18.621240615844727,72463500
2005-01-06,26.850000381469727,27.059999465942383,26.639999389648438,26.75,18.60039520263672,76890500
2005-01-07,26.81999969482422,26.889999389648438,26.6200008392334,26.670000076293945,18.544757843017578,68723300
2005-01-10,26.600000381469727,26.860000610351562,26.540000915527344,26.799999237060547,18.635164260864258,70376600
2005-01-11,26.690000534057617,26.81999969482422,26.610000610351562,26.729999542236328,18.586483001708984,64712000
2005-01-12,26.770000457763672,26.850000381469727,26.6200008392334,26.780000686645508,18.621240615844727,72940600
2005-01-13,26.68000030517578,26.799999237060547,26.15999984741211,26.270000457763672,18.266630172729492,89861600
2005-01-14,26.399999618530273,26.450000762939453,26.040000915527344,26.1200008392334,18.162321090698242,92180800
2005-01-18,26.030000686645508,26.350000381469727,25.84000015258789,26.31999969482422,18.3013916015625,69146400
2005-01-19,26.209999084472656,26.260000228881836,25.920000076293945,25.979999542236328,18.064973831176758,58114100
2005-01-20,25.84000015258789,26.100000381469727,25.739999771118164,25.860000610351562,17.98154067993164,58380100
2005-01-21,25.950000762939453,26.1299991607666,25.639999389648438,25.649999618530273,17.835512161254883,76501000
2005-01-24,25.760000228881836,26.0,25.639999389648438,25.670000076293945,17.849422454833984,69010900
2005-01-25,25.760000228881836,26.190000534057617,25.75,26.020000457763672,18.092792510986328,67580700
2005-01-26,26.06999969482422,26.170000076293945,25.899999618530273,26.010000228881836,18.085840225219727,64974500
2005-01-27,25.950000762939453,26.15999984741211,25.850000381469727,26.110000610351562,18.155376434326172,93204100
2005-01-28,26.540000915527344,26.649999618530273,25.959999084472656,26.18000030517578,18.204051971435547,110466500
2005-01-31,26.350000381469727,26.520000457763672,26.15999984741211,26.280000686645508,18.273571014404297,71442100
2005-02-01,26.25,26.43000030517578,26.219999313354492,26.389999389648438,18.350069046020508,57981700
2005-02-02,26.420000076293945,26.5,26.280000686645508,26.459999084472656,18.39873504638672,79329500
2005-02-03,26.3700008392334,26.399999618530273,26.100000381469727,26.18000030517578,18.204051971435547,62545400
2005-02-04,26.170000076293945,26.3700008392334,26.139999389648438,26.31999969482422,18.3013916015625,61246500
2005-02-07,26.270000457763672,26.299999237060547,26.059999465942383,26.15999984741211,18.190134048461914,57763400
2005-02-08,26.190000534057617,26.34000015258789,26.15999984741211,26.239999771118164,18.245759963989258,61343700
2005-02-09,26.25,26.309999465942383,26.040000915527344,26.06999969482422,18.12755012512207,77874800
2005-02-10,26.100000381469727,26.1299991607666,26.0,26.059999465942383,18.120601654052734,71796400
2005-02-11,26.030000686645508,26.1200008392334,25.809999465942383,25.969999313354492,18.058019638061523,83835900
2005-02-14,25.93000030517578,26.1200008392334,25.90999984741211,26.010000228881836,18.085840225219727,58694000
2005-02-15,26.0,26.079999923706055,25.860000610351562,25.93000030517578,18.085838317871094,76551600
2005-02-16,25.8700008392334,25.93000030517578,25.670000076293945,25.790000915527344,17.988191604614258,57506600
2005-02-17,25.709999084472656,25.860000610351562,25.600000381469727,25.649999618530273,17.89053726196289,67024800
2005-02-18,25.639999389648438,25.649999618530273,25.399999618530273,25.479999542236328,17.7719669342041,77091100
2005-02-22,25.25,25.489999771118164,25.200000762939453,25.229999542236328,17.597597122192383,96419200
2005-02-23,25.239999771118164,25.350000381469727,25.170000076293945,25.200000762939453,17.576663970947266,83689400
2005-02-24,25.18000030517578,25.440000534057617,25.149999618530273,25.3700008392334,17.69523811340332,85236300
2005-02-25,25.329999923706055,25.3799991607666,25.149999618530273,25.25,17.61154556274414,62467700
2005-02-28,25.219999313354492,25.3700008392334,25.1299991607666,25.15999984741211,17.54877471923828,82728000
2005-03-01,25.190000534057617,25.40999984741211,25.1299991607666,25.280000686645508,17.632478713989258,56394800
2005-03-02,25.190000534057617,25.479999542236328,25.15999984741211,25.260000228881836,17.618515014648438,67739000
2005-03-03,25.299999237060547,25.309999465942383,25.139999389648438,25.170000076293945,17.555747985839844,52183600
2005-03-04,25.209999084472656,25.299999237060547,25.1299991607666,25.170000076293945,17.555747985839844,63058200
2005-03-07,25.170000076293945,25.790000915527344,25.15999984741211,25.469999313354492,17.76499366760254,80407400
2005-03-08,25.399999618530273,25.6200008392334,25.34000015258789,25.399999618530273,17.716157913208008,52871800
2005-03-09,25.389999389648438,25.56999969482422,25.280000686645508,25.309999465942383,17.653396606445312,62991800
2005-03-10,25.43000030517578,25.479999542236328,25.25,25.43000030517578,17.737089157104492,59132900
2005-03-11,25.450000762939453,25.479999542236328,25.059999465942383,25.09000015258789,17.49994468688965,60617900
2005-03-14,25.079999923706055,25.149999618530273,24.959999084472656,25.110000610351562,17.513896942138672,65550500
2005-03-15,25.100000381469727,25.239999771118164,24.889999389648438,24.90999984741211,17.374401092529297,71469400
2005-03-16,24.81999969482422,24.969999313354492,24.559999465942383,24.6299991607666,17.17909812927246,74841400
2005-03-17,24.639999389648438,24.68000030517578,24.530000686645508,24.540000915527344,17.116329193115234,60573200
2005-03-18,24.530000686645508,24.90999984741211,24.280000686645508,24.309999465942383,16.95590591430664,135904000
2005-03-21,24.350000381469727,24.360000610351562,24.149999618530273,24.200000762939453,16.879180908203125,71446200
2005-03-22,24.190000534057617,24.270000457763672,23.959999084472656,23.989999771118164,16.732704162597656,102113300
2005-03-23,23.989999771118164,24.389999389648438,23.959999084472656,24.18000030517578,16.865232467651367,79293300
2005-03-24,24.239999771118164,24.469999313354492,24.200000762939453,24.280000686645508,16.934978485107422,78820900
2005-03-28,24.399999618530273,24.469999313354492,24.18000030517578,24.200000762939453,16.879180908203125,49802000
2005-03-29,24.139999389648438,24.239999771118164,23.81999969482422,23.920000076293945,16.683889389038086,74231700
2005-03-30,24.040000915527344,24.190000534057617,24.0,24.15999984741211,16.85128402709961,59585700
2005-03-31,24.25,24.309999465942383,24.1200008392334,24.170000076293945,16.858253479003906,62382300
2005-04-01,24.239999771118164,24.350000381469727,24.100000381469727,24.1200008392334,16.823381423950195,64619600
2005-04-04,24.110000610351562,24.260000228881836,23.940000534057617,24.229999542236328,16.90010643005371,62196400
2005-04-05,24.219999313354492,24.5,24.1200008392334,24.469999313354492,17.0675048828125,73549600
2005-04-06,24.469999313354492,24.940000534057617,24.450000762939453,24.670000076293945,17.20699691772461,78020200
2005-04-07,24.65999984741211,25.1299991607666,24.6299991607666,25.100000381469727,17.506927490234375,77451500
2005-04-08,25.06999969482422,25.25,24.90999984741211,24.940000534057617,17.395322799682617,47956300
2005-04-11,25.030000686645508,25.110000610351562,24.860000610351562,24.969999313354492,17.416248321533203,47791800
2005-04-12,24.920000076293945,25.350000381469727,24.799999237060547,25.31999969482422,17.660369873046875,67517800
2005-04-13,25.229999542236328,25.450000762939453,24.989999771118164,25.040000915527344,17.46507453918457,60929300
2005-04-14,25.010000228881836,25.139999389648438,24.829999923706055,24.84000015258789,17.32556915283203,66754400
2005-04-15,24.579999923706055,24.899999618530273,24.40999984741211,24.459999084472656,17.06052589416504,100251600
2005-04-18,24.450000762939453,24.84000015258789,24.399999618530273,24.649999618530273,17.193050384521484,75766400
2005-04-19,24.709999084472656,24.799999237060547,24.450000762939453,24.6299991607666,17.17909812927246,65956200
2005-04-20,24.65999984741211,24.700000762939453,24.299999237060547,24.31999969482422,16.962886810302734,91923500
2005-04-21,24.479999542236328,25.389999389648438,24.469999313354492,25.280000686645508,17.632478713989258,93562300
2005-04-22,25.049999237060547,25.25,24.780000686645508,24.979999542236328,17.4232177734375,80087500
2005-04-25,25.06999969482422,25.280000686645508,24.860000610351562,24.989999771118164,17.43019676208496,75457900
2005-04-26,24.950000762939453,25.25,24.739999771118164,24.760000228881836,17.269777297973633,60464300
2005-04-27,24.65999984741211,25.149999618530273,24.6299991607666,24.989999771118164,17.43019676208496,47732800
2005-04-28,24.81999969482422,24.920000076293945,24.440000534057617,24.450000762939453,17.053552627563477,83623100
2005-04-29,24.8799991607666,25.299999237060547,24.790000915527344,25.299999237060547,17.64640998840332,98641200
2005-05-02,25.229999542236328,25.360000610351562,24.950000762939453,25.229999542236328,17.597597122192383,54376700
2005-05-03,25.1299991607666,25.399999618530273,25.09000015258789,25.360000610351562,17.68826675415039,67867800
2005-05-04,25.34000015258789,25.399999618530273,25.110000610351562,25.209999084472656,17.583648681640625,86864200
2005-05-05,25.200000762939453,25.329999923706055,25.079999923706055,25.229999542236328,17.597597122192383,59362300
2005-05-06,25.329999923706055,25.479999542236328,25.190000534057617,25.219999313354492,17.590621948242188,64322600
2005-05-09,25.229999542236328,25.329999923706055,25.049999237060547,25.110000610351562,17.513896942138672,61872400
2005-05-10,25.040000915527344,25.079999923706055,24.81999969482422,24.899999618530273,17.36742401123047,62235100
2005-05-11,24.889999389648438,24.969999313354492,24.639999389648438,24.90999984741211,17.374401092529297,59463300
2005-05-12,24.84000015258789,25.110000610351562,24.829999923706055,25.0,17.43717384338379,74540700
2005-05-13,25.030000686645508,25.3799991607666,24.989999771118164,25.299999237060547,17.64640998840332,77204300
2005-05-16,25.229999542236328,25.5,25.190000534057617,25.489999771118164,17.8353328704834,50577300
2005-05-17,25.309999465942383,25.5,25.25,25.459999084472656,17.81435203552246,39983200
2005-05-18,25.5,25.84000015258789,25.420000076293945,25.700000762939453,17.98227310180664,71182400
2005-05-19,25.75,26.049999237060547,25.700000762939453,25.920000076293945,18.136205673217773,52120800
2005-05-20,25.8799991607666,25.920000076293945,25.729999542236328,25.739999771118164,18.01026153564453,64444500
2005-05-23,25.739999771118164,26.06999969482422,25.739999771118164,25.850000381469727,18.087234497070312,75421100
2005-05-24,25.799999237060547,25.8799991607666,25.719999313354492,25.75,18.017253875732422,61287700
2005-05-25,25.68000030517578,25.770000457763672,25.5,25.709999084472656,17.989269256591797,35749000
2005-05-26,25.75,26.0,25.729999542236328,25.899999618530273,18.122215270996094,50579200
2005-05-27,25.829999923706055,26.09000015258789,25.809999465942383,26.06999969482422,18.241161346435547,54978000
2005-05-31,25.989999771118164,26.030000686645508,25.75,25.799999237060547,18.052248001098633,46131100
2005-06-01,25.729999542236328,26.0,25.610000610351562,25.809999465942383,18.05923843383789,54621000
2005-06-02,25.709999084472656,25.860000610351562,25.639999389648438,25.790000915527344,18.045251846313477,27212500
2005-06-03,25.700000762939453,25.809999465942383,25.34000015258789,25.43000030517578,17.793352127075195,79659500
2005-06-06,25.3799991607666,25.5,25.309999465942383,25.3700008392334,17.751371383666992,40756900
2005-06-07,25.329999923706055,25.829999923706055,25.309999465942383,25.510000228881836,17.849336624145508,54511400
2005-06-08,25.549999237060547,25.6200008392334,25.34000015258789,25.399999618530273,17.772363662719727,45369700
2005-06-09,25.399999618530273,25.610000610351562,25.350000381469727,25.510000228881836,17.849336624145508,52767900
2005-06-10,25.489999771118164,25.520000457763672,25.34000015258789,25.43000030517578,17.793352127075195,39459800
2005-06-13,25.360000610351562,25.489999771118164,25.260000228881836,25.309999465942383,17.709392547607422,49104100
2005-06-14,25.309999465942383,25.440000534057617,25.239999771118164,25.360000610351562,17.7443790435791,44243300
2005-06-15,25.399999618530273,25.40999984741211,25.110000610351562,25.260000228881836,17.67440414428711,50764800
2005-06-16,25.219999313354492,25.229999542236328,24.950000762939453,25.040000915527344,17.52046775817871,65918800
2005-06-17,25.270000457763672,25.290000915527344,24.920000076293945,25.040000915527344,17.52046775817871,90821300
2005-06-20,24.979999542236328,25.280000686645508,24.93000030517578,25.110000610351562,17.569461822509766,50538900
2005-06-21,25.079999923706055,25.190000534057617,25.040000915527344,25.149999618530273,17.597444534301758,81084000
2005-06-22,25.110000610351562,25.260000228881836,25.030000686645508,25.06999969482422,17.54146385192871,60492700
2005-06-23,25.170000076293945,25.6200008392334,25.149999618530273,25.309999465942383,17.709392547607422,105159800
2005-06-24,25.219999313354492,25.399999618530273,25.040000915527344,25.040000915527344,17.52046775817871,57970700
2005-06-27,25.06999969482422,25.25,25.030000686645508,25.049999237060547,17.527469635009766,61636200
2005-06-28,25.09000015258789,25.200000762939453,25.030000686645508,25.06999969482422,17.54146385192871,53058100
2005-06-29,25.219999313354492,25.31999969482422,25.0,25.09000015258789,17.555461883544922,55859900
2005-06-30,25.059999465942383,25.139999389648438,24.81999969482422,24.84000015258789,17.38052749633789,82018200
2005-07-01,24.850000381469727,24.989999771118164,24.670000076293945,24.709999084472656,17.289562225341797,69718400
2005-07-05,24.65999984741211,25.190000534057617,24.6200008392334,24.979999542236328,17.478490829467773,61883500
2005-07-06,24.969999313354492,25.079999923706055,24.690000534057617,24.700000762939453,17.282569885253906,64214600
2005-07-07,24.579999923706055,24.709999084472656,24.5,24.649999618530273,17.24758529663086,80082900
2005-07-08,24.639999389648438,25.1200008392334,24.6299991607666,25.09000015258789,17.555461883544922,56104000
2005-07-11,25.149999618530273,25.3799991607666,25.110000610351562,25.290000915527344,17.695402145385742,61525400
2005-07-12,25.239999771118164,25.6200008392334,25.200000762939453,25.610000610351562,17.919301986694336,63384800
2005-07-13,25.530000686645508,25.75,25.479999542236328,25.65999984741211,17.954288482666016,44749200
2005-07-14,25.790000915527344,26.100000381469727,25.790000915527344,25.969999313354492,18.171188354492188,69506800
2005-07-15,26.040000915527344,26.100000381469727,25.75,25.790000915527344,18.045251846313477,56472800
2005-07-18,25.709999084472656,25.790000915527344,25.549999237060547,25.549999237060547,17.877315521240234,39668000
2005-07-19,25.790000915527344,26.25,25.75,26.15999984741211,18.30413055419922,113290100
2005-07-20,26.0,26.229999542236328,25.8799991607666,26.190000534057617,18.325130462646484,71424800
2005-07-21,26.299999237060547,26.479999542236328,26.0,26.440000534057617,18.50005531311035,112932100
2005-07-22,25.989999771118164,26.34000015258789,25.6299991607666,25.68000030517578,17.96827507019043,97558900
2005-07-25,25.690000534057617,25.899999618530273,25.649999618530273,25.690000534057617,17.97528648376465,45174600
2005-07-26,25.719999313354492,25.739999771118164,25.530000686645508,25.540000915527344,17.870323181152344,51476400
2005-07-27,25.610000610351562,25.799999237060547,25.530000686645508,25.719999313354492,17.996265411376953,57977300
2005-07-28,25.75,25.850000381469727,25.65999984741211,25.75,18.017253875732422,44738700
2005-07-29,25.780000686645508,26.0,25.59000015258789,25.610000610351562,17.919301986694336,59524400
2005-08-01,25.809999465942383,26.049999237060547,25.760000228881836,25.920000076293945,18.136205673217773,61346800
2005-08-02,25.899999618530273,26.899999618530273,25.8700008392334,26.809999465942383,18.758934020996094,137510100
2005-08-03,26.760000228881836,27.43000030517578,26.729999542236328,27.25,19.066810607910156,139422400
2005-08-04,27.15999984741211,27.5,27.049999237060547,27.31999969482422,19.11579132080078,91461400
2005-08-05,27.290000915527344,27.940000534057617,27.25,27.760000228881836,19.42365264892578,82212400
2005-08-08,27.799999237060547,27.84000015258789,27.079999923706055,27.1299991607666,18.982847213745117,77207200
2005-08-09,27.219999313354492,27.510000228881836,27.010000228881836,27.350000381469727,19.136777877807617,64761800
2005-08-10,27.40999984741211,27.5,26.850000381469727,26.950000762939453,18.85689926147461,62818800
2005-08-11,26.979999542236328,27.299999237060547,26.889999389648438,27.270000457763672,19.080806732177734,48646800
2005-08-12,27.079999923706055,27.139999389648438,26.899999618530273,27.049999237060547,18.926868438720703,52006500
2005-08-15,26.979999542236328,27.299999237060547,26.690000534057617,27.1299991607666,19.039155960083008,45976600
2005-08-16,27.030000686645508,27.139999389648438,26.700000762939453,26.739999771118164,18.76545524597168,46894600
2005-08-17,26.81999969482422,27.149999618530273,26.65999984741211,26.950000762939453,18.91283416748047,52413100
2005-08-18,26.889999389648438,27.079999923706055,26.799999237060547,26.81999969482422,18.821603775024414,40861900
2005-08-19,26.850000381469727,26.90999984741211,26.700000762939453,26.719999313354492,18.751422882080078,36043500
2005-08-22,26.790000915527344,27.170000076293945,26.770000457763672,26.90999984741211,18.8847599029541,41691700
2005-08-23,26.84000015258789,27.06999969482422,26.739999771118164,26.8700008392334,18.856689453125,48296700
2005-08-24,26.84000015258789,27.15999984741211,26.780000686645508,26.809999465942383,18.8145751953125,63645000
2005-08-25,26.899999618530273,27.09000015258789,26.850000381469727,27.030000686645508,18.96896743774414,39306300
2005-08-26,27.059999465942383,27.079999923706055,26.8700008392334,26.969999313354492,18.92686653137207,36774600
2005-08-29,26.809999465942383,27.229999542236328,26.809999465942383,27.149999618530273,19.053184509277344,52307700
2005-08-30,27.059999465942383,27.229999542236328,26.959999084472656,27.18000030517578,19.074237823486328,55163200
2005-08-31,27.170000076293945,27.440000534057617,27.040000915527344,27.3799991607666,19.2146053314209,65210200
2005-09-01,27.3799991607666,27.389999389648438,27.149999618530273,27.200000762939453,19.08827018737793,75974500
2005-09-02,27.209999084472656,27.270000457763672,26.969999313354492,27.020000457763672,18.961957931518555,52047500
2005-09-06,27.059999465942383,27.290000915527344,26.979999542236328,27.0,18.947927474975586,46089000
2005-09-07,26.940000534057617,27.110000610351562,26.81999969482422,26.850000381469727,18.842655181884766,44656100
2005-09-08,26.799999237060547,26.8799991607666,26.520000457763672,26.610000610351562,18.67422866821289,52552300
2005-09-09,26.6200008392334,26.81999969482422,26.530000686645508,26.579999923706055,18.653173446655273,41515800
2005-09-12,26.6200008392334,26.75,26.520000457763672,26.610000610351562,18.67422866821289,40550500
2005-09-13,26.540000915527344,26.760000228881836,26.3700008392334,26.479999542236328,18.582998275756836,63422900
2005-09-14,26.520000457763672,26.639999389648438,26.299999237060547,26.309999465942383,18.46368980407715,54969600
2005-09-15,26.3700008392334,26.43000030517578,26.219999313354492,26.270000457763672,18.43562889099121,60357200
2005-09-16,26.34000015258789,26.399999618530273,25.969999313354492,26.06999969482422,18.295270919799805,187384300
2005-09-19,26.09000015258789,26.270000457763672,25.860000610351562,26.0,18.246150970458984,61832300
2005-09-20,26.06999969482422,26.219999313354492,25.690000534057617,25.84000015258789,18.13386344909668,61043400
2005-09-21,25.799999237060547,25.899999618530273,25.43000030517578,25.489999771118164,17.88823699951172,68281800
2005-09-22,25.489999771118164,25.600000381469727,25.149999618530273,25.34000015258789,17.782974243164062,71314900
2005-09-23,25.309999465942383,25.540000915527344,25.1200008392334,25.270000457763672,17.733848571777344,66396800
2005-09-26,25.399999618530273,25.489999771118164,25.209999084472656,25.270000457763672,17.733848571777344,56203700
2005-09-27,25.3700008392334,25.450000762939453,25.299999237060547,25.34000015258789,17.782974243164062,48797900
2005-09-28,25.389999389648438,25.8700008392334,25.3799991607666,25.670000076293945,18.014556884765625,71019400
2005-09-29,25.610000610351562,26.0,25.5,25.940000534057617,18.204042434692383,66807100
2005-09-30,25.90999984741211,25.950000762939453,25.610000610351562,25.729999542236328,18.056665420532227,57644500
2005-10-03,25.709999084472656,25.729999542236328,25.440000534057617,25.5,17.895259857177734,55341300
2005-10-04,25.360000610351562,25.389999389648438,24.75,24.979999542236328,17.530338287353516,151666300
2005-10-05,25.040000915527344,25.049999237060547,24.670000076293945,24.670000076293945,17.31278419494629,73684700
2005-10-06,24.65999984741211,24.950000762939453,24.530000686645508,24.729999542236328,17.35489845275879,81724600
2005-10-07,24.770000457763672,24.84000015258789,24.520000457763672,24.59000015258789,17.256641387939453,50768700
2005-10-10,24.670000076293945,24.68000030517578,24.350000381469727,24.459999084472656,17.165414810180664,48880900
2005-10-11,24.510000228881836,24.549999237060547,24.25,24.40999984741211,17.130325317382812,76567300
2005-10-12,24.489999771118164,24.700000762939453,24.270000457763672,24.299999237060547,17.053125381469727,71294400
2005-10-13,24.309999465942383,24.729999542236328,24.270000457763672,24.59000015258789,17.256641387939453,70192000
2005-10-14,24.709999084472656,24.729999542236328,24.5,24.670000076293945,17.31278419494629,53846700
2005-10-17,24.68000030517578,24.690000534057617,24.440000534057617,24.530000686645508,17.214540481567383,46924400
2005-10-18,24.489999771118164,24.829999923706055,24.450000762939453,24.56999969482422,17.242605209350586,69328200
2005-10-19,24.559999465942383,25.09000015258789,24.5,25.09000015258789,17.607534408569336,66574500
2005-10-20,25.049999237060547,25.1299991607666,24.739999771118164,24.790000915527344,17.397003173828125,58830600
2005-10-21,24.90999984741211,25.0,24.56999969482422,24.780000686645508,17.389982223510742,69431200
2005-10-24,24.889999389648438,25.100000381469727,24.68000030517578,25.100000381469727,17.614545822143555,51868000
2005-10-25,24.950000762939453,25.1299991607666,24.829999923706055,25.030000686645508,17.565420150756836,41310500
2005-10-26,24.969999313354492,25.329999923706055,24.93000030517578,25.110000610351562,17.6215763092041,58178100
2005-10-27,25.219999313354492,25.270000457763672,24.850000381469727,24.850000381469727,17.439098358154297,61566100
2005-10-28,25.100000381469727,25.600000381469727,25.100000381469727,25.530000686645508,17.916309356689453,106559300
2005-10-31,25.610000610351562,25.799999237060547,25.5,25.700000762939453,18.035612106323242,75122100
2005-11-01,25.610000610351562,26.100000381469727,25.610000610351562,25.959999084472656,18.21807098388672,71370400
2005-11-02,25.93000030517578,26.5,25.93000030517578,26.459999084472656,18.56896209716797,75067100
2005-11-03,26.600000381469727,26.639999389648438,26.25,26.440000534057617,18.554933547973633,73421600
2005-11-04,26.530000686645508,26.709999084472656,26.450000762939453,26.65999984741211,18.70931625366211,57464000
2005-11-07,26.719999313354492,27.079999923706055,26.700000762939453,27.010000228881836,18.954933166503906,77104800
2005-11-08,26.940000534057617,27.18000030517578,26.770000457763672,27.049999237060547,18.983009338378906,60091700
2005-11-09,26.979999542236328,27.149999618530273,26.940000534057617,26.959999084472656,18.919851303100586,59562100
2005-11-10,26.940000534057617,27.149999618530273,26.639999389648438,27.09000015258789,19.011077880859375,73314800
2005-11-11,27.149999618530273,27.389999389648438,27.1299991607666,27.280000686645508,19.144424438476562,51945600
2005-11-14,27.360000610351562,27.440000534057617,27.200000762939453,27.3700008392334,19.207582473754883,67152200
2005-11-15,27.329999923706055,27.540000915527344,27.25,27.5,19.355379104614258,65081000
2005-11-16,27.479999542236328,27.8799991607666,27.440000534057617,27.739999771118164,19.52429962158203,86277000
2005-11-17,27.850000381469727,28.0,27.760000228881836,27.969999313354492,19.68617820739746,91351000
2005-11-18,28.1200008392334,28.25,27.899999618530273,28.06999969482422,19.75657081604004,75431200
2005-11-21,28.06999969482422,28.239999771118164,27.84000015258789,28.15999984741211,19.819910049438477,65794400
2005-11-22,28.059999465942383,28.079999923706055,27.860000610351562,27.90999984741211,19.64395523071289,104253300
2005-11-23,27.920000076293945,28.09000015258789,27.739999771118164,27.920000076293945,19.650991439819336,70541300
2005-11-25,27.799999237060547,27.940000534057617,27.469999313354492,27.760000228881836,19.53837776184082,44082500
2005-11-28,27.790000915527344,27.850000381469727,27.530000686645508,27.75,19.53134536743164,57517200
2005-11-29,27.790000915527344,27.790000915527344,27.600000381469727,27.68000030517578,19.48207664489746,62220400
2005-11-30,27.68000030517578,27.770000457763672,27.6299991607666,27.68000030517578,19.48207664489746,55904700
2005-12-01,27.729999542236328,28.100000381469727,27.729999542236328,27.889999389648438,19.6298770904541,61006100
2005-12-02,27.81999969482422,28.100000381469727,27.790000915527344,28.010000228881836,19.714332580566406,42319600
2005-12-05,27.93000030517578,28.020000457763672,27.709999084472656,27.850000381469727,19.601726531982422,47517300
2005-12-06,27.899999618530273,27.920000076293945,27.68000030517578,27.690000534057617,19.48911476135254,65980000
2005-12-07,27.670000076293945,27.75,27.549999237060547,27.75,19.53134536743164,55583200
2005-12-08,27.709999084472656,27.809999465942383,27.600000381469727,27.690000534057617,19.48911476135254,63931600
2005-12-09,27.709999084472656,27.829999923706055,27.639999389648438,27.709999084472656,19.50318145751953,48467000
2005-12-12,27.700000762939453,27.75,27.329999923706055,27.450000762939453,19.320192337036133,63757200
2005-12-13,27.290000915527344,27.43000030517578,27.0,27.1299991607666,19.094970703125,104285500
2005-12-14,27.0,27.239999771118164,26.850000381469727,27.09000015258789,19.066814422607422,65076200
2005-12-15,27.079999923706055,27.110000610351562,26.809999465942383,26.920000076293945,18.947153091430664,79018100
2005-12-16,26.8799991607666,27.079999923706055,26.809999465942383,26.899999618530273,18.933080673217773,88542500
2005-12-19,26.81999969482422,26.8700008392334,26.649999618530273,26.829999923706055,18.88381576538086,68680100
2005-12-20,26.760000228881836,26.8799991607666,26.670000076293945,26.860000610351562,18.904930114746094,62960600
2005-12-21,26.8700008392334,26.90999984741211,26.709999084472656,26.729999542236328,18.813434600830078,75800900
2005-12-22,26.709999084472656,26.780000686645508,26.420000076293945,26.59000015258789,18.714900970458984,91276900
2005-12-23,26.520000457763672,26.670000076293945,26.440000534057617,26.639999389648438,18.750083923339844,30689200
2005-12-27,26.68000030517578,26.850000381469727,26.450000762939453,26.459999084472656,18.62339210510254,37819000
2005-12-28,26.510000228881836,26.65999984741211,26.350000381469727,26.389999389648438,18.574125289916992,35444400
2005-12-29,26.40999984741211,26.5,26.260000228881836,26.270000457763672,18.48966407775879,34495500
2005-12-30,26.149999618530273,26.309999465942383,26.100000381469727,26.149999618530273,18.40520477294922,49044600
2006-01-03,26.25,27.0,26.100000381469727,26.84000015258789,18.89084815979004,79973000
2006-01-04,26.770000457763672,27.079999923706055,26.770000457763672,26.969999313354492,18.98234748840332,57975600
2006-01-05,26.959999084472656,27.1299991607666,26.90999984741211,26.989999771118164,18.996431350708008,48245500
2006-01-06,26.889999389648438,27.0,26.489999771118164,26.90999984741211,18.940120697021484,100963000
2006-01-09,26.93000030517578,27.06999969482422,26.760000228881836,26.860000610351562,18.904930114746094,55625000
2006-01-10,26.649999618530273,27.020000457763672,26.59000015258789,27.0,19.003467559814453,64921900
2006-01-11,27.010000228881836,27.389999389648438,26.899999618530273,27.290000915527344,19.20758056640625,70120700
2006-01-12,27.25,27.260000228881836,26.969999313354492,27.139999389648438,19.102006912231445,45994800
2006-01-13,27.030000686645508,27.25,27.010000228881836,27.190000534057617,19.137191772460938,41418000
2006-01-17,26.899999618530273,27.190000534057617,26.899999618530273,26.989999771118164,18.996431350708008,58566600
2006-01-18,26.739999771118164,26.979999542236328,26.700000762939453,26.829999923706055,18.88381576538086,52376200
2006-01-19,26.8700008392334,27.239999771118164,26.850000381469727,27.020000457763672,19.017545700073242,60367600
2006-01-20,27.010000228881836,27.010000228881836,26.260000228881836,26.40999984741211,18.58820152282715,79165900
2006-01-23,26.40999984741211,26.530000686645508,26.299999237060547,26.350000381469727,18.545970916748047,47925600
2006-01-24,26.34000015258789,26.450000762939453,26.219999313354492,26.280000686645508,18.496700286865234,63040700
2006-01-25,26.40999984741211,26.56999969482422,26.229999542236328,26.399999618530273,18.58116912841797,59072100
2006-01-26,26.559999465942383,26.719999313354492,26.309999465942383,26.5,18.651546478271484,69509300
2006-01-27,27.229999542236328,27.950000762939453,27.190000534057617,27.790000915527344,19.559484481811523,134520700
2006-01-30,27.81999969482422,28.18000030517578,27.780000686645508,28.0,19.707304000854492,103999200
2006-01-31,27.90999984741211,28.3799991607666,27.8700008392334,28.149999618530273,19.81287384033203,94841300
2006-02-01,27.959999084472656,28.06999969482422,27.760000228881836,28.040000915527344,19.73544692993164,68448800
2006-02-02,27.969999313354492,27.989999771118164,27.549999237060547,27.68000030517578,19.48207664489746,55073400
2006-02-03,27.479999542236328,27.700000762939453,27.34000015258789,27.540000915527344,19.383529663085938,75022700
2006-02-06,27.510000228881836,27.540000915527344,27.09000015258789,27.170000076293945,19.12311363220215,60170500
2006-02-07,26.950000762939453,27.149999618530273,26.809999465942383,26.940000534057617,18.961231231689453,72159500
2006-02-08,27.010000228881836,27.079999923706055,26.709999084472656,26.90999984741211,18.940120697021484,51795200
2006-02-09,26.959999084472656,27.030000686645508,26.649999618530273,26.65999984741211,18.764156341552734,52861700
2006-02-10,26.6200008392334,26.889999389648438,26.510000228881836,26.690000534057617,18.7852783203125,52127000
2006-02-13,26.6299991607666,26.700000762939453,26.34000015258789,26.389999389648438,18.574125289916992,46707000
2006-02-14,26.40999984741211,26.68000030517578,26.350000381469727,26.649999618530273,18.757122039794922,58432900
2006-02-15,26.600000381469727,26.93000030517578,26.5,26.8799991607666,18.983108520507812,62808900
2006-02-16,26.850000381469727,26.899999618530273,26.56999969482422,26.809999465942383,18.93367576599121,48868500
2006-02-17,26.670000076293945,26.809999465942383,26.559999465942383,26.700000762939453,18.855998992919922,41513200
2006-02-21,26.719999313354492,26.719999313354492,26.34000015258789,26.540000915527344,18.74300193786621,50216100
2006-02-22,26.530000686645508,26.860000610351562,26.469999313354492,26.719999313354492,18.8701229095459,43043100
2006-02-23,26.729999542236328,26.889999389648438,26.540000915527344,26.65999984741211,18.827743530273438,47359100
2006-02-24,26.59000015258789,26.739999771118164,26.520000457763672,26.6299991607666,18.806560516357422,44753800
2006-02-27,26.75,27.260000228881836,26.670000076293945,27.049999237060547,19.103168487548828,51301500
2006-02-28,26.950000762939453,27.299999237060547,26.8700008392334,26.8700008392334,18.976049423217773,65036100
2006-03-01,26.979999542236328,27.200000762939453,26.950000762939453,27.139999389648438,19.166732788085938,53061200
2006-03-02,27.020000457763672,27.100000381469727,26.899999618530273,26.969999313354492,19.046672821044922,41850300
2006-03-03,26.809999465942383,27.15999984741211,26.739999771118164,26.93000030517578,19.01841926574707,45218800
2006-03-06,26.920000076293945,27.149999618530273,26.829999923706055,26.90999984741211,19.004302978515625,53054100
2006-03-07,26.899999618530273,27.100000381469727,26.809999465942383,27.059999465942383,19.1102294921875,51613900
2006-03-08,26.989999771118164,27.5,26.969999313354492,27.25,19.244415283203125,57547400
2006-03-09,27.270000457763672,27.420000076293945,27.0,27.0,19.0678653717041,45360700
2006-03-10,27.059999465942383,27.219999313354492,26.8799991607666,27.170000076293945,19.18791389465332,41297200
2006-03-13,27.18000030517578,27.290000915527344,26.940000534057617,27.110000610351562,19.145551681518555,40342600
2006-03-14,27.040000915527344,27.3799991607666,26.989999771118164,27.229999542236328,19.23029136657715,39821800
2006-03-15,27.200000762939453,27.450000762939453,27.010000228881836,27.360000610351562,19.322101593017578,57152000
2006-03-16,27.34000015258789,27.479999542236328,27.219999313354492,27.270000457763672,19.2585391998291,73793700
2006-03-17,27.350000381469727,27.65999984741211,27.270000457763672,27.5,19.42096710205078,120615000
2006-03-20,27.700000762939453,27.989999771118164,27.670000076293945,27.889999389648438,19.69639015197754,67094100
2006-03-21,27.739999771118164,28.219999313354492,27.68000030517578,27.739999771118164,19.590457916259766,73199600
2006-03-22,27.079999923706055,27.5,26.799999237060547,27.149999618530273,19.173789978027344,145696100
2006-03-23,27.079999923706055,27.100000381469727,26.65999984741211,26.850000381469727,18.96192741394043,73682900
2006-03-24,26.709999084472656,27.209999084472656,26.6200008392334,27.010000228881836,19.074920654296875,69157600
2006-03-27,27.010000228881836,27.299999237060547,27.0,27.010000228881836,19.074920654296875,59908600
2006-03-28,27.010000228881836,27.209999084472656,26.809999465942383,26.899999618530273,18.997241973876953,58520500
2006-03-29,26.950000762939453,27.200000762939453,26.920000076293945,27.020000457763672,19.081981658935547,53150300
2006-03-30,27.030000686645508,27.389999389648438,27.0,27.229999542236328,19.23029136657715,54612000
2006-03-31,27.299999237060547,27.540000915527344,27.209999084472656,27.209999084472656,19.216163635253906,62190500
2006-04-03,27.670000076293945,27.729999542236328,27.440000534057617,27.559999465942383,19.463340759277344,57605300
2006-04-04,27.600000381469727,27.799999237060547,27.469999313354492,27.639999389648438,19.519838333129883,45470000
2006-04-05,27.8799991607666,27.940000534057617,27.639999389648438,27.739999771118164,19.590457916259766,41539300
2006-04-06,27.65999984741211,27.719999313354492,27.3700008392334,27.559999465942383,19.463340759277344,51885500
2006-04-07,27.610000610351562,27.719999313354492,27.229999542236328,27.25,19.244415283203125,47249400
2006-04-10,27.229999542236328,27.440000534057617,27.200000762939453,27.290000915527344,19.272663116455078,39432000
2006-04-11,27.290000915527344,27.31999969482422,27.0,27.1299991607666,19.159669876098633,42953400
2006-04-12,27.100000381469727,27.200000762939453,26.969999313354492,27.200000762939453,19.2091064453125,32183000
2006-04-13,27.079999923706055,27.200000762939453,27.0,27.06999969482422,19.117300033569336,28160000
2006-04-17,27.030000686645508,27.049999237060547,26.729999542236328,26.84000015258789,18.954864501953125,35796200
2006-04-18,26.940000534057617,27.5,26.81999969482422,27.219999313354492,19.223228454589844,56272700
2006-04-19,27.110000610351562,27.190000534057617,26.959999084472656,27.030000686645508,19.08903694152832,45111100
2006-04-20,27.049999237060547,27.190000534057617,26.700000762939453,27.030000686645508,19.08903694152832,45648300
2006-04-21,27.049999237060547,27.389999389648438,27.0,27.149999618530273,19.173789978027344,58528000
2006-04-24,27.06999969482422,27.25,26.979999542236328,27.110000610351562,19.145551681518555,42318400
2006-04-25,27.09000015258789,27.209999084472656,27.020000457763672,27.110000610351562,19.145551681518555,49222500
2006-04-26,27.079999923706055,27.229999542236328,27.0,27.100000381469727,19.138484954833984,39190000
2006-04-27,26.969999313354492,27.6299991607666,26.940000534057617,27.25,19.244415283203125,96509600
2006-04-28,24.229999542236328,24.5,24.0,24.149999618530273,17.05514144897461,591052200
2006-05-01,24.31999969482422,25.0,24.09000015258789,24.290000915527344,17.154014587402344,174800900
2006-05-02,24.489999771118164,25.0,23.899999618530273,24.010000228881836,16.956270217895508,190533500
2006-05-03,23.989999771118164,24.020000457763672,23.149999618530273,23.170000076293945,16.363048553466797,211527100
2006-05-04,23.350000381469727,23.670000076293945,23.139999389648438,23.440000534057617,16.553722381591797,171257400
2006-05-05,23.65999984741211,23.950000762939453,23.520000457763672,23.799999237060547,16.807958602905273,131604300
2006-05-08,23.850000381469727,25.0,23.510000228881836,23.729999542236328,16.75853729248047,80693500
2006-05-09,23.75,24.0,23.489999771118164,23.6200008392334,16.68083953857422,75345900
2006-05-10,23.670000076293945,23.790000915527344,23.59000015258789,23.770000457763672,16.78678321838379,76563300
2006-05-11,23.709999084472656,23.790000915527344,23.149999618530273,23.219999313354492,16.398359298706055,92916700
2006-05-12,23.139999389648438,23.3700008392334,23.049999237060547,23.170000076293945,16.363048553466797,83115900
2006-05-15,23.100000381469727,23.229999542236328,23.030000686645508,23.149999618530273,16.412681579589844,67314800
2006-05-16,23.15999984741211,24.0,22.90999984741211,23.010000228881836,16.31342315673828,82095100
2006-05-17,22.889999389648438,23.079999923706055,22.729999542236328,22.729999542236328,16.11490249633789,98598300
2006-05-18,22.84000015258789,23.139999389648438,22.760000228881836,22.829999923706055,16.18581199645996,95476400
2006-05-19,22.790000915527344,22.899999618530273,22.520000457763672,22.559999465942383,15.99438190460205,100071200
2006-05-22,22.479999542236328,23.020000457763672,22.450000762939453,22.8799991607666,16.221248626708984,87322300
2006-05-23,23.110000610351562,23.3799991607666,22.770000457763672,22.790000915527344,16.15744972229004,79986300
2006-05-24,22.989999771118164,23.540000915527344,22.979999542236328,23.5,16.660816192626953,107356700
2006-05-25,23.56999969482422,23.920000076293945,23.540000915527344,23.739999771118164,16.83098030090332,83052700
2006-05-26,23.770000457763672,23.8799991607666,23.559999465942383,23.719999313354492,16.816795349121094,46861600
2006-05-30,23.549999237060547,23.760000228881836,23.139999389648438,23.149999618530273,16.412681579589844,52497500
2006-05-31,23.260000228881836,23.350000381469727,22.649999618530273,22.649999618530273,16.05818748474121,120202000
2006-06-01,22.739999771118164,22.84000015258789,22.6200008392334,22.81999969482422,16.1787166595459,80230800
2006-06-02,22.8700008392334,22.989999771118164,22.670000076293945,22.760000228881836,16.13617706298828,73935600
2006-06-05,22.719999313354492,22.729999542236328,22.489999771118164,22.5,15.951844215393066,63914100
2006-06-06,22.549999237060547,22.559999465942383,21.979999542236328,22.1299991607666,15.689531326293945,126601300
2006-06-07,22.149999618530273,22.389999389648438,22.010000228881836,22.040000915527344,15.625720977783203,73827500
2006-06-08,22.030000686645508,22.209999084472656,21.969999313354492,22.110000610351562,15.675345420837402,104126900
2006-06-09,22.149999618530273,22.190000534057617,21.889999389648438,21.920000076293945,15.540643692016602,52573800
2006-06-12,21.959999084472656,22.100000381469727,21.700000762939453,21.709999084472656,15.391756057739258,74309700
2006-06-13,21.729999542236328,22.030000686645508,21.459999084472656,21.510000228881836,15.249961853027344,113175300
2006-06-14,21.59000015258789,21.940000534057617,21.549999237060547,21.8799991607666,15.512285232543945,86081500
2006-06-15,22.010000228881836,22.1299991607666,21.799999237060547,22.06999969482422,15.646984100341797,121577300
2006-06-16,21.969999313354492,22.280000686645508,21.790000915527344,22.100000381469727,15.668259620666504,147506500
2006-06-19,22.139999389648438,22.600000381469727,22.1200008392334,22.549999237060547,15.987286567687988,129640900
2006-06-20,22.540000915527344,22.760000228881836,22.5,22.559999465942383,15.99438190460205,90598500
2006-06-21,22.610000610351562,23.149999618530273,22.530000686645508,23.079999923706055,16.3630428314209,91660300
2006-06-22,23.059999465942383,23.170000076293945,22.780000686645508,22.8799991607666,16.221248626708984,76590600
2006-06-23,22.850000381469727,22.8700008392334,22.5,22.5,15.951844215393066,60532600
2006-06-26,22.649999618530273,22.889999389648438,22.6299991607666,22.81999969482422,16.1787166595459,53644100
2006-06-27,22.889999389648438,23.15999984741211,22.84000015258789,22.860000610351562,16.207073211669922,84759100
2006-06-28,22.959999084472656,23.25,22.90999984741211,23.15999984741211,16.419769287109375,71906500
2006-06-29,23.31999969482422,23.6299991607666,23.219999313354492,23.469999313354492,16.639551162719727,121395500
2006-06-30,23.540000915527344,23.649999618530273,23.299999237060547,23.299999237060547,16.519023895263672,73048800
2006-07-03,23.530000686645508,23.719999313354492,23.450000762939453,23.700000762939453,16.802614212036133,25711400
2006-07-05,23.479999542236328,23.520000457763672,23.299999237060547,23.350000381469727,16.55447769165039,53093500
2006-07-06,23.450000762939453,23.610000610351562,23.420000076293945,23.479999542236328,16.646638870239258,44775200
2006-07-07,23.389999389648438,23.549999237060547,23.299999237060547,23.299999237060547,16.519023895263672,63168800
2006-07-10,23.43000030517578,23.65999984741211,23.3799991607666,23.5,16.660816192626953,50565100
2006-07-11,23.3700008392334,23.3700008392334,22.739999771118164,23.100000381469727,16.37722396850586,88676300
2006-07-12,22.790000915527344,22.8799991607666,22.6200008392334,22.639999389648438,16.051101684570312,77379300
2006-07-13,22.3700008392334,22.610000610351562,22.25,22.260000228881836,15.781696319580078,73099500
2006-07-14,22.280000686645508,22.549999237060547,22.229999542236328,22.290000915527344,15.802963256835938,67499400
2006-07-17,22.290000915527344,22.610000610351562,22.260000228881836,22.479999542236328,15.937662124633789,37053500
2006-07-18,22.59000015258789,22.760000228881836,22.479999542236328,22.739999771118164,16.121997833251953,65047300
2006-07-19,22.81999969482422,23.459999084472656,22.719999313354492,23.399999618530273,16.589923858642578,82188200
2006-07-20,23.440000534057617,23.450000762939453,22.780000686645508,22.850000381469727,16.19998550415039,76605200
2006-07-21,24.079999923706055,24.149999618530273,23.0,23.8700008392334,16.923145294189453,175483800
2006-07-24,24.010000228881836,24.110000610351562,23.790000915527344,24.0,17.015300750732422,59586700
2006-07-25,24.0,24.290000915527344,23.899999618530273,24.219999313354492,17.1712703704834,60075800
2006-07-26,24.1200008392334,24.530000686645508,24.100000381469727,24.3700008392334,17.277631759643555,54942100
2006-07-27,24.579999923706055,24.600000381469727,23.770000457763672,23.8700008392334,16.923145294189453,85386800
2006-07-28,24.079999923706055,24.280000686645508,24.059999465942383,24.25,17.192550659179688,51705800
2006-07-31,24.06999969482422,24.420000076293945,24.010000228881836,24.059999465942383,17.057836532592773,40254400
2006-08-01,24.020000457763672,24.200000762939453,23.850000381469727,23.989999771118164,17.00821304321289,49168700
2006-08-02,24.1200008392334,24.399999618530273,24.030000686645508,24.299999237060547,17.227989196777344,46462000
2006-08-03,24.190000534057617,24.479999542236328,24.149999618530273,24.209999084472656,17.164188385009766,43155300
2006-08-04,24.399999618530273,24.489999771118164,24.149999618530273,24.290000915527344,17.220905303955078,45690400
2006-08-07,24.280000686645508,24.479999542236328,24.190000534057617,24.219999313354492,17.1712703704834,36862400
2006-08-08,24.389999389648438,24.520000457763672,24.200000762939453,24.34000015258789,17.25634765625,58171300
2006-08-09,24.489999771118164,24.639999389648438,24.34000015258789,24.440000534057617,17.327253341674805,44405700
2006-08-10,24.3700008392334,24.600000381469727,24.34000015258789,24.459999084472656,17.341426849365234,31753400
2006-08-11,24.43000030517578,24.450000762939453,24.200000762939453,24.43000030517578,17.32015609741211,30255500
2006-08-14,24.520000457763672,24.600000381469727,24.350000381469727,24.530000686645508,17.391063690185547,47831900
2006-08-15,24.549999237060547,24.649999618530273,24.440000534057617,24.6200008392334,17.51914405822754,48994500
2006-08-16,24.610000610351562,24.729999542236328,24.469999313354492,24.700000762939453,17.57606315612793,52373600
2006-08-17,24.700000762939453,24.75,24.610000610351562,24.700000762939453,17.57606315612793,45674800
2006-08-18,25.049999237060547,25.799999237060547,24.979999542236328,25.790000915527344,18.3516902923584,128414800
2006-08-21,25.65999984741211,26.1299991607666,25.559999465942383,26.1200008392334,18.586519241333008,88398300
2006-08-22,26.010000228881836,26.25,25.6200008392334,25.6200008392334,18.2307186126709,89312400
2006-08-23,25.649999618530273,25.950000762939453,25.520000457763672,25.670000076293945,18.266298294067383,44648500
2006-08-24,25.81999969482422,25.860000610351562,25.5,25.739999771118164,18.31611442565918,35933300
2006-08-25,25.709999084472656,26.0,25.690000534057617,25.850000381469727,18.394390106201172,33115900
2006-08-28,25.84000015258789,26.0,25.690000534057617,25.950000762939453,18.465543746948242,34190900
2006-08-29,25.920000076293945,25.979999542236328,25.6299991607666,25.84000015258789,18.387271881103516,42711200
2006-08-30,25.850000381469727,25.889999389648438,25.639999389648438,25.799999237060547,18.358806610107422,30283100
2006-08-31,25.8700008392334,25.979999542236328,25.68000030517578,25.700000762939453,18.287649154663086,26380500
2006-09-01,25.889999389648438,25.969999313354492,25.639999389648438,25.84000015258789,18.387271881103516,31594600
2006-09-05,25.690000534057617,25.959999084472656,25.559999465942383,25.610000610351562,18.223602294921875,44222400
2006-09-06,25.510000228881836,25.719999313354492,25.510000228881836,25.610000610351562,18.223602294921875,50160400
2006-09-07,25.479999542236328,25.700000762939453,25.389999389648438,25.43000030517578,18.095521926879883,51266900
2006-09-08,25.530000686645508,25.790000915527344,25.459999084472656,25.600000381469727,18.216482162475586,36866800
2006-09-11,25.43000030517578,25.950000762939453,25.420000076293945,25.90999984741211,18.437084197998047,55608200
2006-09-12,25.899999618530273,25.979999542236328,25.719999313354492,25.93000030517578,18.45131492614746,52248800
2006-09-13,25.81999969482422,26.100000381469727,25.81999969482422,25.979999542236328,18.486892700195312,37706700
2006-09-14,25.989999771118164,26.5,25.979999542236328,26.329999923706055,18.735944747924805,74324500
2006-09-15,26.579999923706055,26.940000534057617,26.489999771118164,26.850000381469727,19.105966567993164,126057700
2006-09-18,26.739999771118164,27.040000915527344,26.670000076293945,26.790000915527344,19.063274383544922,49135000
2006-09-19,26.739999771118164,26.940000534057617,26.719999313354492,26.860000610351562,19.113086700439453,43039100
2006-09-20,27.010000228881836,27.229999542236328,26.989999771118164,27.18000030517578,19.340787887573242,71676400
2006-09-21,27.239999771118164,27.25,26.850000381469727,26.899999618530273,19.14154815673828,58495100
2006-09-22,26.829999923706055,26.850000381469727,26.479999542236328,26.65999984741211,18.97076416015625,47712500
2006-09-25,26.809999465942383,27.190000534057617,26.790000915527344,26.950000762939453,19.1771297454834,67903900
2006-09-26,26.90999984741211,27.31999969482422,26.8799991607666,27.200000762939453,19.355024337768555,54766500
2006-09-27,27.18000030517578,27.469999313354492,27.1200008392334,27.440000534057617,19.525800704956055,66233900
2006-09-28,27.469999313354492,27.520000457763672,27.260000228881836,27.399999618530273,19.497344970703125,44179700
2006-09-29,27.350000381469727,27.420000076293945,27.209999084472656,27.350000381469727,19.461761474609375,34283500
2006-10-02,27.31999969482422,27.489999771118164,27.149999618530273,27.360000610351562,19.468873977661133,52908100
2006-10-03,27.3700008392334,27.479999542236328,27.209999084472656,27.3700008392334,19.475994110107422,39386200
2006-10-04,27.389999389648438,27.959999084472656,27.3700008392334,27.940000534057617,19.881591796875,82191200
2006-10-05,27.920000076293945,28.110000610351562,27.780000686645508,27.920000076293945,19.86736297607422,81967200
2006-10-06,27.760000228881836,28.0,27.649999618530273,27.8700008392334,19.8317813873291,36452200
2006-10-09,27.799999237060547,27.93000030517578,27.6200008392334,27.719999313354492,19.725040435791016,33366300
2006-10-10,27.690000534057617,27.75,27.440000534057617,27.690000534057617,19.703699111938477,34598500
2006-10-11,27.459999084472656,27.670000076293945,27.420000076293945,27.540000915527344,19.59695816040039,37219600
2006-10-12,27.579999923706055,28.290000915527344,27.540000915527344,28.219999313354492,20.08083152770996,120174900
2006-10-13,28.34000015258789,28.690000534057617,28.309999465942383,28.3700008392334,20.18756866455078,129751900
2006-10-16,28.479999542236328,28.600000381469727,28.329999923706055,28.450000762939453,20.24449920654297,49744800
2006-10-17,28.239999771118164,28.510000228881836,28.170000076293945,28.440000534057617,20.237382888793945,40122600
2006-10-18,28.5,28.700000762939453,28.260000228881836,28.520000457763672,20.294315338134766,40630800
2006-10-19,28.350000381469727,28.450000762939453,28.1200008392334,28.290000915527344,20.130647659301758,44730800
2006-10-20,28.479999542236328,28.489999771118164,28.170000076293945,28.43000030517578,20.230262756347656,48887800
2006-10-23,28.299999237060547,28.690000534057617,28.18000030517578,28.450000762939453,20.24449920654297,48525000
2006-10-24,28.43000030517578,28.43000030517578,28.1299991607666,28.280000686645508,20.12352752685547,61409600
2006-10-25,28.280000686645508,28.459999084472656,28.139999389648438,28.309999465942383,20.144880294799805,40717100
2006-10-26,28.329999923706055,28.40999984741211,28.040000915527344,28.350000381469727,20.173337936401367,69964200
2006-10-27,28.489999771118164,28.790000915527344,28.25,28.34000015258789,20.166227340698242,89060100
2006-10-30,28.350000381469727,28.84000015258789,28.31999969482422,28.530000686645508,20.301429748535156,47296800
2006-10-31,28.65999984741211,28.850000381469727,28.559999465942383,28.709999084472656,20.429508209228516,61861700
2006-11-01,28.780000686645508,28.989999771118164,28.700000762939453,28.809999465942383,20.50066375732422,75895900
2006-11-02,28.709999084472656,28.860000610351562,28.579999923706055,28.770000457763672,20.472204208374023,58674400
2006-11-03,28.850000381469727,28.93000030517578,28.610000610351562,28.729999542236328,20.443744659423828,41124500
2006-11-06,28.770000457763672,29.049999237060547,28.760000228881836,28.84000015258789,20.522010803222656,60446200
2006-11-07,28.860000610351562,29.06999969482422,28.799999237060547,28.950000762939453,20.60028839111328,56511200
2006-11-08,28.780000686645508,29.229999542236328,28.65999984741211,28.979999542236328,20.621627807617188,77403300
2006-11-09,29.110000610351562,29.399999618530273,29.0,29.260000228881836,20.820880889892578,89407500
2006-11-10,29.170000076293945,29.290000915527344,29.149999618530273,29.239999771118164,20.806655883789062,37855100
2006-11-13,29.190000534057617,29.459999084472656,29.15999984741211,29.350000381469727,20.88492202758789,47271800
2006-11-14,29.280000686645508,29.420000076293945,29.06999969482422,29.229999542236328,20.870643615722656,63012500
2006-11-15,29.1299991607666,29.360000610351562,29.110000610351562,29.1200008392334,20.792098999023438,63943200
2006-11-16,29.139999389648438,29.639999389648438,29.1299991607666,29.469999313354492,21.04201316833496,64328500
2006-11-17,29.309999465942383,29.540000915527344,29.280000686645508,29.399999618530273,20.992033004760742,49356700
2006-11-20,29.520000457763672,30.0,29.5,29.889999389648438,21.341896057128906,85703800
2006-11-21,29.90999984741211,30.0,29.790000915527344,29.920000076293945,21.363309860229492,66446600
2006-11-22,29.969999313354492,30.0,29.81999969482422,29.920000076293945,21.363309860229492,43907200
2006-11-24,29.65999984741211,29.84000015258789,29.639999389648438,29.760000228881836,21.249067306518555,20456700
2006-11-27,29.690000534057617,29.739999771118164,29.329999923706055,29.479999542236328,21.049142837524414,72722100
2006-11-28,29.34000015258789,29.420000076293945,29.1299991607666,29.389999389648438,20.984882354736328,52602300
2006-11-29,29.440000534057617,29.780000686645508,29.43000030517578,29.56999969482422,21.113412857055664,58775100
2006-11-30,29.420000076293945,29.56999969482422,29.329999923706055,29.360000610351562,20.96346664428711,53297400
2006-12-01,29.229999542236328,29.299999237060547,28.899999618530273,29.1200008392334,20.792098999023438,72257000
2006-12-04,29.229999542236328,29.520000457763672,29.170000076293945,29.329999923706055,20.942041397094727,55123400
2006-12-05,29.360000610351562,29.399999618530273,29.030000686645508,29.1299991607666,20.799238204956055,45606000
2006-12-06,29.100000381469727,29.1299991607666,28.8700008392334,28.989999771118164,20.699283599853516,48564100
2006-12-07,28.959999084472656,29.06999969482422,28.809999465942383,28.850000381469727,20.599319458007812,46831100
2006-12-08,28.81999969482422,29.399999618530273,28.799999237060547,29.399999618530273,20.992033004760742,108854900
2006-12-11,29.190000534057617,29.75,29.110000610351562,29.540000915527344,21.09198760986328,107712000
2006-12-12,29.559999465942383,29.6299991607666,29.219999313354492,29.43000030517578,21.013444900512695,68529400
2006-12-13,29.600000381469727,29.600000381469727,29.31999969482422,29.549999237060547,21.099130630493164,46002500
2006-12-14,29.540000915527344,30.079999923706055,29.520000457763672,30.06999969482422,21.47041130065918,85866500
2006-12-15,30.139999389648438,30.229999542236328,30.030000686645508,30.190000534057617,21.55609703063965,102783700
2006-12-18,30.190000534057617,30.260000228881836,29.780000686645508,29.889999389648438,21.341896057128906,56986800
2006-12-19,29.709999084472656,30.170000076293945,29.530000686645508,29.989999771118164,21.413297653198242,53822100
2006-12-20,29.989999771118164,30.239999771118164,29.969999313354492,30.09000015258789,21.48469352722168,31202100
2006-12-21,30.1299991607666,30.139999389648438,29.889999389648438,29.979999542236328,21.406160354614258,32270500
2006-12-22,29.829999923706055,29.860000610351562,29.6200008392334,29.639999389648438,21.16339111328125,37971700
2006-12-26,29.530000686645508,30.0,29.399999618530273,29.989999771118164,21.413297653198242,37098300
2006-12-27,29.989999771118164,30.1299991607666,29.90999984741211,30.020000457763672,21.434709548950195,31248400
2006-12-28,29.860000610351562,30.030000686645508,29.809999465942383,29.979999542236328,21.406160354614258,26690600
2006-12-29,29.860000610351562,30.149999618530273,29.829999923706055,29.860000610351562,21.320476531982422,41739800
2007-01-03,29.90999984741211,30.25,29.399999618530273,29.860000610351562,21.320476531982422,76935100
2007-01-04,29.700000762939453,29.969999313354492,29.440000534057617,29.809999465942383,21.284772872924805,45774500
2007-01-05,29.6299991607666,29.75,29.450000762939453,29.639999389648438,21.16339111328125,44607200
2007-01-08,29.649999618530273,30.100000381469727,29.530000686645508,29.93000030517578,21.370452880859375,50220200
2007-01-09,30.0,30.18000030517578,29.729999542236328,29.959999084472656,21.391874313354492,44636600
2007-01-10,29.799999237060547,29.889999389648438,29.43000030517578,29.65999984741211,21.17766761779785,55017400
2007-01-11,29.760000228881836,30.75,29.649999618530273,30.700000762939453,21.920236587524414,99464300
2007-01-12,30.649999618530273,31.389999389648438,30.639999389648438,31.209999084472656,22.28438949584961,103972500
2007-01-16,31.260000228881836,31.450000762939453,31.030000686645508,31.15999984741211,22.248687744140625,62379600
2007-01-17,31.260000228881836,31.440000534057617,31.010000228881836,31.100000381469727,22.205848693847656,58519600
2007-01-18,31.149999618530273,31.3700008392334,30.799999237060547,31.0,22.13444709777832,56364300
2007-01-19,30.729999542236328,31.110000610351562,30.690000534057617,31.110000610351562,22.212993621826172,75826900
2007-01-22,31.059999465942383,31.1200008392334,30.510000228881836,30.719999313354492,21.934526443481445,56143900
2007-01-23,30.6299991607666,30.959999084472656,30.520000457763672,30.739999771118164,21.948802947998047,49171200
2007-01-24,30.780000686645508,31.299999237060547,30.649999618530273,31.09000015258789,22.198705673217773,58527800
2007-01-25,31.079999923706055,31.479999542236328,30.450000762939453,30.450000762939453,21.74173927307129,97378700
2007-01-26,31.219999313354492,31.229999542236328,30.600000381469727,30.600000381469727,21.848844528198242,96103700
2007-01-29,30.649999618530273,30.780000686645508,30.34000015258789,30.530000686645508,21.79885482788086,57605900
2007-01-30,30.56999969482422,30.639999389648438,30.139999389648438,30.479999542236328,21.763164520263672,61900400
2007-01-31,30.40999984741211,31.100000381469727,30.350000381469727,30.860000610351562,22.03449058532715,73968400
2007-02-01,30.84000015258789,30.940000534057617,30.3700008392334,30.559999465942383,21.820281982421875,55355800
2007-02-02,30.81999969482422,30.84000015258789,30.1299991607666,30.190000534057617,21.55609703063965,60401700
2007-02-05,29.969999313354492,30.020000457763672,29.40999984741211,29.610000610351562,21.141971588134766,99102100
2007-02-06,29.59000015258789,29.75,29.219999313354492,29.510000228881836,21.0705623626709,79281100
2007-02-07,29.639999389648438,29.700000762939453,29.25,29.3700008392334,20.970598220825195,65145500
2007-02-08,29.239999771118164,29.799999237060547,29.200000762939453,29.260000228881836,20.892066955566406,48749000
2007-02-09,29.350000381469727,29.399999618530273,28.93000030517578,28.979999542236328,20.6921329498291,69823100
2007-02-12,28.889999389648438,29.09000015258789,28.829999923706055,28.940000534057617,20.663585662841797,52774400
2007-02-13,29.040000915527344,29.200000762939453,28.959999084472656,29.010000228881836,20.78538703918457,50348100
2007-02-14,29.170000076293945,29.690000534057617,29.149999618530273,29.399999618530273,21.064817428588867,55588600
2007-02-15,29.579999923706055,29.649999618530273,29.219999313354492,29.459999084472656,21.10780143737793,63858100
2007-02-16,28.90999984741211,28.940000534057617,28.649999618530273,28.739999771118164,20.59192657470703,109340300
2007-02-20,28.6299991607666,28.860000610351562,28.469999313354492,28.829999923706055,20.65641975402832,53978200
2007-02-21,28.75,29.389999389648438,28.739999771118164,29.350000381469727,21.02898597717285,68604900
2007-02-22,29.309999465942383,29.540000915527344,29.15999984741211,29.389999389648438,21.057645797729492,57754400
2007-02-23,29.219999313354492,29.280000686645508,28.889999389648438,28.899999618530273,20.706567764282227,63787100
2007-02-26,28.959999084472656,29.09000015258789,28.81999969482422,29.06999969482422,20.828367233276367,63481900
2007-02-27,28.709999084472656,28.969999313354492,27.790000915527344,27.8700008392334,19.968582153320312,87143300
2007-02-28,27.950000762939453,28.25,27.920000076293945,28.170000076293945,20.18352699279785,86333300
2007-03-01,27.81999969482422,28.329999923706055,27.729999542236328,28.09000015258789,20.126203536987305,80175700
2007-03-02,28.020000457763672,28.15999984741211,27.760000228881836,27.760000228881836,19.88976287841797,63254700
2007-03-05,27.489999771118164,27.90999984741211,27.40999984741211,27.549999237060547,19.739307403564453,56454300
2007-03-06,27.799999237060547,27.940000534057617,27.649999618530273,27.829999923706055,19.939922332763672,49361800
2007-03-07,27.760000228881836,27.899999618530273,27.549999237060547,27.610000610351562,19.782289505004883,52044700
2007-03-08,27.719999313354492,27.850000381469727,26.600000381469727,27.31999969482422,19.574514389038086,72175200
2007-03-09,27.420000076293945,27.479999542236328,27.030000686645508,27.290000915527344,19.55301856994629,80125000
2007-03-12,27.18000030517578,27.479999542236328,27.1299991607666,27.440000534057617,19.660491943359375,36516400
2007-03-13,27.25,27.399999618530273,26.709999084472656,26.719999313354492,19.144622802734375,75169500
2007-03-14,26.81999969482422,27.399999618530273,26.729999542236328,27.399999618530273,19.631832122802734,75730300
2007-03-15,27.31999969482422,27.469999313354492,27.200000762939453,27.280000686645508,19.545856475830078,51757100
2007-03-16,27.350000381469727,27.479999542236328,27.200000762939453,27.329999923706055,19.581674575805664,65055300
2007-03-19,27.34000015258789,27.829999923706055,27.200000762939453,27.829999923706055,19.939922332763672,49412000
2007-03-20,27.93000030517578,28.15999984741211,27.760000228881836,27.84000015258789,19.94709014892578,47902400
2007-03-21,27.899999618530273,28.520000457763672,27.559999465942383,28.520000457763672,20.434301376342773,72808200
2007-03-22,28.520000457763672,28.549999237060547,28.010000228881836,28.270000457763672,20.255178451538086,47934900
2007-03-23,28.219999313354492,28.270000457763672,27.799999237060547,28.020000457763672,20.0760498046875,50519800
2007-03-26,27.940000534057617,28.219999313354492,27.700000762939453,28.219999313354492,20.219348907470703,47491500
2007-03-27,28.040000915527344,28.15999984741211,27.649999618530273,27.719999313354492,19.86110496520996,58979800
2007-03-28,27.579999923706055,28.0,27.399999618530273,27.639999389648438,19.80378532409668,46947000
2007-03-29,27.84000015258789,27.850000381469727,27.489999771118164,27.75,19.88259506225586,42629900
2007-03-30,27.75,27.950000762939453,27.5,27.8700008392334,19.968582153320312,47061000
2007-04-02,27.889999389648438,27.93000030517578,27.559999465942383,27.739999771118164,19.875442504882812,41977600
2007-04-03,27.860000610351562,28.059999465942383,27.75,27.8700008392334,19.968582153320312,39821300
2007-04-04,28.010000228881836,28.780000686645508,27.899999618530273,28.5,20.41996955871582,63244200
2007-04-05,28.31999969482422,28.649999618530273,28.299999237060547,28.549999237060547,20.45578956604004,30131200
2007-04-09,28.579999923706055,28.719999313354492,28.389999389648438,28.56999969482422,20.470130920410156,31384600
2007-04-10,28.5,28.639999389648438,28.219999313354492,28.399999618530273,20.348312377929688,38643100
2007-04-11,28.299999237060547,28.56999969482422,27.989999771118164,28.110000610351562,20.140539169311523,44050200
2007-04-12,28.059999465942383,28.6200008392334,28.040000915527344,28.540000915527344,20.44862174987793,43762100
2007-04-13,28.43000030517578,28.700000762939453,28.100000381469727,28.610000610351562,20.4987850189209,36002900
2007-04-16,28.600000381469727,28.75,28.209999084472656,28.729999542236328,20.584762573242188,30740100
2007-04-17,28.6299991607666,28.889999389648438,28.559999465942383,28.850000381469727,20.670738220214844,33170200
2007-04-18,28.610000610351562,28.670000076293945,28.360000610351562,28.600000381469727,20.491619110107422,41778400
2007-04-19,28.34000015258789,28.889999389648438,28.260000228881836,28.690000534057617,20.556102752685547,43648800
2007-04-20,28.979999542236328,29.100000381469727,28.700000762939453,29.020000457763672,20.79254722595215,60311500
2007-04-23,28.959999084472656,28.989999771118164,28.670000076293945,28.780000686645508,20.620588302612305,41739100
2007-04-24,28.790000915527344,28.959999084472656,28.59000015258789,28.790000915527344,20.62775421142578,34236700
2007-04-25,28.860000610351562,29.0,28.690000534057617,28.989999771118164,20.771059036254883,39475000
2007-04-26,29.09000015258789,29.350000381469727,28.90999984741211,29.100000381469727,20.84986686706543,68760300
2007-04-27,30.170000076293945,30.739999771118164,30.0,30.1200008392334,21.580686569213867,128298800
2007-04-30,30.1299991607666,30.3700008392334,29.940000534057617,29.940000534057617,21.45171546936035,67788800
2007-05-01,29.940000534057617,30.420000076293945,29.899999618530273,30.399999618530273,21.781301498413086,73539300
2007-05-02,30.389999389648438,30.690000534057617,30.299999237060547,30.610000610351562,21.931760787963867,80686700
2007-05-03,30.600000381469727,31.0,30.530000686645508,30.969999313354492,22.189706802368164,82036800
2007-05-04,30.68000030517578,30.700000762939453,30.290000915527344,30.559999465942383,21.89594268798828,104385900
2007-05-07,30.520000457763672,30.760000228881836,30.479999542236328,30.709999084472656,22.0034122467041,59889100
2007-05-08,30.68000030517578,30.940000534057617,30.579999923706055,30.75,22.032072067260742,60551700
2007-05-09,30.700000762939453,30.93000030517578,30.56999969482422,30.780000686645508,22.05356788635254,51735000
2007-05-10,30.68000030517578,30.93000030517578,30.530000686645508,30.579999923706055,21.91026496887207,55398600
2007-05-11,30.56999969482422,30.979999542236328,30.549999237060547,30.889999389648438,22.13237190246582,43425300
2007-05-14,30.84000015258789,30.989999771118164,30.809999465942383,30.969999313354492,22.189706802368164,70188500
2007-05-15,30.899999618530273,31.09000015258789,30.84000015258789,30.899999618530273,22.21126365661621,75013900
2007-05-16,31.0,31.09000015258789,30.809999465942383,31.06999969482422,22.33346176147461,45833600
2007-05-17,31.030000686645508,31.139999389648438,30.959999084472656,30.979999542236328,22.26877212524414,41045600
2007-05-18,30.969999313354492,30.989999771118164,30.579999923706055,30.829999923706055,22.160951614379883,58453000
2007-05-21,30.729999542236328,31.15999984741211,30.729999542236328,31.049999237060547,22.319091796875,41836400
2007-05-22,30.899999618530273,30.93000030517578,30.65999984741211,30.690000534057617,22.060317993164062,39999500
2007-05-23,30.84000015258789,30.84000015258789,30.56999969482422,30.579999923706055,21.98124122619629,46322500
2007-05-24,30.540000915527344,30.799999237060547,29.959999084472656,30.170000076293945,21.68653106689453,64046400
2007-05-25,30.280000686645508,30.65999984741211,30.18000030517578,30.479999542236328,21.909360885620117,47726500
2007-05-29,30.489999771118164,30.829999923706055,30.389999389648438,30.790000915527344,22.132200241088867,42373100
2007-05-30,30.549999237060547,31.1299991607666,30.510000228881836,31.110000610351562,22.362213134765625,57376800
2007-05-31,31.1200008392334,31.15999984741211,30.610000610351562,30.690000534057617,22.060317993164062,85290500
2007-06-01,30.790000915527344,30.899999618530273,30.549999237060547,30.59000015258789,21.98843002319336,39469400
2007-06-04,30.420000076293945,30.760000228881836,30.399999618530273,30.719999313354492,22.081876754760742,41434500
2007-06-05,30.6200008392334,30.6299991607666,30.329999923706055,30.579999923706055,21.98124122619629,44265000
2007-06-06,30.3700008392334,30.530000686645508,30.25,30.290000915527344,21.772794723510742,38217500
2007-06-07,30.020000457763672,30.290000915527344,29.59000015258789,29.6200008392334,21.291196823120117,71971400
2007-06-08,29.579999923706055,30.059999465942383,29.40999984741211,30.049999237060547,21.600278854370117,61346200
2007-06-11,29.940000534057617,30.25,29.93000030517578,30.020000457763672,21.57870864868164,48467400
2007-06-12,29.959999084472656,30.239999771118164,29.770000457763672,29.850000381469727,21.45651626586914,56981800
2007-06-13,29.969999313354492,30.40999984741211,29.850000381469727,30.389999389648438,21.844675064086914,64435600
2007-06-14,30.350000381469727,30.709999084472656,30.299999237060547,30.520000457763672,21.938114166259766,59065700
2007-06-15,30.860000610351562,30.8799991607666,30.43000030517578,30.489999771118164,21.916553497314453,100933000
2007-06-18,30.690000534057617,30.719999313354492,30.420000076293945,30.510000228881836,21.93092918395996,45412600
2007-06-19,30.479999542236328,30.65999984741211,30.3799991607666,30.459999084472656,21.89498519897461,46802600
2007-06-20,30.440000534057617,30.510000228881836,29.959999084472656,30.010000228881836,21.571531295776367,46861600
2007-06-21,29.979999542236328,30.299999237060547,29.90999984741211,30.219999313354492,21.72247314453125,56564800
2007-06-22,30.0,30.100000381469727,29.450000762939453,29.489999771118164,21.197742462158203,86219900
2007-06-25,29.469999313354492,29.770000457763672,29.3799991607666,29.489999771118164,21.197742462158203,53905800
2007-06-26,29.549999237060547,29.799999237060547,29.5,29.520000457763672,21.21930694580078,48340300
2007-06-27,29.360000610351562,29.950000762939453,29.360000610351562,29.8700008392334,21.470895767211914,53468600
2007-06-28,29.860000610351562,29.969999313354492,29.68000030517578,29.829999923706055,21.4421443939209,46055200
2007-06-29,29.8700008392334,29.93000030517578,29.040000915527344,29.469999313354492,21.1833553314209,71193900
2007-07-02,29.670000076293945,29.799999237060547,29.489999771118164,29.739999771118164,21.37744903564453,47316000
2007-07-03,29.790000915527344,30.219999313354492,29.780000686645508,30.020000457763672,21.57870864868164,35202600
2007-07-05,30.049999237060547,30.219999313354492,29.829999923706055,29.989999771118164,21.557151794433594,47838500
2007-07-06,29.90999984741211,30.040000915527344,29.65999984741211,29.969999313354492,21.542776107788086,57541000
2007-07-09,29.860000610351562,29.950000762939453,29.809999465942383,29.8700008392334,21.470895767211914,33831400
2007-07-10,29.700000762939453,29.989999771118164,29.18000030517578,29.329999923706055,21.082735061645508,66013500
2007-07-11,29.239999771118164,29.649999618530273,29.209999084472656,29.489999771118164,21.197742462158203,48017000
2007-07-12,29.559999465942383,30.110000610351562,29.440000534057617,30.06999969482422,21.614660263061523,54302400
2007-07-13,29.940000534057617,30.020000457763672,29.65999984741211,29.81999969482422,21.434951782226562,42173000
2007-07-16,29.760000228881836,30.239999771118164,29.719999313354492,30.030000686645508,21.585901260375977,48023200
2007-07-17,30.020000457763672,30.8799991607666,30.010000228881836,30.780000686645508,22.125009536743164,77539600
2007-07-18,30.510000228881836,30.969999313354492,30.5,30.920000076293945,22.22563934326172,64414400
2007-07-19,31.049999237060547,31.84000015258789,30.93000030517578,31.510000228881836,22.649738311767578,121159300
2007-07-20,31.149999618530273,31.200000762939453,30.790000915527344,31.15999984741211,22.398151397705078,98292600
2007-07-23,31.360000610351562,31.520000457763672,31.1200008392334,31.190000534057617,22.419727325439453,48910600
2007-07-24,31.010000228881836,31.479999542236328,30.709999084472656,30.799999237060547,22.139385223388672,59729300
2007-07-25,30.989999771118164,31.299999237060547,30.3700008392334,30.709999084472656,22.074684143066406,54950100
2007-07-26,30.239999771118164,30.530000686645508,29.510000228881836,29.979999542236328,21.54996109008789,87025300
2007-07-27,29.93000030517578,30.0,29.360000610351562,29.389999389648438,21.1258602142334,69214600
2007-07-30,29.40999984741211,29.489999771118164,28.950000762939453,29.399999618530273,21.133045196533203,67499600
2007-07-31,29.709999084472656,29.719999313354492,28.979999542236328,28.989999771118164,20.83833885192871,66554000
2007-08-01,28.950000762939453,29.549999237060547,28.81999969482422,29.299999237060547,21.061166763305664,80006300
2007-08-02,29.190000534057617,29.790000915527344,29.020000457763672,29.520000457763672,21.21930694580078,47938300
2007-08-03,29.450000762939453,29.780000686645508,28.899999618530273,28.959999084472656,20.816774368286133,61535500
2007-08-06,29.049999237060547,29.540000915527344,28.75,29.540000915527344,21.233684539794922,59530500
2007-08-07,29.329999923706055,29.790000915527344,29.049999237060547,29.549999237060547,21.240867614746094,49163000
2007-08-08,29.719999313354492,30.010000228881836,29.209999084472656,30.0,21.5643253326416,52898600
2007-08-09,29.639999389648438,30.100000381469727,28.920000076293945,29.299999237060547,21.061166763305664,72964500
2007-08-10,28.899999618530273,29.049999237060547,28.260000228881836,28.709999084472656,20.637073516845703,76576200
2007-08-13,28.940000534057617,28.989999771118164,28.440000534057617,28.6299991607666,20.57956886291504,55492300
2007-08-14,28.770000457763672,28.889999389648438,28.200000762939453,28.270000457763672,20.39202117919922,42944100
2007-08-15,28.239999771118164,28.989999771118164,28.049999237060547,28.100000381469727,20.269393920898438,48117700
2007-08-16,27.8799991607666,28.350000381469727,27.510000228881836,27.809999465942383,20.060209274291992,81447400
2007-08-17,28.09000015258789,28.25,27.81999969482422,28.25,20.377593994140625,76747700
2007-08-20,28.18000030517578,28.489999771118164,28.079999923706055,28.260000228881836,20.384801864624023,49952000
2007-08-21,28.100000381469727,28.31999969482422,27.8700008392334,28.06999969482422,20.24775505065918,50786200
2007-08-22,28.270000457763672,28.31999969482422,28.010000228881836,28.219999313354492,20.3559513092041,44763500
2007-08-23,28.280000686645508,28.329999923706055,28.100000381469727,28.299999237060547,20.41366195678711,33886600
2007-08-24,28.209999084472656,28.84000015258789,28.06999969482422,28.809999465942383,20.781539916992188,45158900
2007-08-27,28.610000610351562,28.770000457763672,28.399999618530273,28.489999771118164,20.550710678100586,32789500
2007-08-28,28.299999237060547,28.489999771118164,27.90999984741211,27.93000030517578,20.146770477294922,43924400
2007-08-29,28.1299991607666,28.610000610351562,27.81999969482422,28.59000015258789,20.622840881347656,45753700
2007-08-30,28.420000076293945,28.93000030517578,28.31999969482422,28.450000762939453,20.521862030029297,33690700
2007-08-31,28.700000762939453,28.920000076293945,28.360000610351562,28.729999542236328,20.723831176757812,42511900
2007-09-04,28.5,29.100000381469727,28.479999542236328,28.809999465942383,20.781539916992188,45689600
2007-09-05,28.649999618530273,28.729999542236328,28.420000076293945,28.479999542236328,20.54349708557129,47669800
2007-09-06,28.559999465942383,29.010000228881836,28.549999237060547,28.90999984741211,20.85367202758789,45430800
2007-09-07,28.6200008392334,28.829999923706055,28.31999969482422,28.440000534057617,20.514644622802734,52160900
2007-09-10,28.670000076293945,28.75,28.40999984741211,28.479999542236328,20.54349708557129,37247600
2007-09-11,28.6299991607666,28.950000762939453,28.579999923706055,28.93000030517578,20.868099212646484,34380800
2007-09-12,28.809999465942383,29.170000076293945,28.799999237060547,28.93000030517578,20.868099212646484,42364700
2007-09-13,29.1200008392334,29.260000228881836,28.959999084472656,29.15999984741211,21.034006118774414,35288600
2007-09-14,28.979999542236328,29.110000610351562,28.8799991607666,29.040000915527344,20.947450637817383,33496600
2007-09-17,28.790000915527344,28.8799991607666,28.6200008392334,28.729999542236328,20.723831176757812,39536500
2007-09-18,28.700000762939453,28.969999313354492,28.270000457763672,28.93000030517578,20.868099212646484,77462400
2007-09-19,28.8700008392334,28.90999984741211,28.299999237060547,28.670000076293945,20.680551528930664,94242200
2007-09-20,28.479999542236328,28.579999923706055,28.34000015258789,28.420000076293945,20.50021743774414,67168900
2007-09-21,28.690000534057617,28.809999465942383,28.440000534057617,28.649999618530273,20.666126251220703,135636100
2007-09-24,28.809999465942383,29.610000610351562,28.799999237060547,29.079999923706055,20.976295471191406,104459800
2007-09-25,29.139999389648438,29.559999465942383,29.110000610351562,29.559999465942383,21.322528839111328,75621000
2007-09-26,29.68000030517578,29.850000381469727,29.479999542236328,29.5,21.279254913330078,60337000
2007-09-27,29.700000762939453,29.719999313354492,29.440000534057617,29.489999771118164,21.27204704284668,43407100
2007-09-28,29.489999771118164,29.690000534057617,29.229999542236328,29.459999084472656,21.250402450561523,45819100
2007-10-01,29.459999084472656,29.790000915527344,29.40999984741211,29.770000457763672,21.474008560180664,43875100
2007-10-02,29.700000762939453,29.850000381469727,29.56999969482422,29.700000762939453,21.423519134521484,33700900
2007-10-03,29.709999084472656,29.850000381469727,29.290000915527344,29.450000762939453,21.243186950683594,37633900
2007-10-04,29.559999465942383,29.770000457763672,29.440000534057617,29.709999084472656,21.430728912353516,37868000
2007-10-05,29.889999389648438,29.989999771118164,29.729999542236328,29.84000015258789,21.524507522583008,45012300
2007-10-08,29.65999984741211,29.850000381469727,29.600000381469727,29.84000015258789,21.524507522583008,30265400
2007-10-09,30.030000686645508,30.389999389648438,30.0,30.100000381469727,21.712060928344727,63603100
2007-10-10,30.040000915527344,30.3700008392334,30.030000686645508,30.229999542236328,21.80582618713379,32251500
2007-10-11,30.299999237060547,30.6299991607666,29.790000915527344,29.90999984741211,21.57499885559082,50788400
2007-10-12,30.030000686645508,30.399999618530273,29.950000762939453,30.170000076293945,21.76253890991211,31121100
2007-10-15,30.100000381469727,30.329999923706055,30.0,30.040000915527344,21.668779373168945,47150500
2007-10-16,30.239999771118164,30.579999923706055,30.229999542236328,30.31999969482422,21.870746612548828,56286200
2007-10-17,30.75,31.229999542236328,30.649999618530273,31.079999923706055,22.418956756591797,86092400
2007-10-18,31.219999313354492,31.229999542236328,30.6299991607666,31.15999984741211,22.476661682128906,49208600
2007-10-19,31.09000015258789,31.09000015258789,30.110000610351562,30.170000076293945,21.76253890991211,75200200
2007-10-22,30.1200008392334,30.700000762939453,30.1200008392334,30.510000228881836,22.007793426513672,58785100
2007-10-23,30.709999084472656,31.1200008392334,30.709999084472656,30.899999618530273,22.28911781311035,49956200
2007-10-24,30.850000381469727,31.299999237060547,30.5,31.25,22.541580200195312,77979200
2007-10-25,31.56999969482422,32.220001220703125,31.489999771118164,31.989999771118164,23.07537269592285,169588700
2007-10-26,36.0099983215332,36.029998779296875,34.560001373291016,35.029998779296875,25.268211364746094,288121200
2007-10-29,34.849998474121094,35.290000915527344,34.45000076293945,34.56999969482422,24.936405181884766,114655600
2007-10-30,34.369998931884766,35.59000015258789,34.349998474121094,35.56999969482422,25.657732009887695,107297300
2007-10-31,35.52000045776367,37.0,35.5099983215332,36.810001373291016,26.55217933654785,185635800
2007-11-01,36.529998779296875,37.4900016784668,36.36000061035156,37.060001373291016,26.732519149780273,152078800
2007-11-02,37.220001220703125,37.5,36.41999816894531,37.060001373291016,26.732519149780273,96389800
2007-11-05,36.7599983215332,37.099998474121094,36.630001068115234,36.72999954223633,26.494482040405273,75485400
2007-11-06,36.59000015258789,36.65999984741211,35.869998931884766,36.40999984741211,26.26364517211914,100966700
2007-11-07,36.040000915527344,36.15999984741211,35.45000076293945,35.52000045776367,25.621667861938477,74897800
2007-11-08,35.599998474121094,35.900001525878906,34.400001525878906,34.7400016784668,25.059019088745117,133742400
2007-11-09,34.18000030517578,34.540000915527344,33.650001525878906,33.72999954223633,24.330488204956055,125136900
2007-11-12,33.31999969482422,33.709999084472656,33.02000045776367,33.380001068115234,24.078018188476562,84865200
2007-11-13,33.540000915527344,34.66999816894531,33.380001068115234,34.459999084472656,24.939237594604492,104311500
2007-11-14,34.619998931884766,34.75,33.75,33.93000030517578,24.5556697845459,84063100
2007-11-15,33.7599983215332,34.099998474121094,33.54999923706055,33.7599983215332,24.432634353637695,64014100
2007-11-16,33.86000061035156,34.2599983215332,33.709999084472656,34.09000015258789,24.671466827392578,71113800
2007-11-19,33.959999084472656,34.2400016784668,33.869998931884766,33.959999084472656,24.577383041381836,63026200
2007-11-20,34.22999954223633,34.970001220703125,34.099998474121094,34.58000183105469,25.02608871459961,100009400
2007-11-21,34.400001525878906,34.72999954223633,34.18000030517578,34.22999954223633,24.77277946472168,89518700
2007-11-23,34.36000061035156,34.439998626708984,33.709999084472656,34.11000061035156,24.685941696166992,33467200
2007-11-26,34.09000015258789,34.369998931884766,32.93000030517578,32.970001220703125,23.860902786254883,80335000
2007-11-27,33.27000045776367,33.599998474121094,32.68000030517578,33.060001373291016,23.926034927368164,84178400
2007-11-28,33.380001068115234,33.88999938964844,32.900001525878906,33.70000076293945,24.389217376708984,88585000
2007-11-29,33.58000183105469,33.93000030517578,33.310001373291016,33.59000015258789,24.309598922729492,53633600
2007-11-30,33.91999816894531,34.119998931884766,33.189998626708984,33.599998474121094,24.316843032836914,71027800
2007-12-03,33.5,33.63999938964844,32.68000030517578,32.91999816894531,23.82471466064453,61770600
2007-12-04,32.7400016784668,33.2400016784668,32.630001068115234,32.77000045776367,23.716161727905273,54801500
2007-12-05,33.13999938964844,34.52000045776367,33.029998779296875,34.150001525878906,24.714879989624023,84894700
2007-12-06,34.2599983215332,34.61000061035156,33.869998931884766,34.54999923706055,25.004379272460938,49209700
2007-12-07,34.61000061035156,34.70000076293945,34.220001220703125,34.529998779296875,24.989900588989258,40771000
2007-12-10,34.63999938964844,34.95000076293945,34.470001220703125,34.7599983215332,25.156352996826172,36083500
2007-12-11,34.72999954223633,34.9900016784668,33.93000030517578,34.099998474121094,24.678693771362305,55070700
2007-12-12,34.61000061035156,35.09000015258789,33.93000030517578,34.470001220703125,24.94647789001465,63345400
2007-12-13,34.47999954223633,35.45000076293945,34.279998779296875,35.220001220703125,25.489253997802734,73913200
2007-12-14,35.04999923706055,35.84000015258789,35.0099983215332,35.310001373291016,25.554405212402344,71126200
2007-12-17,35.029998779296875,35.130001068115234,34.36000061035156,34.38999938964844,24.88858413696289,58121200
2007-12-18,34.63999938964844,35.0,34.209999084472656,34.7400016784668,25.141878128051758,52791800
2007-12-19,34.689998626708984,35.13999938964844,34.380001068115234,34.790000915527344,25.17806053161621,58469100
2007-12-20,35.290000915527344,35.790000915527344,35.08000183105469,35.52000045776367,25.706369400024414,59345000
2007-12-21,35.900001525878906,36.060001373291016,35.75,36.060001373291016,26.097183227539062,83240500
2007-12-24,36.130001068115234,36.720001220703125,36.04999923706055,36.58000183105469,26.473526000976562,29622600
2007-12-26,36.40999984741211,36.63999938964844,36.2599983215332,36.61000061035156,26.495229721069336,30252400
2007-12-27,36.349998474121094,36.54999923706055,35.939998626708984,35.970001220703125,26.032052993774414,33311100
2007-12-28,36.099998474121094,36.22999954223633,35.66999816894531,36.119998931884766,26.140621185302734,33447200
2007-12-31,35.900001525878906,35.9900016784668,35.52000045776367,35.599998474121094,25.76426124572754,35229700
2008-01-02,35.790000915527344,35.959999084472656,35.0,35.220001220703125,25.489253997802734,63004200
2008-01-03,35.220001220703125,35.650001525878906,34.86000061035156,35.369998931884766,25.597824096679688,49599600
2008-01-04,35.189998626708984,35.20000076293945,34.09000015258789,34.380001068115234,24.881338119506836,72090800
2008-01-07,34.54999923706055,34.79999923706055,34.25,34.61000061035156,25.047801971435547,80164300
2008-01-08,34.709999084472656,34.709999084472656,33.400001525878906,33.45000076293945,24.208284378051758,79148300
2008-01-09,33.36000061035156,34.540000915527344,33.349998474121094,34.439998626708984,24.92477035522461,74305500
2008-01-10,34.349998474121094,34.5,33.779998779296875,34.33000183105469,24.84515380859375,72446000
2008-01-11,34.13999938964844,34.2400016784668,33.720001220703125,33.90999984741211,24.541200637817383,55187900
2008-01-14,34.459999084472656,34.56999969482422,34.08000183105469,34.38999938964844,24.88858413696289,52792200
2008-01-15,34.029998779296875,34.380001068115234,34.0,34.0,24.60633087158203,61606200
2008-01-16,33.41999816894531,33.650001525878906,32.5099983215332,33.22999954223633,24.049076080322266,120778500
2008-01-17,33.540000915527344,33.79999923706055,32.970001220703125,33.11000061035156,23.962223052978516,94247800
2008-01-18,33.15999984741211,34.0,32.970001220703125,33.0099983215332,23.889848709106445,117062000
2008-01-22,31.540000915527344,32.529998779296875,31.5,31.959999084472656,23.12994384765625,108521400
2008-01-23,31.479999542236328,32.04999923706055,31.040000915527344,31.93000030517578,23.10823631286621,137597400
2008-01-24,32.349998474121094,33.36000061035156,32.119998931884766,33.25,24.063539505004883,155640400
2008-01-25,34.900001525878906,35.0,32.869998931884766,32.939998626708984,23.83919334411621,196992300
2008-01-28,33.02000045776367,33.099998474121094,32.41999816894531,32.720001220703125,23.679969787597656,81019000
2008-01-29,32.849998474121094,32.88999938964844,32.349998474121094,32.599998474121094,23.593122482299805,68023000
2008-01-30,32.560001373291016,32.79999923706055,32.04999923706055,32.20000076293945,23.30364227294922,106432600
2008-01-31,31.90999984741211,32.7400016784668,31.719999313354492,32.599998474121094,23.593122482299805,103642200
2008-02-01,31.059999465942383,33.25,30.25,30.450000762939453,22.037141799926758,291138900
2008-02-04,30.489999771118164,30.719999313354492,30.110000610351562,30.190000534057617,21.848974227905273,119998600
2008-02-05,29.90999984741211,29.940000534057617,28.889999389648438,29.06999969482422,21.038415908813477,137534100
2008-02-06,29.280000686645508,29.350000381469727,28.290000915527344,28.520000457763672,20.640369415283203,138315600
2008-02-07,28.34000015258789,28.780000686645508,27.899999618530273,28.1200008392334,20.35088539123535,164964900
2008-02-08,28.290000915527344,29.079999923706055,28.239999771118164,28.559999465942383,20.6693172454834,124872000
2008-02-11,28.520000457763672,28.610000610351562,27.90999984741211,28.209999084472656,20.4160213470459,156814100
2008-02-12,28.43000030517578,28.6200008392334,28.110000610351562,28.34000015258789,20.510099411010742,84365900
2008-02-13,28.6200008392334,29.049999237060547,28.530000686645508,28.959999084472656,20.958799362182617,88986200
2008-02-14,28.8799991607666,29.040000915527344,28.459999084472656,28.5,20.625890731811523,69113500
2008-02-15,28.309999465942383,28.639999389648438,28.25,28.420000076293945,20.567996978759766,68166100
2008-02-19,28.799999237060547,28.84000015258789,28.06999969482422,28.170000076293945,20.466278076171875,68261200
2008-02-20,28.149999618530273,28.260000228881836,27.920000076293945,28.219999313354492,20.502605438232422,93056200
2008-02-21,28.6200008392334,28.959999084472656,27.959999084472656,28.100000381469727,20.415424346923828,98776500
2008-02-22,28.239999771118164,28.389999389648438,27.200000762939453,27.68000030517578,20.110288619995117,125705400
2008-02-25,27.649999618530273,28.239999771118164,27.479999542236328,27.84000015258789,20.226526260375977,109974300
2008-02-26,27.739999771118164,28.860000610351562,27.670000076293945,28.3799991607666,20.618850708007812,108923500
2008-02-27,28.190000534057617,28.68000030517578,28.100000381469727,28.260000228881836,20.53167152404785,75199500
2008-02-28,28.020000457763672,28.270000457763672,27.799999237060547,27.93000030517578,20.291915893554688,83002900
2008-02-29,27.690000534057617,27.829999923706055,27.020000457763672,27.200000762939453,19.761554718017578,117411400
2008-03-03,27.239999771118164,27.389999389648438,26.8700008392334,26.989999771118164,19.608985900878906,76544300
2008-03-04,27.020000457763672,27.6299991607666,26.959999084472656,27.59000015258789,20.044904708862305,86925600
2008-03-05,27.75,28.40999984741211,27.700000762939453,28.1200008392334,20.42995834350586,106489800
2008-03-06,28.059999465942383,28.170000076293945,27.5,27.56999969482422,20.030359268188477,91127700
2008-03-07,27.34000015258789,28.06999969482422,27.31999969482422,27.8700008392334,20.24833106994629,77597600
2008-03-10,27.829999923706055,28.260000228881836,27.75,28.049999237060547,20.379087448120117,72175100
2008-03-11,28.399999618530273,29.34000015258789,28.3799991607666,29.280000686645508,21.272724151611328,98740700
2008-03-12,29.43000030517578,29.489999771118164,28.540000915527344,28.6299991607666,20.80047607421875,75993800
2008-03-13,28.540000915527344,28.989999771118164,28.15999984741211,28.6200008392334,20.793224334716797,84552200
2008-03-14,28.719999313354492,29.010000228881836,27.639999389648438,27.959999084472656,20.313711166381836,105214900
2008-03-17,27.299999237060547,28.729999542236328,27.280000686645508,28.299999237060547,20.560731887817383,84490100
2008-03-18,28.670000076293945,29.479999542236328,28.670000076293945,29.420000076293945,21.37444305419922,83695300
2008-03-19,29.3799991607666,29.59000015258789,28.6200008392334,28.6200008392334,20.793224334716797,61442100
2008-03-20,28.739999771118164,29.219999313354492,28.59000015258789,29.18000030517578,21.20008659362793,60170200
2008-03-24,29.329999923706055,29.399999618530273,29.059999465942383,29.170000076293945,21.19281005859375,48294700
2008-03-25,29.329999923706055,29.3700008392334,28.940000534057617,29.139999389648438,21.1710147857666,49149000
2008-03-26,29.030000686645508,29.06999969482422,28.3799991607666,28.559999465942383,20.749629974365234,45868100
2008-03-27,28.479999542236328,28.489999771118164,28.0,28.049999237060547,20.379087448120117,47894400
2008-03-28,28.229999542236328,28.43000030517578,27.829999923706055,27.90999984741211,20.27738380432129,49244000
2008-03-31,27.8799991607666,28.59000015258789,27.84000015258789,28.3799991607666,20.618850708007812,46780600
2008-04-01,28.829999923706055,29.540000915527344,28.6299991607666,29.5,21.432559967041016,65796200
2008-04-02,29.56999969482422,29.579999923706055,29.0,29.15999984741211,21.185546875,49499400
2008-04-03,29.0,29.31999969482422,28.799999237060547,29.0,21.069297790527344,38961400
2008-04-04,29.1299991607666,29.260000228881836,28.739999771118164,29.15999984741211,21.185546875,43860800
2008-04-07,29.549999237060547,29.59000015258789,29.030000686645508,29.15999984741211,21.185546875,44428600
2008-04-08,28.940000534057617,29.0,28.540000915527344,28.75,20.88766860961914,44733500
2008-04-09,28.719999313354492,29.040000915527344,28.540000915527344,28.889999389648438,20.98939323425293,45839300
2008-04-10,28.829999923706055,29.399999618530273,28.799999237060547,29.110000610351562,21.149215698242188,65591600
2008-04-11,28.8700008392334,29.010000228881836,28.209999084472656,28.280000686645508,20.546205520629883,54373700
2008-04-14,28.239999771118164,28.309999465942383,27.93000030517578,28.059999465942383,20.386367797851562,43418100
2008-04-15,28.1200008392334,28.479999542236328,28.030000686645508,28.25,20.5244083404541,34310000
2008-04-16,28.56999969482422,29.049999237060547,28.3799991607666,28.950000762939453,21.032976150512695,54107400
2008-04-17,29.1200008392334,29.34000015258789,28.899999618530273,29.219999313354492,21.229135513305664,48743300
2008-04-18,30.010000228881836,30.100000381469727,29.610000610351562,30.0,21.795827865600586,73658900
2008-04-21,30.190000534057617,30.600000381469727,30.1200008392334,30.420000076293945,22.100971221923828,54411700
2008-04-22,30.639999389648438,30.700000762939453,29.969999313354492,30.25,21.97746467590332,67387500
2008-04-23,30.450000762939453,31.459999084472656,30.299999237060547,31.450000762939453,22.849287033081055,98351500
2008-04-24,31.6299991607666,32.099998474121094,31.15999984741211,31.799999237060547,23.103586196899414,115416700
2008-04-25,30.049999237060547,30.389999389648438,29.600000381469727,29.829999923706055,21.672321319580078,145194900
2008-04-28,29.799999237060547,29.84000015258789,28.81999969482422,28.989999771118164,21.062034606933594,97473000
2008-04-29,28.799999237060547,28.899999618530273,28.450000762939453,28.639999389648438,20.8077449798584,84428900
2008-04-30,28.739999771118164,29.209999084472656,28.510000228881836,28.520000457763672,20.720565795898438,74733600
2008-05-01,28.5,29.489999771118164,28.479999542236328,29.399999618530273,21.359907150268555,71699400
2008-05-02,29.59000015258789,29.6200008392334,28.860000610351562,29.239999771118164,21.243661880493164,66024200
2008-05-05,29.93000030517578,30.229999542236328,28.989999771118164,29.079999923706055,21.127422332763672,119687700
2008-05-06,29.0,29.860000610351562,28.93000030517578,29.700000762939453,21.577871322631836,93582000
2008-05-07,29.690000534057617,30.139999389648438,29.079999923706055,29.209999084472656,21.22186279296875,88775000
2008-05-08,29.280000686645508,29.389999389648438,29.0,29.270000457763672,21.265459060668945,69589900
2008-05-09,29.209999084472656,29.549999237060547,28.950000762939453,29.389999389648438,21.35264015197754,51621200
2008-05-12,29.399999618530273,30.059999465942383,29.350000381469727,29.989999771118164,21.788558959960938,64278800
2008-05-13,30.0,30.1299991607666,29.530000686645508,29.780000686645508,21.715646743774414,70934700
2008-05-14,29.889999389648438,30.260000228881836,29.729999542236328,29.93000030517578,21.825029373168945,66730400
2008-05-15,29.979999542236328,30.530000686645508,29.940000534057617,30.450000762939453,22.20421028137207,53355800
2008-05-16,30.469999313354492,30.479999542236328,29.920000076293945,29.989999771118164,21.86878204345703,81538200
2008-05-19,29.8700008392334,29.889999389648438,29.309999465942383,29.459999084472656,21.4822940826416,59615000
2008-05-20,29.299999237060547,29.309999465942383,28.6299991607666,28.760000228881836,20.97185516357422,75767600
2008-05-21,28.809999465942383,29.049999237060547,28.190000534057617,28.25,20.59996223449707,60125100
2008-05-22,28.280000686645508,28.700000762939453,28.18000030517578,28.469999313354492,20.7603816986084,52203100
2008-05-23,28.260000228881836,28.329999923706055,27.950000762939453,28.049999237060547,20.454113006591797,48890700
2008-05-27,28.110000610351562,28.5,28.049999237060547,28.440000534057617,20.73851203918457,47334500
2008-05-28,28.559999465942383,28.56999969482422,28.040000915527344,28.18000030517578,20.548917770385742,52318500
2008-05-29,28.209999084472656,28.68000030517578,28.139999389648438,28.309999465942383,20.64371109008789,47699200
2008-05-30,28.3799991607666,28.700000762939453,28.200000762939453,28.31999969482422,20.651002883911133,63399200
2008-06-02,28.239999771118164,28.360000610351562,27.549999237060547,27.799999237060547,20.27182388305664,77028400
2008-06-03,27.90999984741211,28.309999465942383,27.270000457763672,27.309999465942383,19.914508819580078,86616700
2008-06-04,27.280000686645508,27.639999389648438,27.200000762939453,27.540000915527344,20.08222770690918,79567400
2008-06-05,27.719999313354492,28.299999237060547,27.600000381469727,28.299999237060547,20.63642120361328,76063400
2008-06-06,27.989999771118164,28.170000076293945,27.489999771118164,27.489999771118164,20.045772552490234,78500800
2008-06-09,27.649999618530273,27.90999984741211,27.299999237060547,27.709999084472656,20.206192016601562,66787100
2008-06-10,27.360000610351562,28.290000915527344,27.31999969482422,27.889999389648438,20.337448120117188,77433900
2008-06-11,27.850000381469727,27.940000534057617,27.110000610351562,27.1200008392334,19.775957107543945,59330800
2008-06-12,27.399999618530273,28.549999237060547,27.190000534057617,28.239999771118164,20.59267234802246,113996300
2008-06-13,28.6299991607666,29.56999969482422,28.5,29.06999969482422,21.197912216186523,131969100
2008-06-16,29.020000457763672,29.110000610351562,28.639999389648438,28.93000030517578,21.095823287963867,74718900
2008-06-17,29.040000915527344,29.1200008392334,28.790000915527344,28.799999237060547,21.001028060913086,44256700
2008-06-18,28.549999237060547,28.860000610351562,28.459999084472656,28.459999084472656,20.753087997436523,49677800
2008-06-19,28.549999237060547,29.190000534057617,28.329999923706055,28.93000030517578,21.095823287963867,62037800
2008-06-20,28.899999618530273,28.920000076293945,28.100000381469727,28.229999542236328,20.58537483215332,97480400
2008-06-23,28.299999237060547,28.40999984741211,27.790000915527344,27.969999313354492,20.395788192749023,57145300
2008-06-24,27.920000076293945,28.010000228881836,27.510000228881836,27.729999542236328,20.220775604248047,65218300
2008-06-25,27.809999465942383,28.670000076293945,27.760000228881836,28.350000381469727,20.67288589477539,64280200
2008-06-26,28.030000686645508,28.200000762939453,27.75,27.75,20.2353572845459,67049100
2008-06-27,27.68000030517578,27.90999984741211,27.459999084472656,27.6299991607666,20.147863388061523,73450200
2008-06-30,27.729999542236328,27.979999542236328,27.489999771118164,27.510000228881836,20.060354232788086,57830500
2008-07-01,27.270000457763672,27.3799991607666,26.440000534057617,26.8700008392334,19.593671798706055,100327800
2008-07-02,26.899999618530273,27.0,25.8799991607666,25.8799991607666,18.871761322021484,84669000
2008-07-03,25.969999313354492,26.100000381469727,25.600000381469727,25.979999542236328,18.944679260253906,37074500
2008-07-07,26.110000610351562,26.389999389648438,25.450000762939453,26.030000686645508,18.98113250732422,71527600
2008-07-08,25.93000030517578,26.200000762939453,25.510000228881836,25.850000381469727,18.84987449645996,65553200
2008-07-09,25.790000915527344,25.850000381469727,25.18000030517578,25.229999542236328,18.397777557373047,54255800
2008-07-10,25.200000762939453,25.670000076293945,24.979999542236328,25.450000762939453,18.558189392089844,57830600
2008-07-11,25.15999984741211,25.639999389648438,24.8700008392334,25.25,18.412353515625,69532600
2008-07-14,25.479999542236328,25.809999465942383,25.06999969482422,25.149999618530273,18.33943748474121,51216200
2008-07-15,24.93000030517578,26.639999389648438,24.93000030517578,26.149999618530273,19.068634033203125,92719300
2008-07-16,26.1299991607666,27.290000915527344,25.920000076293945,27.260000228881836,19.8780517578125,82060400
2008-07-17,27.579999923706055,27.90999984741211,27.110000610351562,27.520000457763672,20.067649841308594,96526100
2008-07-18,26.360000610351562,26.469999313354492,25.110000610351562,25.860000610351562,18.85716438293457,150277000
2008-07-21,25.65999984741211,26.170000076293945,25.530000686645508,25.639999389648438,18.69674301147461,77575600
2008-07-22,25.540000915527344,25.940000534057617,25.479999542236328,25.799999237060547,18.813417434692383,88657200
2008-07-23,25.860000610351562,26.84000015258789,25.850000381469727,26.43000030517578,19.272809982299805,79408800
2008-07-24,26.09000015258789,26.170000076293945,25.440000534057617,25.440000534057617,18.5509033203125,81092600
2008-07-25,25.639999389648438,26.219999313354492,25.5,26.15999984741211,19.075927734375,58682300
2008-07-28,26.059999465942383,26.110000610351562,25.34000015258789,25.5,18.59465217590332,59707800
2008-07-29,25.520000457763672,26.190000534057617,25.399999618530273,26.110000610351562,19.039472579956055,66368200
2008-07-30,26.200000762939453,26.489999771118164,25.899999618530273,26.229999542236328,19.126976013183594,51977700
2008-07-31,25.850000381469727,26.280000686645508,25.709999084472656,25.719999313354492,18.755081176757812,60461000
2008-08-01,25.920000076293945,25.950000762939453,25.06999969482422,25.440000534057617,18.5509033203125,82720200
2008-08-04,25.389999389648438,25.549999237060547,25.110000610351562,25.280000686645508,18.434228897094727,60588300
2008-08-05,25.639999389648438,26.280000686645508,25.5,26.209999084472656,19.112394332885742,84297600
2008-08-06,26.729999542236328,27.15999984741211,26.3799991607666,27.020000457763672,19.703039169311523,95550000
2008-08-07,26.899999618530273,27.75,26.729999542236328,27.389999389648438,19.972841262817383,82565800
2008-08-08,27.350000381469727,28.229999542236328,27.190000534057617,28.1299991607666,20.5124568939209,80814100
2008-08-11,27.860000610351562,28.399999618530273,27.65999984741211,27.899999618530273,20.344743728637695,68743800
2008-08-12,27.780000686645508,28.360000610351562,27.579999923706055,28.1200008392334,20.50516128540039,62813000
2008-08-13,28.06999969482422,28.5,27.760000228881836,27.90999984741211,20.35202980041504,51165200
2008-08-14,27.81999969482422,28.280000686645508,27.559999465942383,27.90999984741211,20.35202980041504,49732300
2008-08-15,27.979999542236328,28.149999618530273,27.579999923706055,27.809999465942383,20.279115676879883,47267400
2008-08-18,27.780000686645508,28.049999237060547,27.549999237060547,27.690000534057617,20.19161033630371,38078200
2008-08-19,27.540000915527344,27.75,27.270000457763672,27.31999969482422,20.001256942749023,40332900
2008-08-20,27.540000915527344,27.579999923706055,27.170000076293945,27.290000915527344,19.979299545288086,41497200
2008-08-21,27.100000381469727,27.229999542236328,26.860000610351562,27.18000030517578,19.89876365661621,43614200
2008-08-22,27.229999542236328,27.8799991607666,27.219999313354492,27.84000015258789,20.3819522857666,47930400
2008-08-25,27.610000610351562,27.84000015258789,27.459999084472656,27.65999984741211,20.25017547607422,51381300
2008-08-26,27.579999923706055,27.719999313354492,27.170000076293945,27.270000457763672,19.964656829833984,44774400
2008-08-27,27.34000015258789,27.790000915527344,27.1299991607666,27.559999465942383,20.17696189880371,33975300
2008-08-28,27.610000610351562,28.010000228881836,27.600000381469727,27.940000534057617,20.455163955688477,48372600
2008-08-29,27.68000030517578,27.780000686645508,27.290000915527344,27.290000915527344,19.979299545288086,50735500
2008-09-02,27.670000076293945,27.760000228881836,27.059999465942383,27.100000381469727,19.840198516845703,66079200
2008-09-03,27.0,27.18000030517578,26.84000015258789,26.899999618530273,19.69377326965332,57127700
2008-09-04,26.739999771118164,26.889999389648438,26.350000381469727,26.350000381469727,19.29111099243164,66141900
2008-09-05,26.030000686645508,26.219999313354492,25.6299991607666,25.649999618530273,18.778636932373047,82305200
2008-09-08,26.209999084472656,26.329999923706055,25.670000076293945,26.1200008392334,19.12272834777832,62110800
2008-09-09,26.200000762939453,26.600000381469727,26.049999237060547,26.100000381469727,19.10808563232422,85735700
2008-09-10,26.520000457763672,26.860000610351562,26.25,26.440000534057617,19.357004165649414,75064900
2008-09-11,26.100000381469727,27.459999084472656,26.030000686645508,27.34000015258789,20.015905380249023,72913300
2008-09-12,27.139999389648438,27.739999771118164,26.940000534057617,27.6200008392334,20.220895767211914,75628500
2008-09-15,26.920000076293945,27.489999771118164,26.729999542236328,26.81999969482422,19.635204315185547,82349400
2008-09-16,26.09000015258789,26.489999771118164,25.520000457763672,25.989999771118164,19.027557373046875,111729700
2008-09-17,25.729999542236328,25.8700008392334,24.5,24.56999969482422,17.98795509338379,106972100
2008-09-18,24.799999237060547,25.350000381469727,24.010000228881836,25.260000228881836,18.493112564086914,132291300
2008-09-19,26.3700008392334,26.399999618530273,23.5,25.15999984741211,18.419904708862305,134926100
2008-09-22,26.219999313354492,26.31999969482422,25.31999969482422,25.399999618530273,18.59560775756836,105207700
2008-09-23,25.65999984741211,26.170000076293945,25.34000015258789,25.440000534057617,18.624895095825195,92181300
2008-09-24,25.579999923706055,26.09000015258789,25.459999084472656,25.719999313354492,18.82988166809082,80250300
2008-09-25,25.81999969482422,26.8799991607666,25.739999771118164,26.610000610351562,19.48146629333496,96203500
2008-09-26,26.170000076293945,27.559999465942383,26.139999389648438,27.399999618530273,20.059831619262695,100744300
2008-09-29,26.940000534057617,27.65999984741211,25.010000228881836,25.010000228881836,18.31008529663086,134383100
2008-09-30,25.770000457763672,26.690000534057617,25.540000915527344,26.690000534057617,19.5400333404541,107192700
2008-10-01,26.3799991607666,26.989999771118164,26.280000686645508,26.479999542236328,19.38628387451172,88957000
2008-10-02,26.18000030517578,26.530000686645508,25.700000762939453,26.25,19.217906951904297,93819800
2008-10-03,26.3700008392334,27.469999313354492,26.239999771118164,26.31999969482422,19.269155502319336,114289400
2008-10-06,25.6299991607666,25.989999771118164,24.139999389648438,24.90999984741211,18.236881256103516,146374600
2008-10-07,24.979999542236328,25.209999084472656,23.139999389648438,23.229999542236328,17.006921768188477,145941200
2008-10-08,22.899999618530273,24.299999237060547,22.5,23.010000228881836,16.845867156982422,171598600
2008-10-09,23.770000457763672,23.90999984741211,22.06999969482422,22.299999237060547,16.326068878173828,131948700
2008-10-10,21.790000915527344,22.350000381469727,20.649999618530273,21.5,15.740374565124512,228467500
2008-10-13,22.860000610351562,25.5,22.6299991607666,25.5,18.668813705444336,144935400
2008-10-14,25.639999389648438,25.729999542236328,23.600000381469727,24.100000381469727,17.64386749267578,165674900
2008-10-15,23.780000686645508,24.25,22.479999542236328,22.65999984741211,16.589630126953125,113280200
2008-10-16,22.940000534057617,24.190000534057617,21.309999465942383,24.190000534057617,17.709754943847656,161147800
2008-10-17,23.56999969482422,25.110000610351562,23.309999465942383,23.93000030517578,17.519407272338867,133673100
2008-10-20,24.200000762939453,24.75,23.010000228881836,24.719999313354492,18.097776412963867,93484300
2008-10-21,24.299999237060547,25.010000228881836,23.270000457763672,23.360000610351562,17.102102279663086,100385600
2008-10-22,23.040000915527344,23.059999465942383,20.899999618530273,21.530000686645508,15.762341499328613,150054800
2008-10-23,21.549999237060547,22.59000015258789,20.889999389648438,22.31999969482422,16.34070587158203,154774100
2008-10-24,21.059999465942383,22.860000610351562,20.950000762939453,21.959999084472656,16.0771484375,153919700
2008-10-27,21.670000076293945,21.959999084472656,21.020000457763672,21.18000030517578,15.506098747253418,117683900
2008-10-28,21.639999389648438,23.209999084472656,21.34000015258789,23.100000381469727,16.911752700805664,134088800
2008-10-29,23.1299991607666,23.969999313354492,22.700000762939453,23.0,16.83854103088379,111701800
2008-10-30,23.690000534057617,23.8799991607666,22.389999389648438,22.6299991607666,16.567663192749023,95323000
2008-10-31,22.530000686645508,22.90999984741211,22.1200008392334,22.329999923706055,16.3480281829834,93055200
2008-11-03,22.479999542236328,22.90999984741211,22.209999084472656,22.6200008392334,16.56034278869629,61923500
2008-11-04,23.1299991607666,23.65999984741211,22.8700008392334,23.530000686645508,17.226564407348633,72123000
2008-11-05,23.329999923706055,23.34000015258789,22.049999237060547,22.079999923706055,16.164997100830078,81179700
2008-11-06,21.8700008392334,22.079999923706055,20.860000610351562,20.8799991607666,15.286466598510742,95509700
2008-11-07,21.31999969482422,21.540000915527344,21.0,21.5,15.740374565124512,71256300
2008-11-10,21.850000381469727,21.969999313354492,21.190000534057617,21.299999237060547,15.593954086303711,67106800
2008-11-11,21.290000915527344,21.299999237060547,20.790000915527344,21.200000762939453,15.520745277404785,78014500
2008-11-12,20.889999389648438,21.0,20.280000686645508,20.299999237060547,14.861848831176758,90162300
2008-11-13,20.149999618530273,21.25,18.739999771118164,21.25,15.557350158691406,148413700
2008-11-14,20.559999465942383,21.34000015258789,19.649999618530273,20.059999465942383,14.686136245727539,96624500
2008-11-17,19.739999771118164,20.239999771118164,19.149999618530273,19.31999969482422,14.144372940063477,97289000
2008-11-18,19.5,19.65999984741211,18.75,19.6200008392334,14.461318016052246,108966500
2008-11-19,19.6299991607666,19.950000762939453,18.25,18.290000915527344,13.481012344360352,103010500
2008-11-20,18.1200008392334,18.84000015258789,17.5,17.530000686645508,12.920836448669434,139532800
2008-11-21,18.020000457763672,19.700000762939453,17.979999542236328,19.68000030517578,14.505541801452637,157231900
2008-11-24,19.889999389648438,20.940000534057617,19.8700008392334,20.690000534057617,15.249982833862305,125289900
2008-11-25,20.860000610351562,20.93000030517578,19.549999237060547,19.989999771118164,14.734031677246094,92948100
2008-11-26,19.729999542236328,20.68000030517578,19.729999542236328,20.489999771118164,15.102564811706543,79678300
2008-11-28,20.229999542236328,20.309999465942383,20.020000457763672,20.219999313354492,14.903553009033203,28650800
2008-12-01,19.8799991607666,19.950000762939453,18.600000381469727,18.610000610351562,13.716876029968262,79639900
2008-12-02,18.989999771118164,19.309999465942383,18.559999465942383,19.149999618530273,14.11489200592041,79689800
2008-12-03,18.649999618530273,19.899999618530273,18.600000381469727,19.8700008392334,14.645585060119629,80961500
2008-12-04,19.399999618530273,19.920000076293945,18.790000915527344,19.110000610351562,14.085409164428711,78719200
2008-12-05,18.90999984741211,19.979999542236328,18.469999313354492,19.8700008392334,14.645585060119629,91996200
2008-12-08,20.350000381469727,21.25,20.139999389648438,21.010000228881836,15.485851287841797,107225000
2008-12-09,20.6200008392334,21.25,20.459999084472656,20.600000381469727,15.18364429473877,80484900
2008-12-10,20.81999969482422,20.959999084472656,20.299999237060547,20.610000610351562,15.191014289855957,61499000
2008-12-11,20.110000610351562,20.1200008392334,19.309999465942383,19.450000762939453,14.336018562316895,83564300
2008-12-12,19.149999618530273,19.850000381469727,18.700000762939453,19.360000610351562,14.269678115844727,78112600
2008-12-15,19.34000015258789,19.440000534057617,18.889999389648438,19.040000915527344,14.033815383911133,59925900
2008-12-16,19.209999084472656,20.18000030517578,19.0,20.110000610351562,14.82248306274414,97688700
2008-12-17,19.809999465942383,20.049999237060547,19.5,19.65999984741211,14.49079704284668,78922700
2008-12-18,19.860000610351562,20.020000457763672,18.989999771118164,19.299999237060547,14.225449562072754,80759200
2008-12-19,19.420000076293945,19.799999237060547,19.110000610351562,19.1200008392334,14.092778205871582,113530400
2008-12-22,19.239999771118164,19.290000915527344,18.889999389648438,19.18000030517578,14.137001991271973,58575400
2008-12-23,19.280000686645508,19.56999969482422,19.010000228881836,19.280000686645508,14.210716247558594,47511400
2008-12-24,19.260000228881836,19.450000762939453,19.100000381469727,19.170000076293945,14.129634857177734,16880400
2008-12-26,19.200000762939453,19.329999923706055,19.09000015258789,19.1299991607666,14.100152969360352,23101000
2008-12-29,19.149999618530273,19.209999084472656,18.639999389648438,18.959999084472656,13.974853515625,58512800
2008-12-30,19.010000228881836,19.489999771118164,19.0,19.34000015258789,14.25494384765625,43224100
2008-12-31,19.309999465942383,19.68000030517578,19.270000457763672,19.440000534057617,14.328645706176758,46419000
2009-01-02,19.530000686645508,20.399999618530273,19.3700008392334,20.329999923706055,14.984634399414062,50084000
2009-01-05,20.200000762939453,20.670000076293945,20.059999465942383,20.520000457763672,15.124682426452637,61475200
2009-01-06,20.75,21.0,20.610000610351562,20.760000228881836,15.301578521728516,58083400
2009-01-07,20.190000534057617,20.290000915527344,19.479999542236328,19.510000228881836,14.380244255065918,72709900
2009-01-08,19.6299991607666,20.190000534057617,19.549999237060547,20.1200008392334,14.829848289489746,70255400
2009-01-09,20.170000076293945,20.299999237060547,19.40999984741211,19.520000457763672,14.387609481811523,49815300
2009-01-12,19.709999084472656,19.790000915527344,19.299999237060547,19.469999313354492,14.35075569152832,52163500
2009-01-13,19.520000457763672,19.989999771118164,19.520000457763672,19.81999969482422,14.608729362487793,65843500
2009-01-14,19.530000686645508,19.68000030517578,19.010000228881836,19.09000015258789,14.070676803588867,80257500
2009-01-15,19.06999969482422,19.299999237060547,18.520000457763672,19.239999771118164,14.181230545043945,96169800
2009-01-16,19.6299991607666,19.90999984741211,19.149999618530273,19.709999084472656,14.527656555175781,79634100
2009-01-20,19.459999084472656,19.6200008392334,18.3700008392334,18.479999542236328,13.621055603027344,89873000
2009-01-21,18.8700008392334,19.450000762939453,18.459999084472656,19.3799991607666,14.284416198730469,68340900
2009-01-22,18.049999237060547,18.18000030517578,17.06999969482422,17.110000610351562,12.6112699508667,222436600
2009-01-23,16.969999313354492,17.489999771118164,16.75,17.200000762939453,12.67760944366455,117020600
2009-01-26,17.290000915527344,17.809999465942383,17.229999542236328,17.6299991607666,12.994544982910156,92476500
2009-01-27,17.780000686645508,17.969999313354492,17.43000030517578,17.65999984741211,13.016654968261719,61695000
2009-01-28,17.799999237060547,18.309999465942383,17.760000228881836,18.040000915527344,13.29674243927002,64145500
2009-01-29,17.780000686645508,17.959999084472656,17.559999465942383,17.59000015258789,12.965058326721191,49192800
2009-01-30,17.739999771118164,17.790000915527344,17.100000381469727,17.100000381469727,12.603900909423828,62370900
2009-02-02,17.030000686645508,18.1299991607666,17.0,17.829999923706055,13.141961097717285,88871700
2009-02-03,17.850000381469727,18.610000610351562,17.600000381469727,18.5,13.635801315307617,86865100
2009-02-04,18.540000915527344,19.0,18.5,18.6299991607666,13.731613159179688,75618000
2009-02-05,18.510000228881836,19.139999389648438,18.25,19.040000915527344,14.033815383911133,75195200
2009-02-06,19.15999984741211,19.93000030517578,19.059999465942383,19.65999984741211,14.49079704284668,86746000
2009-02-09,19.639999389648438,19.770000457763672,19.260000228881836,19.440000534057617,14.328645706176758,52196400
2009-02-10,19.25,19.799999237060547,18.700000762939453,18.799999237060547,13.856915473937988,83953200
2009-02-11,18.940000534057617,19.489999771118164,18.920000076293945,19.209999084472656,14.159114837646484,58599000
2009-02-12,18.969999313354492,19.31999969482422,18.540000915527344,19.260000228881836,14.195972442626953,75323200
2009-02-13,19.270000457763672,19.469999313354492,19.040000915527344,19.09000015258789,14.070676803588867,47416000
2009-02-17,18.489999771118164,18.5,17.889999389648438,18.09000015258789,13.42502212524414,75853300
2009-02-18,18.219999313354492,18.450000762939453,18.0,18.1200008392334,13.447288513183594,54946900
2009-02-19,18.299999237060547,18.3799991607666,17.809999465942383,17.90999984741211,13.291440963745117,49195600
2009-02-20,17.770000457763672,18.190000534057617,17.65999984741211,18.0,13.358234405517578,69413800
2009-02-23,18.020000457763672,18.149999618530273,17.15999984741211,17.209999084472656,12.771949768066406,70803400
2009-02-24,17.030000686645508,17.350000381469727,16.360000610351562,17.170000076293945,12.742266654968262,122674500
2009-02-25,17.010000228881836,17.239999771118164,16.459999084472656,16.959999084472656,12.586421966552734,105894600
2009-02-26,17.049999237060547,17.079999923706055,16.420000076293945,16.420000076293945,12.185673713684082,83219500
2009-02-27,16.290000915527344,16.520000457763672,16.100000381469727,16.149999618530273,11.985298156738281,93428000
2009-03-02,15.960000038146973,16.25,15.720000267028809,15.789999961853027,11.718132019042969,80602100
2009-03-03,16.030000686645508,16.239999771118164,15.640000343322754,15.880000114440918,11.78492546081543,80476600
2009-03-04,16.1200008392334,16.399999618530273,15.890000343322754,16.1200008392334,11.963034629821777,69285100
2009-03-05,15.859999656677246,15.880000114440918,15.270000457763672,15.270000457763672,11.332229614257812,89708500
2009-03-06,15.350000381469727,15.619999885559082,14.869999885559082,15.279999732971191,11.339653968811035,92821400
2009-03-09,15.199999809265137,15.739999771118164,15.100000381469727,15.149999618530273,11.243175506591797,66479100
2009-03-10,15.369999885559082,16.6200008392334,15.25,16.479999542236328,12.230199813842773,95184200
2009-03-11,16.6299991607666,17.200000762939453,16.43000030517578,17.110000610351562,12.697741508483887,84522200
2009-03-12,17.010000228881836,17.040000915527344,16.479999542236328,17.010000228881836,12.62352466583252,93694100
2009-03-13,16.979999542236328,17.049999237060547,16.18000030517578,16.649999618530273,12.356364250183105,82965800
2009-03-16,16.81999969482422,16.959999084472656,16.239999771118164,16.25,12.059513092041016,67028900
2009-03-17,16.31999969482422,16.899999618530273,16.260000228881836,16.899999618530273,12.541894912719727,62481000
2009-03-18,17.030000686645508,17.219999313354492,16.600000381469727,16.959999084472656,12.586421966552734,70710700
2009-03-19,17.3700008392334,17.450000762939453,16.920000076293945,17.139999389648438,12.719998359680176,58994600
2009-03-20,17.31999969482422,17.649999618530273,16.8799991607666,17.059999465942383,12.66063404083252,81725500
2009-03-23,17.3700008392334,18.59000015258789,17.309999465942383,18.329999923706055,13.603133201599121,71600000
2009-03-24,18.040000915527344,18.209999084472656,17.84000015258789,17.93000030517578,13.30628776550293,50044100
2009-03-25,17.979999542236328,18.309999465942383,17.520000457763672,17.8799991607666,13.269170761108398,73927100
2009-03-26,18.170000076293945,18.8799991607666,18.1200008392334,18.829999923706055,13.974193572998047,63775100
2009-03-27,18.540000915527344,18.6200008392334,18.049999237060547,18.1299991607666,13.454707145690918,47670400
2009-03-30,17.739999771118164,17.760000228881836,17.270000457763672,17.479999542236328,12.972329139709473,49633000
2009-03-31,17.829999923706055,18.790000915527344,17.780000686645508,18.3700008392334,13.63281536102295,92423300
2009-04-01,18.229999542236328,19.360000610351562,18.18000030517578,19.309999465942383,14.330410957336426,96438900
2009-04-02,19.5,19.889999389648438,19.0,19.290000915527344,14.315564155578613,99082300
2009-04-03,19.1299991607666,19.149999618530273,18.43000030517578,18.75,13.914815902709961,81858400
2009-04-06,18.540000915527344,18.760000228881836,18.270000457763672,18.760000228881836,13.922246932983398,47476100
2009-04-07,18.760000228881836,19.139999389648438,18.6299991607666,18.760000228881836,13.922246932983398,65815200
2009-04-08,18.969999313354492,19.6200008392334,18.959999084472656,19.190000534057617,14.241358757019043,56408900
2009-04-09,19.450000762939453,19.700000762939453,19.219999313354492,19.670000076293945,14.597579956054688,55759600
2009-04-13,19.690000534057617,19.850000381469727,19.3700008392334,19.59000015258789,14.538202285766602,44444700
2009-04-14,19.440000534057617,19.549999237060547,19.0,19.350000381469727,14.360095977783203,63796300
2009-04-15,19.209999084472656,19.25,18.510000228881836,18.829999923706055,13.974193572998047,72725500
2009-04-16,19.15999984741211,19.780000686645508,18.989999771118164,19.760000228881836,14.664368629455566,67688700
2009-04-17,19.690000534057617,19.690000534057617,19.0,19.200000762939453,14.248774528503418,61398500
2009-04-20,18.889999389648438,18.950000762939453,18.56999969482422,18.610000610351562,13.81092357635498,62937200
2009-04-21,18.59000015258789,19.079999923706055,18.56999969482422,18.969999313354492,14.078092575073242,60928300
2009-04-22,18.760000228881836,19.190000534057617,18.700000762939453,18.780000686645508,13.937088012695312,59401000
2009-04-23,18.920000076293945,18.940000534057617,18.469999313354492,18.920000076293945,14.040985107421875,86116300
2009-04-24,19.81999969482422,21.200000762939453,19.5,20.90999984741211,15.517814636230469,168478500
2009-04-27,20.549999237060547,20.81999969482422,20.280000686645508,20.399999618530273,15.13932991027832,68219600
2009-04-28,20.25,20.270000457763672,19.790000915527344,19.93000030517578,14.790526390075684,76685200
2009-04-29,20.110000610351562,20.889999389648438,20.059999465942383,20.25,15.0280122756958,79301600
2009-04-30,20.600000381469727,21.100000381469727,20.010000228881836,20.260000228881836,15.03542709350586,87439900
2009-05-01,20.190000534057617,20.350000381469727,19.860000610351562,20.239999771118164,15.020585060119629,63224500
2009-05-04,20.3700008392334,20.399999618530273,19.979999542236328,20.190000534057617,14.983480453491211,54313400
2009-05-05,20.139999389648438,20.239999771118164,19.639999389648438,19.790000915527344,14.686629295349121,66835500
2009-05-06,20.059999465942383,20.06999969482422,19.610000610351562,19.790000915527344,14.686629295349121,59639100
2009-05-07,19.959999084472656,19.989999771118164,19.139999389648438,19.31999969482422,14.337833404541016,68727200
2009-05-08,19.459999084472656,19.639999389648438,19.139999389648438,19.420000076293945,14.412043571472168,67597600
2009-05-11,19.200000762939453,19.729999542236328,19.010000228881836,19.31999969482422,14.337833404541016,63762600
2009-05-12,19.510000228881836,20.059999465942383,19.469999313354492,19.889999389648438,14.760846138000488,71966800
2009-05-13,19.920000076293945,20.0,19.670000076293945,19.75,14.656943321228027,49281700
2009-05-14,19.829999923706055,20.229999542236328,19.799999237060547,20.059999465942383,14.887009620666504,54539500
2009-05-15,20.1299991607666,20.5,19.979999542236328,20.219999313354492,15.005741119384766,61289900
2009-05-18,20.360000610351562,20.600000381469727,20.239999771118164,20.600000381469727,15.287753105163574,46073800
2009-05-19,20.510000228881836,20.739999771118164,20.25,20.309999465942383,15.168255805969238,51368300
2009-05-20,20.40999984741211,20.690000534057617,20.219999313354492,20.3799991607666,15.220532417297363,47450700
2009-05-21,20.139999389648438,20.229999542236328,19.510000228881836,19.81999969482422,14.802310943603516,58232800
2009-05-22,19.93000030517578,20.170000076293945,19.469999313354492,19.75,14.750025749206543,37318700
2009-05-26,19.540000915527344,20.450000762939453,19.450000762939453,20.34000015258789,15.190666198730469,44991700
2009-05-27,20.25,20.600000381469727,20.06999969482422,20.1299991607666,15.033831596374512,42892900
2009-05-28,20.31999969482422,20.6299991607666,20.049999237060547,20.450000762939453,15.272812843322754,45480800
2009-05-29,20.559999465942383,20.940000534057617,20.299999237060547,20.889999389648438,15.601422309875488,46134900
2009-06-01,21.0,21.5,20.860000610351562,21.399999618530273,15.982315063476562,57317100
2009-06-02,21.360000610351562,21.979999542236328,21.200000762939453,21.399999618530273,15.982315063476562,48935700
2009-06-03,21.309999465942383,21.760000228881836,21.290000915527344,21.729999542236328,16.228771209716797,56039600
2009-06-04,21.770000457763672,21.899999618530273,21.579999923706055,21.829999923706055,16.303447723388672,42330000
2009-06-05,21.959999084472656,22.309999465942383,21.809999465942383,22.139999389648438,16.53497314453125,59579200
2009-06-08,21.979999542236328,22.31999969482422,21.6299991607666,22.049999237060547,16.46774673461914,49000600
2009-06-09,22.059999465942383,22.31999969482422,21.8799991607666,22.079999923706055,16.49015998840332,50887700
2009-06-10,22.170000076293945,22.6200008392334,22.1200008392334,22.549999237060547,16.841176986694336,61297200
2009-06-11,22.59000015258789,23.260000228881836,22.56999969482422,22.829999923706055,17.05029296875,65124600
2009-06-12,22.899999618530273,23.3799991607666,22.739999771118164,23.329999923706055,17.423704147338867,50963500
2009-06-15,23.229999542236328,23.540000915527344,23.020000457763672,23.420000076293945,17.49091911315918,69089600
2009-06-16,23.469999313354492,24.110000610351562,23.440000534057617,23.450000762939453,17.513324737548828,105295600
2009-06-17,23.5,23.81999969482422,23.170000076293945,23.68000030517578,17.685100555419922,86483100
2009-06-18,23.6200008392334,23.690000534057617,23.299999237060547,23.5,17.550662994384766,58852200
2009-06-19,24.040000915527344,24.34000015258789,23.75,24.06999969482422,17.97636604309082,115459000
2009-06-22,23.950000762939453,23.950000762939453,23.25,23.280000686645508,17.386362075805664,71291600
2009-06-23,23.3799991607666,23.65999984741211,23.209999084472656,23.34000015258789,17.43117332458496,56752700
2009-06-24,23.450000762939453,23.75,23.360000610351562,23.469999313354492,17.528261184692383,54287700
2009-06-25,23.43000030517578,23.920000076293945,23.200000762939453,23.790000915527344,17.76725959777832,57724300
2009-06-26,23.56999969482422,23.690000534057617,23.31999969482422,23.350000381469727,17.438640594482422,65126400
2009-06-29,23.600000381469727,24.030000686645508,23.549999237060547,23.860000610351562,17.819530487060547,62854900
2009-06-30,23.969999313354492,24.239999771118164,23.6299991607666,23.770000457763672,17.752317428588867,66452400
2009-07-01,24.049999237060547,24.299999237060547,23.959999084472656,24.040000915527344,17.95395851135254,54908400
2009-07-02,23.760000228881836,24.040000915527344,23.209999084472656,23.3700008392334,17.453584671020508,65422200
2009-07-06,23.209999084472656,23.280000686645508,22.8700008392334,23.200000762939453,17.326614379882812,49207700
2009-07-07,23.079999923706055,23.139999389648438,22.459999084472656,22.530000686645508,16.82623863220215,52842500
2009-07-08,22.309999465942383,22.690000534057617,22.0,22.559999465942383,16.8486385345459,73023400
2009-07-09,22.649999618530273,22.809999465942383,22.3700008392334,22.440000534057617,16.75902557373047,46981200
2009-07-10,22.190000534057617,22.540000915527344,22.149999618530273,22.389999389648438,16.721683502197266,43229200
2009-07-13,22.420000076293945,23.290000915527344,22.139999389648438,23.229999542236328,17.349023818969727,67584000
2009-07-14,23.200000762939453,23.219999313354492,22.860000610351562,23.110000610351562,17.259403228759766,45448700
2009-07-15,23.75,24.1200008392334,23.559999465942383,24.1200008392334,18.01370620727539,67238700
2009-07-16,23.93000030517578,24.440000534057617,23.860000610351562,24.440000534057617,18.252695083618164,64555100
2009-07-17,24.399999618530273,24.450000762939453,24.100000381469727,24.290000915527344,18.140663146972656,52860100
2009-07-20,24.440000534057617,24.530000686645508,24.149999618530273,24.530000686645508,18.319917678833008,47798000
2009-07-21,24.690000534057617,24.829999923706055,24.3700008392334,24.829999923706055,18.543970108032227,52028400
2009-07-22,24.700000762939453,24.899999618530273,24.510000228881836,24.799999237060547,18.52155876159668,66192500
2009-07-23,24.93000030517578,25.719999313354492,24.84000015258789,25.559999465942383,19.08915138244629,106060500
2009-07-24,23.610000610351562,23.889999389648438,22.809999465942383,23.450000762939453,17.513324737548828,215135700
2009-07-27,23.440000534057617,23.450000762939453,22.899999618530273,23.110000610351562,17.259403228759766,80950000
2009-07-28,22.989999771118164,23.549999237060547,22.899999618530273,23.469999313354492,17.528261184692383,70288400
2009-07-29,23.729999542236328,23.90999984741211,23.34000015258789,23.799999237060547,17.77472686767578,73626900
2009-07-30,24.200000762939453,24.43000030517578,23.709999084472656,23.809999465942383,17.782184600830078,67820000
2009-07-31,23.770000457763672,24.06999969482422,23.5,23.520000457763672,17.565601348876953,54258200
2009-08-03,23.81999969482422,23.860000610351562,23.5,23.829999923706055,17.79712677001953,46902900
2009-08-04,23.68000030517578,23.790000915527344,23.530000686645508,23.770000457763672,17.752317428588867,49218300
2009-08-05,23.84000015258789,24.25,23.790000915527344,23.809999465942383,17.782184600830078,53310300
2009-08-06,23.93000030517578,23.979999542236328,23.270000457763672,23.459999084472656,17.520795822143555,59686000
2009-08-07,23.75,23.81999969482422,23.5,23.559999465942383,17.59547233581543,46169700
2009-08-10,23.459999084472656,23.549999237060547,23.299999237060547,23.420000076293945,17.49091911315918,35261900
2009-08-11,23.31999969482422,23.399999618530273,23.049999237060547,23.1299991607666,17.274337768554688,33615800
2009-08-12,23.1299991607666,23.899999618530273,23.030000686645508,23.530000686645508,17.57308006286621,61972300
2009-08-13,23.6299991607666,23.850000381469727,23.399999618530273,23.6200008392334,17.640287399291992,38954500
2009-08-14,23.6200008392334,23.799999237060547,23.510000228881836,23.690000534057617,17.692562103271484,46330200
2009-08-17,23.31999969482422,23.600000381469727,23.229999542236328,23.25,17.36396598815918,42474400
2009-08-18,23.290000915527344,23.649999618530273,23.270000457763672,23.579999923706055,17.709440231323242,38878900
2009-08-19,23.25,23.719999313354492,23.25,23.649999618530273,17.762004852294922,41821300
2009-08-20,23.600000381469727,23.8700008392334,23.540000915527344,23.670000076293945,17.77702522277832,39505900
2009-08-21,23.93000030517578,24.420000076293945,23.770000457763672,24.40999984741211,18.332794189453125,69011400
2009-08-24,24.40999984741211,24.729999542236328,24.280000686645508,24.639999389648438,18.505529403686523,54180900
2009-08-25,24.600000381469727,24.81999969482422,24.459999084472656,24.639999389648438,18.505529403686523,43980300
2009-08-26,24.59000015258789,24.75,24.420000076293945,24.549999237060547,18.437936782836914,41079000
2009-08-27,24.40999984741211,24.780000686645508,24.299999237060547,24.690000534057617,18.543088912963867,45495600
2009-08-28,25.06999969482422,25.489999771118164,24.610000610351562,24.68000030517578,18.53557586669922,55808000
2009-08-31,24.56999969482422,24.850000381469727,24.290000915527344,24.649999618530273,18.51304817199707,49592800
2009-09-01,24.350000381469727,24.739999771118164,23.899999618530273,24.0,18.02486801147461,62608500
2009-09-02,23.81999969482422,24.139999389648438,23.780000686645508,23.860000610351562,17.919723510742188,40771300
2009-09-03,23.90999984741211,24.139999389648438,23.760000228881836,24.110000610351562,18.10749053955078,34120000
2009-09-04,24.09000015258789,24.799999237060547,24.079999923706055,24.6200008392334,18.49051856994629,44999700
2009-09-08,24.6200008392334,24.84000015258789,24.40999984741211,24.81999969482422,18.640714645385742,53737100
2009-09-09,24.739999771118164,24.950000762939453,24.670000076293945,24.780000686645508,18.610681533813477,49900300
2009-09-10,24.799999237060547,25.049999237060547,24.649999618530273,25.0,18.775901794433594,46256000
2009-09-11,24.93000030517578,25.170000076293945,24.809999465942383,24.860000610351562,18.67075538635254,54303500
2009-09-14,24.649999618530273,25.09000015258789,24.639999389648438,25.0,18.775901794433594,42806800
2009-09-15,24.969999313354492,25.270000457763672,24.860000610351562,25.200000762939453,18.926111221313477,44716600
2009-09-16,25.25,25.350000381469727,24.950000762939453,25.200000762939453,18.926111221313477,50055800
2009-09-17,25.059999465942383,25.3799991607666,25.059999465942383,25.299999237060547,19.001222610473633,42428800
2009-09-18,25.459999084472656,25.479999542236328,25.100000381469727,25.260000228881836,18.971176147460938,68016500
2009-09-21,25.110000610351562,25.3700008392334,25.100000381469727,25.299999237060547,19.001222610473633,28878700
2009-09-22,25.399999618530273,25.81999969482422,25.290000915527344,25.770000457763672,19.35420799255371,61376700
2009-09-23,25.920000076293945,26.25,25.639999389648438,25.709999084472656,19.309144973754883,60599900
2009-09-24,25.920000076293945,26.110000610351562,25.65999984741211,25.940000534057617,19.481884002685547,56302900
2009-09-25,25.690000534057617,25.81999969482422,25.520000457763672,25.549999237060547,19.188982009887695,50158900
2009-09-28,25.600000381469727,26.15999984741211,25.600000381469727,25.829999923706055,19.399259567260742,44358000
2009-09-29,25.90999984741211,25.959999084472656,25.690000534057617,25.75,19.33918571472168,39050300
2009-09-30,25.760000228881836,25.989999771118164,25.3799991607666,25.719999313354492,19.316652297973633,63533400
2009-10-01,25.40999984741211,25.469999313354492,24.799999237060547,24.8799991607666,18.68578338623047,75958100
2009-10-02,24.459999084472656,25.09000015258789,24.43000030517578,24.959999084472656,18.74586296081543,51219700
2009-10-05,24.979999542236328,25.059999465942383,24.520000457763672,24.639999389648438,18.505529403686523,60804900
2009-10-06,24.68000030517578,25.209999084472656,24.65999984741211,25.110000610351562,18.8585205078125,48795300
2009-10-07,24.989999771118164,25.18000030517578,24.8799991607666,25.100000381469727,18.851009368896484,38472700
2009-10-08,25.440000534057617,25.899999618530273,25.219999313354492,25.670000076293945,19.279104232788086,60521300
2009-10-09,25.56999969482422,25.790000915527344,25.459999084472656,25.549999237060547,19.188982009887695,39520000
2009-10-12,25.65999984741211,25.889999389648438,25.549999237060547,25.719999313354492,19.316652297973633,29145800
2009-10-13,25.59000015258789,25.940000534057617,25.520000457763672,25.809999465942383,19.384241104125977,37749000
2009-10-14,26.139999389648438,26.200000762939453,25.81999969482422,25.959999084472656,19.496898651123047,45365500
2009-10-15,25.899999618530273,26.709999084472656,25.899999618530273,26.709999084472656,20.060178756713867,65620100
2009-10-16,26.450000762939453,26.6299991607666,26.100000381469727,26.5,19.902456283569336,56500900
2009-10-19,26.489999771118164,26.579999923706055,26.25,26.360000610351562,19.797313690185547,48143200
2009-10-20,26.420000076293945,26.510000228881836,25.940000534057617,26.3700008392334,19.804824829101562,54604700
2009-10-21,26.459999084472656,26.75,26.389999389648438,26.579999923706055,19.962543487548828,61672700
2009-10-22,26.559999465942383,26.719999313354492,26.1299991607666,26.59000015258789,19.97005844116211,61600000
2009-10-23,29.200000762939453,29.350000381469727,27.8799991607666,28.020000457763672,21.044031143188477,281761000
2009-10-26,28.1299991607666,29.020000457763672,28.110000610351562,28.68000030517578,21.53972053527832,124149700
2009-10-27,28.729999542236328,28.8799991607666,28.440000534057617,28.59000015258789,21.472135543823242,69685800
2009-10-28,28.239999771118164,28.770000457763672,27.950000762939453,28.020000457763672,21.044031143188477,73542400
2009-10-29,28.06999969482422,28.40999984741211,27.850000381469727,28.219999313354492,21.194250106811523,65225500
2009-10-30,28.030000686645508,28.399999618530273,27.65999984741211,27.729999542236328,20.826231002807617,73371800
2009-11-02,27.700000762939453,28.049999237060547,27.40999984741211,27.8799991607666,20.93889045715332,62428900
2009-11-03,27.639999389648438,27.739999771118164,27.43000030517578,27.530000686645508,20.6760311126709,50294800
2009-11-04,27.690000534057617,28.389999389648438,27.6200008392334,28.059999465942383,21.07407569885254,63898400
2009-11-05,28.520000457763672,28.739999771118164,28.280000686645508,28.469999313354492,21.381999969482422,52681700
2009-11-06,28.3799991607666,28.6299991607666,28.200000762939453,28.520000457763672,21.4195613861084,38908500
2009-11-09,28.6200008392334,29.0,28.530000686645508,28.989999771118164,21.772537231445312,57518000
2009-11-10,28.899999618530273,29.280000686645508,28.809999465942383,29.010000228881836,21.78756332397461,65881100
2009-11-11,29.079999923706055,29.299999237060547,29.020000457763672,29.1200008392334,21.870174407958984,49693400
2009-11-12,29.010000228881836,29.489999771118164,29.0,29.360000610351562,22.0504207611084,55352400
2009-11-13,29.469999313354492,29.790000915527344,29.3700008392334,29.6299991607666,22.253204345703125,53037600
2009-11-16,29.610000610351562,29.799999237060547,29.3700008392334,29.540000915527344,22.185609817504883,54129500
2009-11-17,29.5,30.0,29.469999313354492,30.0,22.630680084228516,75648900
2009-11-18,30.0,30.139999389648438,29.809999465942383,30.110000610351562,22.71365737915039,59431200
2009-11-19,29.989999771118164,30.0,29.700000762939453,29.780000686645508,22.4647216796875,51967700
2009-11-20,29.65999984741211,29.770000457763672,29.43000030517578,29.6200008392334,22.34402847290039,42647100
2009-11-23,29.84000015258789,30.010000228881836,29.700000762939453,29.940000534057617,22.585420608520508,41832700
2009-11-24,29.950000762939453,29.989999771118164,29.75,29.90999984741211,22.56279182434082,37341400
2009-11-25,29.809999465942383,29.860000610351562,29.579999923706055,29.790000915527344,22.47226905822754,32033500
2009-11-27,29.110000610351562,29.389999389648438,28.75,29.219999313354492,22.042285919189453,29357900
2009-11-30,29.149999618530273,29.450000762939453,29.0,29.40999984741211,22.18561553955078,44172000
2009-12-01,29.520000457763672,30.049999237060547,29.40999984741211,30.010000228881836,22.63822364807129,49904200
2009-12-02,29.899999618530273,29.989999771118164,29.649999618530273,29.780000686645508,22.4647216796875,36308600
2009-12-03,29.84000015258789,30.200000762939453,29.760000228881836,29.829999923706055,22.502437591552734,43095200
2009-12-04,30.049999237060547,30.3700008392334,29.829999923706055,29.979999542236328,22.61559295654297,58810700
2009-12-07,29.780000686645508,30.079999923706055,29.68000030517578,29.790000915527344,22.47226905822754,38082700
2009-12-08,29.520000457763672,29.739999771118164,29.3799991607666,29.56999969482422,22.306303024291992,37402200
2009-12-09,29.469999313354492,29.809999465942383,29.25,29.709999084472656,22.411922454833984,44713300
2009-12-10,29.709999084472656,29.959999084472656,29.65999984741211,29.8700008392334,22.532615661621094,45940200
2009-12-11,29.969999313354492,30.0,29.790000915527344,29.850000381469727,22.517532348632812,43744200
2009-12-14,29.90999984741211,30.15999984741211,29.899999618530273,30.110000610351562,22.71365737915039,34651200
2009-12-15,29.889999389648438,30.209999084472656,29.8799991607666,30.020000457763672,22.64576530456543,49473200
2009-12-16,30.06999969482422,30.40999984741211,30.040000915527344,30.100000381469727,22.70611572265625,55737800
2009-12-17,29.950000762939453,29.959999084472656,29.56999969482422,29.600000381469727,22.328935623168945,43691200
2009-12-18,29.84000015258789,30.450000762939453,29.799999237060547,30.360000610351562,22.902246475219727,94118000
2009-12-21,30.399999618530273,30.84000015258789,30.3700008392334,30.520000457763672,23.0229434967041,40129100
2009-12-22,30.600000381469727,30.93000030517578,30.540000915527344,30.81999969482422,23.24925422668457,36321000
2009-12-23,30.709999084472656,30.950000762939453,30.690000534057617,30.920000076293945,23.324689865112305,28362700
2009-12-24,30.8799991607666,31.0,30.760000228881836,31.0,23.385038375854492,11083900
2009-12-28,31.0,31.18000030517578,30.889999389648438,31.170000076293945,23.51327896118164,25384000
2009-12-29,31.350000381469727,31.5,31.229999542236328,31.389999389648438,23.67923927307129,29716200
2009-12-30,31.149999618530273,31.290000915527344,30.799999237060547,30.959999084472656,23.354862213134766,42006200
2009-12-31,30.979999542236328,30.989999771118164,30.479999542236328,30.479999542236328,22.992773056030273,31929700
2010-01-04,30.6200008392334,31.100000381469727,30.59000015258789,30.950000762939453,23.347320556640625,38409100
2010-01-05,30.850000381469727,31.100000381469727,30.639999389648438,30.959999084472656,23.354862213134766,49749600
2010-01-06,30.8799991607666,31.079999923706055,30.520000457763672,30.770000457763672,23.211538314819336,58182400
2010-01-07,30.6299991607666,30.700000762939453,30.190000534057617,30.450000762939453,22.970144271850586,50559700
2010-01-08,30.280000686645508,30.8799991607666,30.239999771118164,30.65999984741211,23.12855339050293,51197400
2010-01-11,30.709999084472656,30.760000228881836,30.1200008392334,30.270000457763672,22.834352493286133,68754700
2010-01-12,30.149999618530273,30.399999618530273,29.90999984741211,30.06999969482422,22.683486938476562,65912100
2010-01-13,30.260000228881836,30.520000457763672,30.010000228881836,30.350000381469727,22.89470672607422,51863500
2010-01-14,30.309999465942383,31.100000381469727,30.260000228881836,30.959999084472656,23.354862213134766,63228100
2010-01-15,31.079999923706055,31.239999771118164,30.709999084472656,30.860000610351562,23.279420852661133,79913200
2010-01-19,30.75,31.239999771118164,30.68000030517578,31.100000381469727,23.460474014282227,46575700
2010-01-20,30.809999465942383,30.940000534057617,30.309999465942383,30.59000015258789,23.075748443603516,54849500
2010-01-21,30.610000610351562,30.719999313354492,30.0,30.010000228881836,22.63822364807129,73086700
2010-01-22,30.0,30.200000762939453,28.84000015258789,28.959999084472656,21.846145629882812,102004600
2010-01-25,29.239999771118164,29.65999984741211,29.100000381469727,29.31999969482422,22.117721557617188,63373000
2010-01-26,29.200000762939453,29.850000381469727,29.09000015258789,29.5,22.253503799438477,66639900
2010-01-27,29.350000381469727,29.81999969482422,29.020000457763672,29.670000076293945,22.381742477416992,63949500
2010-01-28,29.84000015258789,29.8700008392334,28.889999389648438,29.15999984741211,21.997024536132812,117513700
2010-01-29,29.899999618530273,29.920000076293945,27.65999984741211,28.18000030517578,21.257749557495117,193888500
2010-02-01,28.389999389648438,28.479999542236328,27.920000076293945,28.40999984741211,21.431249618530273,85931100
2010-02-02,28.3700008392334,28.5,28.139999389648438,28.459999084472656,21.468971252441406,54413700
2010-02-03,28.260000228881836,28.790000915527344,28.1200008392334,28.6299991607666,21.597213745117188,61397900
2010-02-04,28.3799991607666,28.5,27.809999465942383,27.84000015258789,21.00126838684082,77850000
2010-02-05,28.0,28.280000686645508,27.56999969482422,28.020000457763672,21.137052536010742,80960100
2010-02-08,28.010000228881836,28.079999923706055,27.56999969482422,27.719999313354492,20.910749435424805,52820600
2010-02-09,27.969999313354492,28.34000015258789,27.75,28.010000228881836,21.1295108795166,59195800
2010-02-10,28.030000686645508,28.239999771118164,27.84000015258789,27.989999771118164,21.114421844482422,48591300
2010-02-11,27.93000030517578,28.399999618530273,27.700000762939453,28.1200008392334,21.212491989135742,65993700
2010-02-12,27.809999465942383,28.059999465942383,27.579999923706055,27.93000030517578,21.06916046142578,81117200
2010-02-16,28.1299991607666,28.3700008392334,28.020000457763672,28.350000381469727,21.486007690429688,51935600
2010-02-17,28.530000686645508,28.649999618530273,28.360000610351562,28.59000015258789,21.667898178100586,45882900
2010-02-18,28.59000015258789,29.030000686645508,28.510000228881836,28.969999313354492,21.955881118774414,42856500
2010-02-19,28.790000915527344,28.920000076293945,28.690000534057617,28.770000457763672,21.804306030273438,44451800
2010-02-22,28.84000015258789,28.940000534057617,28.649999618530273,28.729999542236328,21.773998260498047,36707100
2010-02-23,28.68000030517578,28.829999923706055,28.09000015258789,28.329999923706055,21.47084617614746,52266200
2010-02-24,28.520000457763672,28.790000915527344,28.3799991607666,28.6299991607666,21.698204040527344,43165900
2010-02-25,28.270000457763672,28.649999618530273,28.020000457763672,28.600000381469727,21.675466537475586,48735300
2010-02-26,28.649999618530273,28.850000381469727,28.510000228881836,28.670000076293945,21.7285213470459,40370600
2010-03-01,28.770000457763672,29.049999237060547,28.530000686645508,29.020000457763672,21.99378204345703,43805400
2010-03-02,29.079999923706055,29.299999237060547,28.239999771118164,28.459999084472656,21.569368362426758,93123900
2010-03-03,28.510000228881836,28.610000610351562,28.350000381469727,28.459999084472656,21.569368362426758,48442100
2010-03-04,28.459999084472656,28.649999618530273,28.270000457763672,28.6299991607666,21.698204040527344,42890600
2010-03-05,28.65999984741211,28.68000030517578,28.420000076293945,28.59000015258789,21.667898178100586,56001800
2010-03-08,28.520000457763672,28.93000030517578,28.5,28.6299991607666,21.698204040527344,39414500
2010-03-09,28.559999465942383,29.110000610351562,28.549999237060547,28.799999237060547,21.827045440673828,50271600
2010-03-10,28.860000610351562,29.110000610351562,28.799999237060547,28.969999313354492,21.955881118774414,44891400
2010-03-11,28.889999389648438,29.190000534057617,28.850000381469727,29.18000030517578,22.11504554748535,35349700
2010-03-12,29.31999969482422,29.3799991607666,29.040000915527344,29.270000457763672,22.183256149291992,31700200
2010-03-15,29.18000030517578,29.3700008392334,29.010000228881836,29.290000915527344,22.198413848876953,37512000
2010-03-16,29.420000076293945,29.489999771118164,29.200000762939453,29.3700008392334,22.259042739868164,36723500
2010-03-17,29.5,29.8700008392334,29.399999618530273,29.6299991607666,22.456092834472656,50385700
2010-03-18,29.6299991607666,29.719999313354492,29.5,29.610000610351562,22.440933227539062,43845200
2010-03-19,29.760000228881836,29.899999618530273,29.350000381469727,29.59000015258789,22.425777435302734,81332100
2010-03-22,29.5,29.700000762939453,29.389999389648438,29.600000381469727,22.4333553314209,37718200
2010-03-23,29.59000015258789,29.899999618530273,29.40999984741211,29.8799991607666,22.645566940307617,42026600
2010-03-24,29.719999313354492,29.850000381469727,29.600000381469727,29.649999618530273,22.47125244140625,33987700
2010-03-25,29.829999923706055,30.56999969482422,29.799999237060547,30.010000228881836,22.744089126586914,73168700
2010-03-26,30.09000015258789,30.200000762939453,29.59000015258789,29.65999984741211,22.47882843017578,55595500
2010-03-29,29.709999084472656,29.81999969482422,29.549999237060547,29.59000015258789,22.425777435302734,33336000
2010-03-30,29.6299991607666,29.860000610351562,29.5,29.770000457763672,22.562198638916016,34954800
2010-03-31,29.639999389648438,29.719999313354492,29.170000076293945,29.290000915527344,22.198413848876953,63760000
2010-04-01,29.350000381469727,29.540000915527344,28.6200008392334,29.15999984741211,22.099882125854492,74768100
2010-04-05,29.1299991607666,29.43000030517578,29.030000686645508,29.270000457763672,22.183256149291992,34331200
2010-04-06,29.149999618530273,29.579999923706055,28.979999542236328,29.31999969482422,22.221147537231445,47366800
2010-04-07,29.15999984741211,29.559999465942383,29.139999389648438,29.350000381469727,22.243881225585938,58318800
2010-04-08,29.31999969482422,29.979999542236328,29.299999237060547,29.920000076293945,22.675878524780273,63713800
2010-04-09,29.950000762939453,30.40999984741211,29.899999618530273,30.34000015258789,22.994192123413086,54752500
2010-04-12,30.25,30.489999771118164,30.209999084472656,30.31999969482422,22.979028701782227,37068800
2010-04-13,30.149999618530273,30.5,30.1299991607666,30.450000762939453,23.077552795410156,41374600
2010-04-14,30.790000915527344,31.0,30.65999984741211,30.81999969482422,23.357975006103516,68941200
2010-04-15,30.81999969482422,30.950000762939453,30.709999084472656,30.8700008392334,23.39586639404297,52745400
2010-04-16,30.790000915527344,30.979999542236328,30.600000381469727,30.670000076293945,23.244287490844727,88703100
2010-04-19,30.770000457763672,31.25,30.760000228881836,31.040000915527344,23.52470588684082,64970300
2010-04-20,31.219999313354492,31.440000534057617,31.1299991607666,31.360000610351562,23.767234802246094,52199500
2010-04-21,31.329999923706055,31.5,31.229999542236328,31.329999923706055,23.744491577148438,55343100
2010-04-22,31.040000915527344,31.530000686645508,30.899999618530273,31.389999389648438,23.78997039794922,84847600
2010-04-23,31.1200008392334,31.579999923706055,30.649999618530273,30.959999084472656,23.46407699584961,126766600
2010-04-26,31.0,31.280000686645508,30.860000610351562,31.110000610351562,23.5777645111084,63649300
2010-04-27,30.950000762939453,31.25,30.75,30.850000381469727,23.380708694458008,68730900
2010-04-28,30.920000076293945,31.0,30.6200008392334,30.90999984741211,23.426177978515625,64557900
2010-04-29,30.93000030517578,31.43000030517578,30.670000076293945,31.0,23.494388580322266,52665200
2010-04-30,31.06999969482422,31.079999923706055,30.520000457763672,30.540000915527344,23.145763397216797,63214800
2010-05-03,30.670000076293945,31.059999465942383,30.579999923706055,30.860000610351562,23.388282775878906,43989500
2010-05-04,30.520000457763672,30.549999237060547,29.75,30.1299991607666,22.835031509399414,82085600
2010-05-05,29.770000457763672,30.09000015258789,29.690000534057617,29.850000381469727,22.62282943725586,66833800
2010-05-06,29.59000015258789,29.8799991607666,27.90999984741211,28.979999542236328,21.963464736938477,128613000
2010-05-07,28.93000030517578,28.950000762939453,27.31999969482422,28.209999084472656,21.379898071289062,173718100
2010-05-10,29.010000228881836,29.479999542236328,28.709999084472656,28.940000534057617,21.933151245117188,86653300
2010-05-11,28.68000030517578,29.649999618530273,28.56999969482422,28.8799991607666,21.88767433166504,63789400
2010-05-12,28.979999542236328,29.579999923706055,28.920000076293945,29.440000534057617,22.312091827392578,47146800
2010-05-13,29.260000228881836,29.729999542236328,29.18000030517578,29.239999771118164,22.160518646240234,45188800
2010-05-14,29.200000762939453,29.209999084472656,28.639999389648438,28.93000030517578,21.925569534301758,63334000
2010-05-17,29.1200008392334,29.229999542236328,28.450000762939453,28.940000534057617,21.933151245117188,46053300
2010-05-18,28.8700008392334,29.0,28.399999618530273,28.600000381469727,21.77327537536621,52690600
2010-05-19,28.520000457763672,28.690000534057617,27.790000915527344,28.239999771118164,21.49921226501465,61746700
2010-05-20,27.649999618530273,27.84000015258789,27.040000915527344,27.110000610351562,20.638935089111328,87991100
2010-05-21,26.6299991607666,27.110000610351562,26.440000534057617,26.84000015258789,20.433382034301758,117596300
2010-05-24,26.850000381469727,26.860000610351562,26.260000228881836,26.270000457763672,19.99943733215332,73711700
2010-05-25,25.649999618530273,26.329999923706055,25.3799991607666,26.06999969482422,19.847179412841797,98373600
2010-05-26,26.229999542236328,26.610000610351562,24.559999465942383,25.010000228881836,19.040189743041992,176684100
2010-05-27,25.729999542236328,26.360000610351562,25.729999542236328,26.0,19.793888092041016,136433600
2010-05-28,25.84000015258789,26.1200008392334,25.65999984741211,25.799999237060547,19.641630172729492,67496900
2010-06-01,25.530000686645508,26.309999465942383,25.520000457763672,25.889999389648438,19.710155487060547,76152400
2010-06-02,26.059999465942383,26.479999542236328,25.729999542236328,26.459999084472656,20.144079208374023,65718800
2010-06-03,26.549999237060547,26.93000030517578,26.40999984741211,26.860000610351562,20.4486141204834,67837000
2010-06-04,26.100000381469727,26.56999969482422,25.6200008392334,25.790000915527344,19.634010314941406,89832200
2010-06-07,25.81999969482422,25.829999923706055,25.239999771118164,25.290000915527344,19.25337028503418,80456200
2010-06-08,25.25,25.260000228881836,24.649999618530273,25.110000610351562,19.116329193115234,87355000
2010-06-09,25.219999313354492,25.520000457763672,24.75,24.790000915527344,18.872713088989258,87794000
2010-06-10,25.1299991607666,25.149999618530273,24.780000686645508,25.0,19.03258514404297,78930900
2010-06-11,25.040000915527344,25.719999313354492,24.770000457763672,25.65999984741211,19.535043716430664,68057700
2010-06-14,25.860000610351562,25.959999084472656,25.469999313354492,25.5,19.413238525390625,50972400
2010-06-15,25.75,26.649999618530273,25.739999771118164,26.579999923706055,20.235445022583008,81641500
2010-06-16,26.469999313354492,26.579999923706055,26.229999542236328,26.31999969482422,20.03750228881836,48698000
2010-06-17,26.559999465942383,26.670000076293945,26.040000915527344,26.3700008392334,20.075571060180664,47995500
2010-06-18,26.3700008392334,26.530000686645508,26.170000076293945,26.440000534057617,20.128864288330078,52075600
2010-06-21,26.780000686645508,26.889999389648438,25.889999389648438,25.950000762939453,19.755826950073242,54625300
2010-06-22,26.15999984741211,26.450000762939453,25.760000228881836,25.770000457763672,19.618785858154297,55985400
2010-06-23,25.780000686645508,25.780000686645508,25.219999313354492,25.309999465942383,19.268592834472656,61466200
2010-06-24,25.459999084472656,25.719999313354492,24.93000030517578,25.0,19.03258514404297,85243400
2010-06-25,25.049999237060547,25.110000610351562,24.309999465942383,24.530000686645508,18.674772262573242,156256700
2010-06-28,24.510000228881836,24.610000610351562,24.1200008392334,24.309999465942383,18.507287979125977,73784800
2010-06-29,24.1299991607666,24.200000762939453,23.110000610351562,23.309999465942383,17.745990753173828,119882100
2010-06-30,23.299999237060547,23.68000030517578,22.950000762939453,23.010000228881836,17.51759147644043,81050500
2010-07-01,23.09000015258789,23.31999969482422,22.729999542236328,23.15999984741211,17.63178253173828,92239400
2010-07-02,23.360000610351562,23.479999542236328,23.049999237060547,23.270000457763672,17.715530395507812,62485100
2010-07-06,23.700000762939453,24.09000015258789,23.579999923706055,23.81999969482422,18.134246826171875,73592000
2010-07-07,23.81999969482422,24.31999969482422,23.610000610351562,24.299999237060547,18.499671936035156,79965300
2010-07-08,24.600000381469727,24.6200008392334,23.969999313354492,24.40999984741211,18.58341407775879,50758100
2010-07-09,24.329999923706055,24.40999984741211,24.149999618530273,24.270000457763672,18.476835250854492,53806100
2010-07-12,24.43000030517578,24.889999389648438,24.420000076293945,24.829999923706055,18.903165817260742,49854200
2010-07-13,25.139999389648438,25.299999237060547,24.899999618530273,25.1299991607666,19.131547927856445,61928700
2010-07-14,25.5,25.610000610351562,25.1200008392334,25.440000534057617,19.3675594329834,72808100
2010-07-15,25.5,25.59000015258789,24.979999542236328,25.510000228881836,19.420848846435547,56934700
2010-07-16,25.510000228881836,25.639999389648438,24.8799991607666,24.889999389648438,18.948843002319336,65064800
2010-07-19,24.959999084472656,25.299999237060547,24.90999984741211,25.229999542236328,19.20768165588379,38181800
2010-07-20,24.860000610351562,25.479999542236328,24.700000762939453,25.479999542236328,19.398014068603516,45530700
2010-07-21,25.600000381469727,25.649999618530273,24.979999542236328,25.1200008392334,19.123945236206055,73297300
2010-07-22,25.510000228881836,25.989999771118164,25.469999313354492,25.84000015258789,19.672080993652344,73016400
2010-07-23,25.84000015258789,26.020000457763672,25.25,25.809999465942383,19.649234771728516,108520100
2010-07-26,25.860000610351562,26.200000762939453,25.799999237060547,26.100000381469727,19.870019912719727,67249900
2010-07-27,26.139999389648438,26.239999771118164,25.959999084472656,26.15999984741211,19.915700912475586,60672100
2010-07-28,26.06999969482422,26.190000534057617,25.829999923706055,25.950000762939453,19.755826950073242,69704800
2010-07-29,26.1299991607666,26.40999984741211,25.600000381469727,26.030000686645508,19.816730499267578,69446200
2010-07-30,25.75,25.84000015258789,25.350000381469727,25.809999465942383,19.649234771728516,83534800
2010-08-02,25.989999771118164,26.3799991607666,25.75,26.329999923706055,20.04511833190918,55044600
2010-08-03,26.200000762939453,26.350000381469727,25.969999313354492,26.15999984741211,19.915700912475586,56877700
2010-08-04,26.149999618530273,26.239999771118164,25.440000534057617,25.729999542236328,19.588333129882812,78531900
2010-08-05,25.489999771118164,25.579999923706055,25.209999084472656,25.3700008392334,19.31427001953125,64922100
2010-08-06,25.18000030517578,25.559999465942383,25.020000457763672,25.549999237060547,19.45130729675293,55982100
2010-08-09,25.549999237060547,25.729999542236328,25.3700008392334,25.610000610351562,19.496973037719727,57096500
2010-08-10,25.329999923706055,25.34000015258789,24.8799991607666,25.06999969482422,19.085880279541016,87257700
2010-08-11,24.68000030517578,24.899999618530273,24.559999465942383,24.860000610351562,18.92600440979004,76746900
2010-08-12,24.420000076293945,24.68000030517578,24.360000610351562,24.489999771118164,18.644319534301758,70240500
2010-08-13,24.350000381469727,24.670000076293945,24.239999771118164,24.399999618530273,18.575803756713867,45263500
2010-08-16,24.360000610351562,24.610000610351562,24.299999237060547,24.5,18.65193748474121,40909700
2010-08-17,24.709999084472656,24.959999084472656,24.600000381469727,24.709999084472656,18.912158966064453,52912600
2010-08-18,24.68000030517578,24.950000762939453,24.40999984741211,24.81999969482422,18.9963436126709,46818900
2010-08-19,24.6200008392334,24.739999771118164,24.209999084472656,24.440000534057617,18.705507278442383,54064600
2010-08-20,24.309999465942383,24.399999618530273,24.200000762939453,24.229999542236328,18.544776916503906,49560100
2010-08-23,24.440000534057617,24.639999389648438,24.239999771118164,24.280000686645508,18.583057403564453,51643000
2010-08-24,24.09000015258789,24.350000381469727,24.0,24.040000915527344,18.399362564086914,66522500
2010-08-25,24.0,24.219999313354492,23.8700008392334,24.100000381469727,18.445281982421875,47404800
2010-08-26,24.09000015258789,24.190000534057617,23.790000915527344,23.81999969482422,18.230981826782227,49105300
2010-08-27,23.8799991607666,24.020000457763672,23.510000228881836,23.93000030517578,18.315170288085938,60939400
2010-08-30,23.739999771118164,23.81999969482422,23.600000381469727,23.639999389648438,18.093219757080078,45453100
2010-08-31,23.600000381469727,23.729999542236328,23.31999969482422,23.469999313354492,17.963104248046875,66074600
2010-09-01,23.670000076293945,23.950000762939453,23.540000915527344,23.899999618530273,18.292213439941406,65235900
2010-09-02,23.8799991607666,23.950000762939453,23.709999084472656,23.940000534057617,18.322824478149414,48837100
2010-09-03,24.239999771118164,24.450000762939453,24.200000762939453,24.290000915527344,18.590709686279297,64189100
2010-09-07,24.100000381469727,24.299999237060547,23.920000076293945,23.959999084472656,18.33812713623047,51928700
2010-09-08,24.06999969482422,24.200000762939453,23.739999771118164,23.93000030517578,18.315170288085938,65512400
2010-09-09,24.190000534057617,24.209999084472656,23.989999771118164,24.010000228881836,18.37640380859375,46028900
2010-09-10,23.979999542236328,24.030000686645508,23.790000915527344,23.850000381469727,18.253944396972656,58284300
2010-09-13,24.200000762939453,25.290000915527344,24.09000015258789,25.110000610351562,19.218299865722656,114680400
2010-09-14,25.040000915527344,25.350000381469727,24.889999389648438,25.030000686645508,19.157073974609375,87160400
2010-09-15,25.100000381469727,25.219999313354492,24.920000076293945,25.1200008392334,19.225955963134766,56201900
2010-09-16,25.059999465942383,25.3700008392334,25.049999237060547,25.329999923706055,19.386682510375977,44548300
2010-09-17,25.399999618530273,25.530000686645508,25.079999923706055,25.219999313354492,19.302486419677734,70341600
2010-09-20,25.280000686645508,25.520000457763672,25.110000610351562,25.43000030517578,19.463218688964844,49838700
2010-09-21,25.420000076293945,25.420000076293945,25.079999923706055,25.149999618530273,19.248916625976562,52675700
2010-09-22,24.889999389648438,24.969999313354492,24.360000610351562,24.610000610351562,18.83562469482422,94299400
2010-09-23,24.510000228881836,24.59000015258789,24.360000610351562,24.43000030517578,18.697858810424805,46201800
2010-09-24,24.639999389648438,24.799999237060547,24.579999923706055,24.780000686645508,18.965740203857422,51948800
2010-09-27,24.850000381469727,24.989999771118164,24.59000015258789,24.729999542236328,18.927465438842773,43603300
2010-09-28,24.799999237060547,24.899999618530273,24.350000381469727,24.68000030517578,18.889204025268555,56041200
2010-09-29,24.6299991607666,24.65999984741211,24.399999618530273,24.5,18.751432418823242,44318900
2010-09-30,24.610000610351562,24.829999923706055,24.360000610351562,24.489999771118164,18.7437744140625,61262700
2010-10-01,24.770000457763672,24.81999969482422,24.299999237060547,24.3799991607666,18.65958595275879,62672300
2010-10-04,23.959999084472656,23.989999771118164,23.780000686645508,23.90999984741211,18.299869537353516,98143400
2010-10-05,24.059999465942383,24.450000762939453,23.90999984741211,24.350000381469727,18.636629104614258,78152900
2010-10-06,24.31999969482422,24.540000915527344,24.1299991607666,24.43000030517578,18.697858810424805,50489700
2010-10-07,24.6200008392334,24.75,24.280000686645508,24.530000686645508,18.77439308166504,50096100
2010-10-08,24.6200008392334,24.649999618530273,24.3700008392334,24.56999969482422,18.80500602722168,41327800
2010-10-11,24.739999771118164,24.739999771118164,24.5,24.59000015258789,18.8203067779541,27587800
2010-10-12,24.649999618530273,24.93000030517578,24.43000030517578,24.829999923706055,19.004005432128906,50141500
2010-10-13,25.020000457763672,25.540000915527344,24.889999389648438,25.34000015258789,19.394332885742188,75336500
2010-10-14,25.290000915527344,25.34000015258789,25.0,25.229999542236328,19.31014633178711,51949100
2010-10-15,25.360000610351562,25.549999237060547,25.229999542236328,25.540000915527344,19.547401428222656,68954800
2010-10-18,25.59000015258789,25.950000762939453,25.450000762939453,25.81999969482422,19.761714935302734,48330500
2010-10-19,25.270000457763672,25.3700008392334,24.950000762939453,25.100000381469727,19.210655212402344,66150900
2010-10-20,25.260000228881836,25.399999618530273,25.100000381469727,25.309999465942383,19.371379852294922,56283600
2010-10-21,25.399999618530273,25.540000915527344,25.049999237060547,25.420000076293945,19.455562591552734,50032400
2010-10-22,25.520000457763672,25.540000915527344,25.270000457763672,25.3799991607666,19.424949645996094,25837900
2010-10-25,25.239999771118164,25.350000381469727,25.170000076293945,25.190000534057617,19.27952766418457,50912400
2010-10-26,25.1200008392334,25.969999313354492,25.059999465942383,25.899999618530273,19.822946548461914,69304200
2010-10-27,25.790000915527344,26.110000610351562,25.6200008392334,26.049999237060547,19.937747955322266,64805500
2010-10-28,26.209999084472656,26.3799991607666,25.920000076293945,26.280000686645508,20.113779067993164,80730300
2010-10-29,27.149999618530273,27.200000762939453,26.479999542236328,26.670000076293945,20.412273406982422,114193200
2010-11-01,26.8799991607666,27.219999313354492,26.700000762939453,26.950000762939453,20.626577377319336,61912100
2010-11-02,27.059999465942383,27.420000076293945,27.020000457763672,27.389999389648438,20.963329315185547,54402100
2010-11-03,27.459999084472656,27.489999771118164,26.959999084472656,27.030000686645508,20.68780517578125,110255300
2010-11-04,27.40999984741211,27.43000030517578,27.010000228881836,27.139999389648438,20.771991729736328,93599300
2010-11-05,27.170000076293945,27.190000534057617,26.530000686645508,26.850000381469727,20.550037384033203,110953700
2010-11-08,26.68000030517578,28.8700008392334,26.579999923706055,26.809999465942383,20.5194149017334,71670800
2010-11-09,26.809999465942383,27.110000610351562,26.709999084472656,26.950000762939453,20.626577377319336,58538600
2010-11-10,27.010000228881836,27.079999923706055,26.809999465942383,26.940000534057617,20.618919372558594,52277300
2010-11-11,26.68000030517578,26.719999313354492,26.280000686645508,26.68000030517578,20.419925689697266,62073100
2010-11-12,26.469999313354492,26.520000457763672,26.100000381469727,26.270000457763672,20.106121063232422,64962200
2010-11-15,26.329999923706055,26.5,26.170000076293945,26.200000762939453,20.05255126953125,51794600
2010-11-16,26.040000915527344,26.040000915527344,25.649999618530273,25.809999465942383,19.875429153442383,65339200
2010-11-17,25.899999618530273,25.90999984741211,25.549999237060547,25.56999969482422,19.690616607666016,58299700
2010-11-18,25.709999084472656,26.079999923706055,25.610000610351562,25.84000015258789,19.898536682128906,59514000
2010-11-19,25.799999237060547,25.829999923706055,25.600000381469727,25.690000534057617,19.783029556274414,52423200
2010-11-22,25.649999618530273,25.739999771118164,25.440000534057617,25.729999542236328,19.813827514648438,53350500
2010-11-23,25.56999969482422,25.600000381469727,25.09000015258789,25.1200008392334,19.34408950805664,69742500
2010-11-24,25.200000762939453,25.459999084472656,25.15999984741211,25.3700008392334,19.536605834960938,56825900
2010-11-26,25.209999084472656,25.40999984741211,25.170000076293945,25.25,19.444196701049805,21356500
2010-11-29,25.190000534057617,25.420000076293945,24.93000030517578,25.309999465942383,19.490402221679688,56603600
2010-11-30,25.049999237060547,25.469999313354492,25.0,25.260000228881836,19.451887130737305,75282100
2010-12-01,25.56999969482422,26.25,25.559999465942383,26.040000915527344,20.05255699157715,74123500
2010-12-02,26.239999771118164,26.979999542236328,26.200000762939453,26.889999389648438,20.707103729248047,91759200
2010-12-03,26.809999465942383,27.059999465942383,26.780000686645508,27.020000457763672,20.807218551635742,52622000
2010-12-06,26.93000030517578,26.979999542236328,26.760000228881836,26.84000015258789,20.668601989746094,36264200
2010-12-07,27.079999923706055,27.1299991607666,26.850000381469727,26.8700008392334,20.69170570373535,57860500
2010-12-08,26.829999923706055,27.239999771118164,26.799999237060547,27.229999542236328,20.96893310546875,41666800
2010-12-09,27.280000686645508,27.34000015258789,27.010000228881836,27.079999923706055,20.853410720825195,47148300
2010-12-10,27.190000534057617,27.399999618530273,27.110000610351562,27.34000015258789,21.05364418029785,37625800
2010-12-13,27.270000457763672,27.450000762939453,27.170000076293945,27.25,20.984333038330078,47943900
2010-12-14,27.309999465942383,27.75,27.260000228881836,27.6200008392334,21.269254684448242,64070500
2010-12-15,27.530000686645508,27.989999771118164,27.530000686645508,27.850000381469727,21.446372985839844,69634200
2010-12-16,27.760000228881836,27.989999771118164,27.65999984741211,27.989999771118164,21.554182052612305,57680200
2010-12-17,27.920000076293945,28.09000015258789,27.75,27.899999618530273,21.484872817993164,87456500
2010-12-20,27.950000762939453,27.989999771118164,27.68000030517578,27.809999465942383,21.415563583374023,52811000
2010-12-21,27.850000381469727,28.139999389648438,27.760000228881836,28.06999969482422,21.615785598754883,38153000
2010-12-22,28.010000228881836,28.399999618530273,27.979999542236328,28.190000534057617,21.708192825317383,42252300
2010-12-23,27.969999313354492,28.31999969482422,27.959999084472656,28.299999237060547,21.79290771484375,24902500
2010-12-27,28.1200008392334,28.200000762939453,27.8799991607666,28.06999969482422,21.615785598754883,21652800
2010-12-28,27.969999313354492,28.170000076293945,27.959999084472656,28.010000228881836,21.569583892822266,23042200
2010-12-29,27.940000534057617,28.1200008392334,27.8799991607666,27.969999313354492,21.53877830505371,19502500
2010-12-30,27.920000076293945,28.0,27.780000686645508,27.850000381469727,21.446372985839844,20786100
2010-12-31,27.799999237060547,27.920000076293945,27.6299991607666,27.90999984741211,21.492578506469727,24752000
2011-01-03,28.049999237060547,28.18000030517578,27.920000076293945,27.979999542236328,21.54648208618164,53443800
2011-01-04,27.940000534057617,28.170000076293945,27.850000381469727,28.09000015258789,21.63118553161621,54405600
2011-01-05,27.899999618530273,28.010000228881836,27.770000457763672,28.0,21.561880111694336,58998700
2011-01-06,28.040000915527344,28.850000381469727,27.860000610351562,28.81999969482422,22.193336486816406,88026300
2011-01-07,28.639999389648438,28.739999771118164,28.25,28.600000381469727,22.0239200592041,73762000
2011-01-10,28.260000228881836,28.399999618530273,28.040000915527344,28.219999313354492,21.73129653930664,57573600
2011-01-11,28.200000762939453,28.25,28.049999237060547,28.110000610351562,21.646589279174805,50298900
2011-01-12,28.1200008392334,28.59000015258789,28.06999969482422,28.549999237060547,21.985414505004883,52631100
2011-01-13,28.329999923706055,28.389999389648438,28.010000228881836,28.190000534057617,21.708192825317383,67077600
2011-01-14,28.079999923706055,28.3799991607666,27.90999984741211,28.299999237060547,21.79290771484375,62688400
2011-01-18,28.15999984741211,28.739999771118164,28.139999389648438,28.65999984741211,22.070125579833984,53322700
2011-01-19,28.459999084472656,28.68000030517578,28.270000457763672,28.469999313354492,21.923816680908203,50005900
2011-01-20,28.5,28.549999237060547,28.1299991607666,28.350000381469727,21.8314151763916,58613600
2011-01-21,28.399999618530273,28.43000030517578,28.020000457763672,28.020000457763672,21.577281951904297,58080300
2011-01-24,28.020000457763672,28.559999465942383,27.989999771118164,28.3799991607666,21.854507446289062,52047800
2011-01-25,28.139999389648438,28.450000762939453,28.1200008392334,28.450000762939453,21.908414840698242,42436600
2011-01-26,28.510000228881836,28.989999771118164,28.5,28.780000686645508,22.162534713745117,74628800
2011-01-27,28.75,29.459999084472656,28.489999771118164,28.8700008392334,22.23183822631836,146938600
2011-01-28,28.899999618530273,28.93000030517578,27.450000762939453,27.75,21.36937141418457,141249400
2011-01-31,27.770000457763672,27.899999618530273,27.420000076293945,27.729999542236328,21.353960037231445,65029000
2011-02-01,27.799999237060547,28.059999465942383,27.610000610351562,27.989999771118164,21.554182052612305,62810700
2011-02-02,27.93000030517578,28.110000610351562,27.8799991607666,27.940000534057617,21.515674591064453,45824000
2011-02-03,27.969999313354492,27.969999313354492,27.540000915527344,27.649999618530273,21.292360305786133,60340100
2011-02-04,27.700000762939453,27.84000015258789,27.510000228881836,27.770000457763672,21.384767532348633,40412200
2011-02-07,27.799999237060547,28.34000015258789,27.790000915527344,28.200000762939453,21.71590232849121,68980900
2011-02-08,28.100000381469727,28.34000015258789,28.049999237060547,28.280000686645508,21.777502059936523,34904200
2011-02-09,28.190000534057617,28.260000228881836,27.90999984741211,27.969999313354492,21.53877830505371,52905100
2011-02-10,27.93000030517578,27.940000534057617,27.290000915527344,27.5,21.176847457885742,76672400
2011-02-11,27.760000228881836,27.809999465942383,27.06999969482422,27.25,20.984333038330078,83939700
2011-02-14,27.209999084472656,27.270000457763672,26.950000762939453,27.229999542236328,20.96893310546875,56766200
2011-02-15,27.040000915527344,27.329999923706055,26.950000762939453,26.959999084472656,20.883724212646484,44116500
2011-02-16,27.049999237060547,27.06999969482422,26.600000381469727,27.020000457763672,20.930198669433594,70817900
2011-02-17,26.969999313354492,27.3700008392334,26.90999984741211,27.209999084472656,21.077377319335938,57207300
2011-02-18,27.1299991607666,27.209999084472656,26.989999771118164,27.059999465942383,20.961191177368164,68667800
2011-02-22,26.780000686645508,27.100000381469727,26.520000457763672,26.59000015258789,20.597118377685547,60889000
2011-02-23,26.530000686645508,26.860000610351562,26.43000030517578,26.59000015258789,20.597118377685547,60234100
2011-02-24,26.639999389648438,27.059999465942383,26.5,26.770000457763672,20.736543655395508,64494200
2011-02-25,26.90999984741211,26.950000762939453,26.5,26.549999237060547,20.56612777709961,53006300
2011-02-28,26.690000534057617,26.860000610351562,26.510000228881836,26.579999923706055,20.589366912841797,51379900
2011-03-01,26.600000381469727,26.780000686645508,26.149999618530273,26.15999984741211,20.264034271240234,60055000
2011-03-02,26.110000610351562,26.3700008392334,26.040000915527344,26.079999923706055,20.202056884765625,48658200
2011-03-03,26.260000228881836,26.399999618530273,26.18000030517578,26.200000762939453,20.295013427734375,68271500
2011-03-04,26.219999313354492,26.239999771118164,25.799999237060547,25.950000762939453,20.10135841369629,70437200
2011-03-07,26.1299991607666,26.270000457763672,25.549999237060547,25.719999313354492,19.923192977905273,64980400
2011-03-08,25.770000457763672,26.020000457763672,25.649999618530273,25.90999984741211,20.070371627807617,50549800
2011-03-09,25.809999465942383,25.979999542236328,25.65999984741211,25.889999389648438,20.054885864257812,39789100
2011-03-10,25.6200008392334,25.709999084472656,25.350000381469727,25.40999984741211,19.683063507080078,66549500
2011-03-11,25.40999984741211,25.850000381469727,25.360000610351562,25.68000030517578,19.8922061920166,49905800
2011-03-14,25.489999771118164,25.760000228881836,25.350000381469727,25.690000534057617,19.89995765686035,54473400
2011-03-15,25.079999923706055,25.469999313354492,25.0,25.389999389648438,19.667566299438477,76067300
2011-03-16,25.219999313354492,25.280000686645508,24.68000030517578,24.790000915527344,19.202800750732422,100725400
2011-03-17,25.059999465942383,25.219999313354492,24.75,24.780000686645508,19.19506072998047,62497000
2011-03-18,25.059999465942383,25.18000030517578,24.799999237060547,24.799999237060547,19.210546493530273,85486700
2011-03-21,25.18000030517578,25.579999923706055,25.149999618530273,25.329999923706055,19.6210880279541,46878100
2011-03-22,25.299999237060547,25.459999084472656,25.229999542236328,25.299999237060547,19.59785270690918,30895600
2011-03-23,25.229999542236328,25.610000610351562,25.18000030517578,25.540000915527344,19.78375816345215,43969000
2011-03-24,25.600000381469727,25.8700008392334,25.5,25.809999465942383,19.992904663085938,38696700
2011-03-25,25.93000030517578,25.950000762939453,25.59000015258789,25.6200008392334,19.845733642578125,57029800
2011-03-28,25.65999984741211,25.719999313354492,25.3799991607666,25.40999984741211,19.683063507080078,48973200
2011-03-29,25.34000015258789,25.520000457763672,25.299999237060547,25.489999771118164,19.74502944946289,40763500
2011-03-30,25.600000381469727,25.719999313354492,25.5,25.610000610351562,19.83798599243164,41999300
2011-03-31,25.600000381469727,25.68000030517578,25.34000015258789,25.389999389648438,19.667566299438477,63233700
2011-04-01,25.530000686645508,25.530000686645508,25.309999465942383,25.479999542236328,19.737287521362305,63114200
2011-04-04,25.450000762939453,25.65999984741211,25.40999984741211,25.549999237060547,19.791513442993164,35433700
2011-04-05,25.81999969482422,26.18000030517578,25.739999771118164,25.780000686645508,19.969675064086914,73651100
2011-04-06,25.979999542236328,26.309999465942383,25.860000610351562,26.149999618530273,20.256277084350586,65581400
2011-04-07,26.190000534057617,26.260000228881836,25.969999313354492,26.200000762939453,20.295013427734375,46134700
2011-04-08,26.170000076293945,26.280000686645508,25.959999084472656,26.06999969482422,20.194316864013672,39887600
2011-04-11,26.190000534057617,26.25,25.799999237060547,25.979999542236328,20.124595642089844,34286300
2011-04-12,25.829999923706055,25.850000381469727,25.549999237060547,25.639999389648438,19.861217498779297,36920400
2011-04-13,25.649999618530273,25.8700008392334,25.559999465942383,25.6299991607666,19.853479385375977,38144700
2011-04-14,25.420000076293945,25.440000534057617,25.09000015258789,25.420000076293945,19.690805435180664,55239900
2011-04-15,25.459999084472656,25.559999465942383,25.18000030517578,25.3700008392334,19.65207862854004,65080400
2011-04-18,25.100000381469727,25.280000686645508,24.719999313354492,25.079999923706055,19.42743682861328,58045100
2011-04-19,25.0,25.170000076293945,24.8700008392334,25.149999618530273,19.481658935546875,38892400
2011-04-20,25.540000915527344,26.0,25.510000228881836,25.760000228881836,19.95417594909668,61608600
2011-04-21,25.790000915527344,25.889999389648438,25.360000610351562,25.520000457763672,19.76827049255371,46892300
2011-04-25,25.559999465942383,25.6200008392334,25.34000015258789,25.610000610351562,19.83798599243164,33525100
2011-04-26,25.739999771118164,26.440000534057617,25.670000076293945,26.190000534057617,20.287261962890625,69200000
2011-04-27,26.299999237060547,26.389999389648438,26.1299991607666,26.3799991607666,20.434444427490234,52689000
2011-04-28,26.459999084472656,26.8700008392334,26.399999618530273,26.709999084472656,20.690067291259766,80200000
2011-04-29,26.549999237060547,26.639999389648438,25.360000610351562,25.920000076293945,20.078123092651367,319317900
2011-05-02,25.940000534057617,26.0,25.479999542236328,25.65999984741211,19.876724243164062,89825600
2011-05-03,25.600000381469727,25.850000381469727,25.489999771118164,25.809999465942383,19.992904663085938,71892900
2011-05-04,25.850000381469727,26.25,25.790000915527344,26.059999465942383,20.186561584472656,73292300
2011-05-05,26.049999237060547,26.079999923706055,25.68000030517578,25.790000915527344,19.977420806884766,55600000
2011-05-06,26.06999969482422,26.219999313354492,25.75,25.8700008392334,20.039384841918945,55993000
2011-05-09,25.799999237060547,25.959999084472656,25.670000076293945,25.829999923706055,20.008403778076172,38696400
2011-05-10,25.3799991607666,25.850000381469727,25.25,25.670000076293945,19.884464263916016,120798700
2011-05-11,25.649999618530273,25.65999984741211,25.209999084472656,25.360000610351562,19.64433479309082,78600000
2011-05-12,25.350000381469727,25.389999389648438,25.100000381469727,25.31999969482422,19.61334228515625,77400000
2011-05-13,25.280000686645508,25.31999969482422,24.950000762939453,25.030000686645508,19.388704299926758,66812300
2011-05-16,24.959999084472656,25.06999969482422,24.5,24.56999969482422,19.032386779785156,91350900
2011-05-17,24.399999618530273,24.700000762939453,24.270000457763672,24.520000457763672,19.11815071105957,82882100
2011-05-18,24.530000686645508,24.739999771118164,24.25,24.690000534057617,19.250701904296875,53931100
2011-05-19,24.850000381469727,24.8799991607666,24.5,24.719999313354492,19.274091720581055,37783600
2011-05-20,24.719999313354492,24.8700008392334,24.440000534057617,24.489999771118164,19.094762802124023,45451500
2011-05-23,24.209999084472656,24.25,24.030000686645508,24.170000076293945,18.845258712768555,52692500
2011-05-24,24.200000762939453,24.290000915527344,24.040000915527344,24.149999618530273,18.82966423034668,47691800
2011-05-25,24.170000076293945,24.309999465942383,24.15999984741211,24.190000534057617,18.860855102539062,34904200
2011-05-26,24.350000381469727,25.030000686645508,24.31999969482422,24.670000076293945,19.2351016998291,78016600
2011-05-27,24.68000030517578,24.899999618530273,24.649999618530273,24.760000228881836,19.305282592773438,50251000
2011-05-31,24.959999084472656,25.059999465942383,24.700000762939453,25.010000228881836,19.50019645690918,60196300
2011-06-01,24.989999771118164,25.100000381469727,24.3700008392334,24.43000030517578,19.047977447509766,74033500
2011-06-02,24.489999771118164,24.649999618530273,24.18000030517578,24.219999313354492,18.884244918823242,51487800
2011-06-03,24.049999237060547,24.139999389648438,23.84000015258789,23.90999984741211,18.642536163330078,60697700
2011-06-06,23.889999389648438,24.25,23.770000457763672,24.010000228881836,18.72049903869629,54778700
2011-06-07,24.09000015258789,24.170000076293945,23.899999618530273,24.059999465942383,18.75948715209961,41112600
2011-06-08,23.899999618530273,24.020000457763672,23.860000610351562,23.940000534057617,18.66592025756836,42205000
2011-06-09,24.010000228881836,24.040000915527344,23.81999969482422,23.959999084472656,18.6815185546875,42878700
2011-06-10,24.020000457763672,24.020000457763672,23.690000534057617,23.709999084472656,18.486597061157227,49327200
2011-06-13,23.790000915527344,24.190000534057617,23.700000762939453,24.040000915527344,18.743892669677734,47572500
2011-06-14,24.299999237060547,24.450000762939453,24.190000534057617,24.219999313354492,18.884244918823242,42894500
2011-06-15,24.0,24.010000228881836,23.670000076293945,23.739999771118164,18.509986877441406,49410200
2011-06-16,23.75,24.100000381469727,23.649999618530273,24.0,18.712703704833984,57184100
2011-06-17,24.219999313354492,24.299999237060547,23.979999542236328,24.260000228881836,18.91543197631836,83320400
2011-06-20,24.170000076293945,24.65999984741211,24.15999984741211,24.469999313354492,19.079164505004883,54338400
2011-06-21,24.520000457763672,24.860000610351562,24.399999618530273,24.760000228881836,19.305282592773438,49708700
2011-06-22,24.600000381469727,24.809999465942383,24.59000015258789,24.649999618530273,19.219511032104492,44287300
2011-06-23,24.440000534057617,24.649999618530273,24.200000762939453,24.6299991607666,19.20391273498535,59470400
2011-06-24,24.510000228881836,24.540000915527344,24.190000534057617,24.299999237060547,18.946613311767578,101387200
2011-06-27,24.229999542236328,25.459999084472656,24.229999542236328,25.200000762939453,19.648340225219727,92044200
2011-06-28,25.299999237060547,25.920000076293945,25.15999984741211,25.799999237060547,20.116159439086914,81032100
2011-06-29,25.709999084472656,25.709999084472656,25.360000610351562,25.6200008392334,19.975818634033203,66051000
2011-06-30,25.739999771118164,26.0,25.65999984741211,26.0,20.2721004486084,52535400
2011-07-01,25.93000030517578,26.170000076293945,25.84000015258789,26.020000457763672,20.28769302368164,52906200
2011-07-05,26.100000381469727,26.149999618530273,25.899999618530273,26.030000686645508,20.295495986938477,37805300
2011-07-06,25.969999313354492,26.3700008392334,25.959999084472656,26.329999923706055,20.529403686523438,48744200
2011-07-07,26.489999771118164,26.8799991607666,26.360000610351562,26.770000457763672,20.87246322631836,51946500
2011-07-08,26.540000915527344,26.979999542236328,26.510000228881836,26.920000076293945,20.989423751831055,58320700
2011-07-11,26.6200008392334,26.799999237060547,26.489999771118164,26.6299991607666,20.7633113861084,43999800
2011-07-12,26.549999237060547,26.790000915527344,26.34000015258789,26.540000915527344,20.693134307861328,47319300
2011-07-13,26.600000381469727,26.959999084472656,26.510000228881836,26.6299991607666,20.7633113861084,40861800
2011-07-14,26.6200008392334,27.010000228881836,26.360000610351562,26.469999313354492,20.638561248779297,46382300
2011-07-15,26.469999313354492,26.93000030517578,26.469999313354492,26.780000686645508,20.88025665283203,49132400
2011-07-18,26.6299991607666,26.899999618530273,26.260000228881836,26.59000015258789,20.73212242126465,44501900
2011-07-19,26.809999465942383,27.639999389648438,26.780000686645508,27.540000915527344,21.472829818725586,86730600
2011-07-20,27.280000686645508,27.350000381469727,26.979999542236328,27.059999465942383,21.09857940673828,49795400
2011-07-21,27.040000915527344,27.309999465942383,26.649999618530273,27.100000381469727,21.129772186279297,81737400
2011-07-22,26.860000610351562,27.549999237060547,26.68000030517578,27.530000686645508,21.46503257751465,76380600
2011-07-25,27.260000228881836,28.09000015258789,27.190000534057617,27.90999984741211,21.76131820678711,108482400
2011-07-26,27.81999969482422,28.149999618530273,27.780000686645508,28.079999923706055,21.89387321472168,74636500
2011-07-27,27.8799991607666,27.989999771118164,27.200000762939453,27.329999923706055,21.309099197387695,71488700
2011-07-28,27.290000915527344,28.06999969482422,27.209999084472656,27.719999313354492,21.613174438476562,83761400
2011-07-29,27.520000457763672,27.709999084472656,27.260000228881836,27.399999618530273,21.363677978515625,104394800
2011-08-01,27.510000228881836,27.690000534057617,26.75,27.270000457763672,21.26231575012207,61838400
2011-08-02,26.979999542236328,27.450000762939453,26.760000228881836,26.799999237060547,20.895854949951172,63883100
2011-08-03,26.829999923706055,27.0,26.479999542236328,26.920000076293945,20.989423751831055,64581200
2011-08-04,26.530000686645508,26.8700008392334,25.93000030517578,25.940000534057617,20.22532081604004,92949500
2011-08-05,25.969999313354492,26.100000381469727,25.229999542236328,25.68000030517578,20.022600173950195,112071700
2011-08-08,25.020000457763672,25.600000381469727,24.389999389648438,24.479999542236328,19.086959838867188,134257200
2011-08-09,24.709999084472656,25.6200008392334,24.030000686645508,25.579999923706055,19.944629669189453,126268900
2011-08-10,24.950000762939453,25.09000015258789,24.100000381469727,24.200000762939453,18.868650436401367,127819900
2011-08-11,24.5,25.3799991607666,24.399999618530273,25.190000534057617,19.640544891357422,90690100
2011-08-12,25.1299991607666,25.34000015258789,24.649999618530273,25.100000381469727,19.570377349853516,64787100
2011-08-15,25.239999771118164,25.579999923706055,25.149999618530273,25.510000228881836,19.89004898071289,56529400
2011-08-16,25.219999313354492,25.59000015258789,25.049999237060547,25.350000381469727,19.890050888061523,54251500
2011-08-17,25.25,25.700000762939453,24.93000030517578,25.25,19.811588287353516,50923700
2011-08-18,24.56999969482422,25.09000015258789,24.030000686645508,24.670000076293945,19.356510162353516,105714200
2011-08-19,24.40999984741211,24.6200008392334,23.90999984741211,24.049999237060547,18.87004280090332,77397900
2011-08-22,24.420000076293945,24.489999771118164,23.790000915527344,23.979999542236328,18.815120697021484,54721000
2011-08-23,24.030000686645508,24.75,24.030000686645508,24.719999313354492,19.395742416381836,59670600
2011-08-24,24.649999618530273,24.93000030517578,24.420000076293945,24.899999618530273,19.536977767944336,45329700
2011-08-25,25.079999923706055,25.15999984741211,24.5,24.56999969482422,19.278051376342773,48192000
2011-08-26,24.510000228881836,25.34000015258789,24.420000076293945,25.25,19.811588287353516,71957000
2011-08-29,25.530000686645508,25.860000610351562,25.3700008392334,25.84000015258789,20.274511337280273,38863200
2011-08-30,25.729999542236328,26.43000030517578,25.700000762939453,26.229999542236328,20.58051109313965,57341400
2011-08-31,26.290000915527344,26.709999084472656,26.260000228881836,26.600000381469727,20.87082290649414,59300800
2011-09-01,26.459999084472656,26.860000610351562,26.209999084472656,26.209999084472656,20.564821243286133,60510800
2011-09-02,25.780000686645508,26.0,25.65999984741211,25.799999237060547,20.243125915527344,43894400
2011-09-06,25.200000762939453,25.59000015258789,25.110000610351562,25.510000228881836,20.01559066772461,54929300
2011-09-07,25.690000534057617,26.0,25.56999969482422,26.0,20.400053024291992,41961000
2011-09-08,26.0,26.65999984741211,25.950000762939453,26.219999313354492,20.572664260864258,65811900
2011-09-09,26.0,26.18000030517578,25.5,25.739999771118164,20.196044921875,64529200
2011-09-12,25.440000534057617,25.93000030517578,25.270000457763672,25.889999389648438,20.313749313354492,55046100
2011-09-13,25.920000076293945,26.190000534057617,25.809999465942383,26.040000915527344,20.431440353393555,48792300
2011-09-14,26.170000076293945,26.799999237060547,25.889999389648438,26.5,20.7923583984375,66739200
2011-09-15,26.729999542236328,27.030000686645508,26.309999465942383,26.989999771118164,21.176820755004883,67808300
2011-09-16,27.049999237060547,27.270000457763672,26.829999923706055,27.1200008392334,21.278823852539062,89681500
2011-09-19,26.799999237060547,27.309999465942383,26.600000381469727,27.209999084472656,21.34943199157715,52324900
2011-09-20,27.309999465942383,27.5,26.93000030517578,26.979999542236328,21.16897964477539,49211900
2011-09-21,27.049999237060547,27.059999465942383,25.969999313354492,25.989999771118164,20.392202377319336,72750700
2011-09-22,25.299999237060547,25.649999618530273,24.600000381469727,25.059999465942383,19.662504196166992,96278300
2011-09-23,24.899999618530273,25.149999618530273,24.690000534057617,25.059999465942383,19.662504196166992,64768100
2011-09-26,25.190000534057617,25.520000457763672,24.729999542236328,25.440000534057617,19.960664749145508,51057600
2011-09-27,25.65999984741211,25.920000076293945,25.450000762939453,25.670000076293945,20.14112663269043,55620700
2011-09-28,25.93000030517578,26.3700008392334,25.510000228881836,25.579999923706055,20.07051658630371,60736200
2011-09-29,25.979999542236328,26.170000076293945,25.09000015258789,25.450000762939453,19.968509674072266,63407300
2011-09-30,25.200000762939453,25.5,24.8799991607666,24.889999389648438,19.529129028320312,54060500
2011-10-03,24.719999313354492,25.34000015258789,24.520000457763672,24.530000686645508,19.246665954589844,64592500
2011-10-04,24.299999237060547,25.389999389648438,24.260000228881836,25.34000015258789,19.882204055786133,83485400
2011-10-05,25.420000076293945,26.15999984741211,25.15999984741211,25.889999389648438,20.313749313354492,94061300
2011-10-06,25.899999618530273,26.399999618530273,25.700000762939453,26.34000015258789,20.666820526123047,55111400
2011-10-07,26.34000015258789,26.510000228881836,26.200000762939453,26.25,20.596206665039062,52741600
2011-10-10,26.579999923706055,26.969999313354492,26.469999313354492,26.940000534057617,21.137584686279297,41815300
2011-10-11,26.860000610351562,27.06999969482422,26.719999313354492,27.0,21.18466567993164,38826200
2011-10-12,27.18000030517578,27.309999465942383,26.899999618530273,26.959999084472656,21.15328025817871,52489800
2011-10-13,26.760000228881836,27.200000762939453,26.6200008392334,27.18000030517578,21.325897216796875,43823500
2011-10-14,27.309999465942383,27.5,27.020000457763672,27.270000457763672,21.396509170532227,50947700
2011-10-17,27.110000610351562,27.420000076293945,26.850000381469727,26.979999542236328,21.16897964477539,39453300
2011-10-18,26.940000534057617,27.399999618530273,26.799999237060547,27.309999465942383,21.42789649963379,52487900
2011-10-19,27.3700008392334,27.469999313354492,27.010000228881836,27.1299991607666,21.286664962768555,42880000
2011-10-20,27.260000228881836,27.34000015258789,26.399999618530273,27.040000915527344,21.216053009033203,76300200
2011-10-21,27.149999618530273,27.190000534057617,26.799999237060547,27.15999984741211,21.310203552246094,76620600
2011-10-24,27.059999465942383,27.399999618530273,27.040000915527344,27.190000534057617,21.333749771118164,56897800
2011-10-25,27.079999923706055,27.229999542236328,26.719999313354492,26.809999465942383,21.035585403442383,53554600
2011-10-26,27.030000686645508,27.059999465942383,26.100000381469727,26.59000015258789,20.86297607421875,63029900
2011-10-27,27.1299991607666,27.399999618530273,26.649999618530273,27.25,21.380821228027344,74512400
2011-10-28,27.139999389648438,27.190000534057617,26.790000915527344,26.979999542236328,21.16897964477539,57712100
2011-10-31,26.760000228881836,27.0,26.6200008392334,26.6299991607666,20.89436149597168,46799000
2011-11-01,26.190000534057617,26.31999969482422,25.860000610351562,25.989999771118164,20.392202377319336,61182600
2011-11-02,26.100000381469727,26.200000762939453,25.700000762939453,26.010000228881836,20.40790367126465,53533100
2011-11-03,26.239999771118164,26.59000015258789,25.979999542236328,26.530000686645508,20.81589126586914,65836100
2011-11-04,26.3799991607666,26.399999618530273,26.0,26.25,20.596206665039062,36549200
2011-11-07,26.209999084472656,26.81999969482422,26.1299991607666,26.799999237060547,21.027740478515625,42589700
2011-11-08,27.010000228881836,27.200000762939453,26.690000534057617,27.15999984741211,21.310203552246094,47822500
2011-11-09,26.59000015258789,26.75,26.059999465942383,26.200000762939453,20.556976318359375,62950900
2011-11-10,26.469999313354492,26.5,26.1200008392334,26.280000686645508,20.61974334716797,32514400
2011-11-11,26.579999923706055,27.079999923706055,26.56999969482422,26.90999984741211,21.114049911499023,37903000
2011-11-14,26.8799991607666,27.0,26.649999618530273,26.760000228881836,20.996366500854492,34199200
2011-11-15,26.559999465942383,26.940000534057617,26.399999618530273,26.739999771118164,21.138654708862305,43874200
2011-11-16,26.469999313354492,26.510000228881836,26.040000915527344,26.06999969482422,20.60900115966797,53262800
2011-11-17,26.010000228881836,26.040000915527344,25.440000534057617,25.540000915527344,20.190017700195312,70977500
2011-11-18,25.479999542236328,25.5,25.149999618530273,25.299999237060547,20.000295639038086,47626200
2011-11-21,25.239999771118164,25.25,24.899999618530273,25.0,19.763137817382812,61882500
2011-11-22,24.889999389648438,24.959999084472656,24.649999618530273,24.790000915527344,19.597129821777344,49204500
2011-11-23,24.610000610351562,24.790000915527344,24.469999313354492,24.469999313354492,19.344158172607422,49099700
2011-11-25,24.3799991607666,24.670000076293945,24.299999237060547,24.299999237060547,19.20976448059082,26164600
2011-11-28,24.940000534057617,24.969999313354492,24.690000534057617,24.8700008392334,19.660367965698242,46766700
2011-11-29,24.81999969482422,25.040000915527344,24.75,24.84000015258789,19.636653900146484,40917100
2011-11-30,25.3700008392334,25.59000015258789,25.139999389648438,25.579999923706055,20.221647262573242,81350900
2011-12-01,25.559999465942383,25.6299991607666,25.200000762939453,25.280000686645508,19.98448371887207,48545400
2011-12-02,25.59000015258789,25.6200008392334,25.15999984741211,25.219999313354492,19.937055587768555,52293800
2011-12-05,25.780000686645508,25.799999237060547,25.5,25.700000762939453,20.316509246826172,56818400
2011-12-06,25.809999465942383,25.8700008392334,25.610000610351562,25.65999984741211,20.28488540649414,46175300
2011-12-07,25.670000076293945,25.760000228881836,25.34000015258789,25.600000381469727,20.237449645996094,62667000
2011-12-08,25.479999542236328,25.719999313354492,25.3700008392334,25.399999618530273,20.079345703125,60522200
2011-12-09,25.520000457763672,25.8700008392334,25.5,25.700000762939453,20.316509246826172,53788500
2011-12-12,25.40999984741211,25.56999969482422,25.290000915527344,25.510000228881836,20.166305541992188,38945900
2011-12-13,25.75,26.100000381469727,25.649999618530273,25.760000228881836,20.36393928527832,54581100
2011-12-14,25.719999313354492,25.860000610351562,25.56999969482422,25.59000015258789,20.22954750061035,47926400
2011-12-15,25.719999313354492,25.8799991607666,25.540000915527344,25.559999465942383,20.20583152770996,46213900
2011-12-16,25.670000076293945,26.170000076293945,25.6299991607666,26.0,20.553667068481445,101408100
2011-12-19,26.020000457763672,26.1200008392334,25.459999084472656,25.530000686645508,20.182111740112305,52258300
2011-12-20,25.860000610351562,26.100000381469727,25.809999465942383,26.030000686645508,20.577375411987305,60767600
2011-12-21,26.010000228881836,26.190000534057617,25.440000534057617,25.760000228881836,20.36393928527832,64132500
2011-12-22,25.81999969482422,25.860000610351562,25.479999542236328,25.809999465942383,20.403467178344727,35794100
2011-12-23,25.90999984741211,26.040000915527344,25.729999542236328,26.030000686645508,20.577375411987305,23205800
2011-12-27,25.959999084472656,26.139999389648438,25.93000030517578,26.040000915527344,20.585290908813477,21287200
2011-12-28,26.110000610351562,26.149999618530273,25.760000228881836,25.81999969482422,20.411378860473633,29822500
2011-12-29,25.950000762939453,26.049999237060547,25.860000610351562,26.020000457763672,20.569477081298828,22616900
2011-12-30,26.0,26.1200008392334,25.90999984741211,25.959999084472656,20.52204132080078,27395700
2012-01-03,26.549999237060547,26.959999084472656,26.389999389648438,26.770000457763672,21.162372589111328,64731500
2012-01-04,26.81999969482422,27.469999313354492,26.780000686645508,27.399999618530273,21.660396575927734,80516100
2012-01-05,27.3799991607666,27.729999542236328,27.290000915527344,27.68000030517578,21.881752014160156,56081400
2012-01-06,27.530000686645508,28.190000534057617,27.530000686645508,28.110000610351562,22.2216739654541,99455500
2012-01-09,28.049999237060547,28.100000381469727,27.719999313354492,27.739999771118164,21.929176330566406,59706800
2012-01-10,27.93000030517578,28.149999618530273,27.75,27.84000015258789,22.008230209350586,60014400
2012-01-11,27.43000030517578,27.979999542236328,27.3700008392334,27.719999313354492,21.913368225097656,65582400
2012-01-12,27.8700008392334,28.020000457763672,27.649999618530273,28.0,22.13471221923828,49370800
2012-01-13,27.93000030517578,28.25,27.790000915527344,28.25,22.332345962524414,60196100
2012-01-17,28.399999618530273,28.649999618530273,28.170000076293945,28.260000228881836,22.340248107910156,72395300
2012-01-18,28.309999465942383,28.399999618530273,27.969999313354492,28.229999542236328,22.316532135009766,64860600
2012-01-19,28.15999984741211,28.440000534057617,28.030000686645508,28.1200008392334,22.229585647583008,74053500
2012-01-20,28.81999969482422,29.739999771118164,28.75,29.709999084472656,23.486522674560547,165902900
2012-01-23,29.549999237060547,29.950000762939453,29.350000381469727,29.729999542236328,23.502328872680664,76078100
2012-01-24,29.469999313354492,29.56999969482422,29.18000030517578,29.34000015258789,23.194019317626953,51703300
2012-01-25,29.06999969482422,29.649999618530273,29.06999969482422,29.559999465942383,23.367935180664062,59231700
2012-01-26,29.610000610351562,29.700000762939453,29.399999618530273,29.5,23.32050132751465,49102800
2012-01-27,29.450000762939453,29.530000686645508,29.170000076293945,29.229999542236328,23.10706329345703,44187700
2012-01-30,28.969999313354492,29.6200008392334,28.829999923706055,29.610000610351562,23.4074649810791,51114800
2012-01-31,29.65999984741211,29.700000762939453,29.229999542236328,29.530000686645508,23.34422492980957,50572400
2012-02-01,29.790000915527344,30.049999237060547,29.760000228881836,29.889999389648438,23.62881088256836,67409900
2012-02-02,29.899999618530273,30.170000076293945,29.709999084472656,29.950000762939453,23.676246643066406,52223300
2012-02-03,30.139999389648438,30.399999618530273,30.09000015258789,30.239999771118164,23.90549087524414,41838500
2012-02-06,30.040000915527344,30.219999313354492,29.969999313354492,30.200000762939453,23.873876571655273,28039700
2012-02-07,30.149999618530273,30.489999771118164,30.049999237060547,30.350000381469727,23.99245834350586,39242400
2012-02-08,30.260000228881836,30.670000076293945,30.219999313354492,30.65999984741211,24.23751449584961,49659100
2012-02-09,30.68000030517578,30.799999237060547,30.479999542236328,30.770000457763672,24.324472427368164,50481600
2012-02-10,30.639999389648438,30.799999237060547,30.360000610351562,30.5,24.111032485961914,44605300
2012-02-13,30.6299991607666,30.770000457763672,30.43000030517578,30.579999923706055,24.174270629882812,33319800
2012-02-14,30.329999923706055,30.459999084472656,29.850000381469727,30.25,24.07082748413086,59644000
2012-02-15,30.329999923706055,30.389999389648438,30.030000686645508,30.049999237060547,23.911684036254883,43311300
2012-02-16,30.309999465942383,31.549999237060547,30.299999237060547,31.290000915527344,24.898387908935547,94705100
2012-02-17,31.200000762939453,31.31999969482422,30.950000762939453,31.25,24.866554260253906,70036500
2012-02-21,31.18000030517578,31.610000610351562,31.149999618530273,31.440000534057617,25.017742156982422,50829900
2012-02-22,31.450000762939453,31.68000030517578,31.18000030517578,31.270000457763672,24.882476806640625,49253200
2012-02-23,31.200000762939453,31.59000015258789,31.0,31.3700008392334,24.962039947509766,35034700
2012-02-24,31.479999542236328,31.5,31.239999771118164,31.479999542236328,25.049575805664062,35575400
2012-02-27,31.239999771118164,31.5,31.100000381469727,31.350000381469727,24.94613265991211,34568400
2012-02-28,31.40999984741211,31.93000030517578,31.3799991607666,31.8700008392334,25.359907150268555,45230600
2012-02-29,31.889999389648438,32.0,31.610000610351562,31.739999771118164,25.256460189819336,59323600
2012-03-01,31.93000030517578,32.38999938964844,31.850000381469727,32.290000915527344,25.694110870361328,77344100
2012-03-02,32.310001373291016,32.439998626708984,32.0,32.08000183105469,25.527013778686523,47314200
2012-03-05,32.0099983215332,32.04999923706055,31.6200008392334,31.799999237060547,25.304210662841797,45240000
2012-03-06,31.540000915527344,31.979999542236328,31.489999771118164,31.559999465942383,25.113229751586914,51932900
2012-03-07,31.670000076293945,31.920000076293945,31.530000686645508,31.84000015258789,25.33603286743164,34340400
2012-03-08,32.040000915527344,32.209999084472656,31.899999618530273,32.0099983215332,25.471311569213867,36747400
2012-03-09,32.099998474121094,32.15999984741211,31.920000076293945,31.989999771118164,25.455400466918945,34628400
2012-03-12,31.969999313354492,32.20000076293945,31.81999969482422,32.040000915527344,25.495187759399414,34073600
2012-03-13,32.2400016784668,32.689998626708984,32.150001525878906,32.66999816894531,25.99649429321289,48951700
2012-03-14,32.529998779296875,32.880001068115234,32.4900016784668,32.77000045776367,26.07607078552246,41986900
2012-03-15,32.790000915527344,32.939998626708984,32.58000183105469,32.849998474121094,26.13971710205078,49068300
2012-03-16,32.90999984741211,32.95000076293945,32.5,32.599998474121094,25.940793991088867,65626400
2012-03-19,32.540000915527344,32.61000061035156,32.150001525878906,32.20000076293945,25.62250518798828,44789200
2012-03-20,32.099998474121094,32.150001525878906,31.739999771118164,31.989999771118164,25.455400466918945,41566800
2012-03-21,31.959999084472656,32.150001525878906,31.81999969482422,31.90999984741211,25.391742706298828,37928600
2012-03-22,31.809999465942383,32.09000015258789,31.790000915527344,32.0,25.46335792541504,31749500
2012-03-23,32.099998474121094,32.11000061035156,31.719999313354492,32.0099983215332,25.471311569213867,35912200
2012-03-26,32.189998626708984,32.61000061035156,32.150001525878906,32.59000015258789,25.93284034729004,36758300
2012-03-27,32.650001525878906,32.70000076293945,32.400001525878906,32.52000045776367,25.87713050842285,36274900
2012-03-28,32.52000045776367,32.70000076293945,32.040000915527344,32.189998626708984,25.61454200744629,41344800
2012-03-29,32.060001373291016,32.189998626708984,31.809999465942383,32.119998931884766,25.5588436126709,37038500
2012-03-30,32.400001525878906,32.40999984741211,32.040000915527344,32.2599983215332,25.670246124267578,31749400
2012-04-02,32.220001220703125,32.459999084472656,31.950000762939453,32.290000915527344,25.694110870361328,35853600
2012-04-03,32.15999984741211,32.189998626708984,31.65999984741211,31.940000534057617,25.415605545043945,42752100
2012-04-04,31.65999984741211,31.690000534057617,31.049999237060547,31.209999084472656,24.83472442626953,49455900
2012-04-05,31.149999618530273,31.6299991607666,31.049999237060547,31.520000457763672,25.081401824951172,50368600
2012-04-09,31.219999313354492,31.399999618530273,30.969999313354492,31.100000381469727,24.74720001220703,31056400
2012-04-10,31.059999465942383,31.190000534057617,30.299999237060547,30.469999313354492,24.245893478393555,54131300
2012-04-11,30.43000030517578,30.530000686645508,30.229999542236328,30.350000381469727,24.150402069091797,43014000
2012-04-12,30.479999542236328,31.040000915527344,30.420000076293945,30.979999542236328,24.651710510253906,38304000
2012-04-13,30.889999389648438,31.15999984741211,30.719999313354492,30.809999465942383,24.51643943786621,39749200
2012-04-16,30.989999771118164,31.190000534057617,30.770000457763672,31.079999923706055,24.731281280517578,38124800
2012-04-17,31.270000457763672,31.610000610351562,31.200000762939453,31.440000534057617,25.017742156982422,34361500
2012-04-18,31.280000686645508,31.309999465942383,31.040000915527344,31.139999389648438,24.779027938842773,40552900
2012-04-19,31.1299991607666,31.68000030517578,30.940000534057617,31.010000228881836,24.675586700439453,54781200
2012-04-20,32.150001525878906,32.88999938964844,32.04999923706055,32.41999816894531,25.79755973815918,106045000
2012-04-23,32.310001373291016,32.5,32.029998779296875,32.119998931884766,25.5588436126709,61398200
2012-04-24,32.209999084472656,32.52000045776367,31.829999923706055,31.920000076293945,25.39969825744629,40871100
2012-04-25,31.920000076293945,32.31999969482422,31.8700008392334,32.20000076293945,25.62250518798828,62495500
2012-04-26,32.119998931884766,32.22999954223633,31.920000076293945,32.11000061035156,25.550888061523438,40308100
2012-04-27,32.119998931884766,32.220001220703125,31.8799991607666,31.979999542236328,25.447439193725586,41419100
2012-04-30,31.979999542236328,32.11000061035156,31.920000076293945,32.02000045776367,25.47926902770996,35697200
2012-05-01,32.04999923706055,32.34000015258789,31.950000762939453,32.0099983215332,25.471311569213867,43832300
2012-05-02,31.850000381469727,31.93000030517578,31.639999389648438,31.799999237060547,25.304210662841797,37385300
2012-05-03,31.8799991607666,31.899999618530273,31.610000610351562,31.760000228881836,25.272377014160156,31501300
2012-05-04,31.450000762939453,31.56999969482422,30.920000076293945,30.979999542236328,24.651710510253906,57927200
2012-05-07,30.700000762939453,30.860000610351562,30.56999969482422,30.649999618530273,24.389116287231445,48641400
2012-05-08,30.479999542236328,30.780000686645508,30.170000076293945,30.5,24.269760131835938,46328300
2012-05-09,30.190000534057617,30.829999923706055,30.100000381469727,30.760000228881836,24.47664451599121,50309300
2012-05-10,30.860000610351562,31.020000457763672,30.450000762939453,30.739999771118164,24.460739135742188,43839200
2012-05-11,30.690000534057617,31.540000915527344,30.690000534057617,31.15999984741211,24.794939041137695,43459300
2012-05-14,30.81999969482422,31.040000915527344,30.639999389648438,30.68000030517578,24.412996292114258,40528900
2012-05-15,30.639999389648438,30.799999237060547,30.149999618530273,30.209999084472656,24.196741104125977,61822800
2012-05-16,30.309999465942383,30.31999969482422,29.739999771118164,29.899999618530273,23.948442459106445,60083700
2012-05-17,29.989999771118164,30.209999084472656,29.709999084472656,29.719999313354492,23.804264068603516,48484000
2012-05-18,29.790000915527344,29.809999465942383,29.170000076293945,29.270000457763672,23.44384002685547,56205300
2012-05-21,29.100000381469727,29.790000915527344,29.059999465942383,29.75,23.82830238342285,38787900
2012-05-22,29.690000534057617,29.8799991607666,29.5,29.760000228881836,23.8363094329834,39504900
2012-05-23,29.350000381469727,29.399999618530273,28.639999389648438,29.110000610351562,23.315689086914062,65171000
2012-05-24,29.15999984741211,29.299999237060547,28.760000228881836,29.06999969482422,23.28365135192871,52575000
2012-05-25,29.200000762939453,29.360000610351562,29.010000228881836,29.059999465942383,23.2756404876709,29507200
2012-05-29,29.3799991607666,29.719999313354492,29.219999313354492,29.559999465942383,23.676118850708008,37758800
2012-05-30,29.350000381469727,29.479999542236328,29.1200008392334,29.34000015258789,23.499910354614258,41585500
2012-05-31,29.299999237060547,29.420000076293945,28.940000534057617,29.190000534057617,23.379772186279297,39134000
2012-06-01,28.760000228881836,28.959999084472656,28.440000534057617,28.450000762939453,22.787057876586914,56634300
2012-06-04,28.6200008392334,28.780000686645508,28.31999969482422,28.549999237060547,22.86715316772461,47926300
2012-06-05,28.510000228881836,28.75,28.389999389648438,28.510000228881836,22.835119247436523,45715400
2012-06-06,28.8799991607666,29.3700008392334,28.809999465942383,29.350000381469727,23.507917404174805,46860500
2012-06-07,29.639999389648438,29.700000762939453,29.170000076293945,29.229999542236328,23.41179847717285,37792800
2012-06-08,29.209999084472656,29.68000030517578,29.049999237060547,29.649999618530273,23.74820327758789,42551100
2012-06-11,29.729999542236328,29.809999465942383,28.81999969482422,28.899999618530273,23.147491455078125,46361900
2012-06-12,29.100000381469727,29.299999237060547,28.84000015258789,29.290000915527344,23.45985984802246,35337900
2012-06-13,29.219999313354492,29.440000534057617,29.049999237060547,29.1299991607666,23.331707000732422,32984600
2012-06-14,29.329999923706055,29.459999084472656,28.8799991607666,29.34000015258789,23.499910354614258,39458900
2012-06-15,29.59000015258789,30.079999923706055,29.489999771118164,30.020000457763672,24.0445556640625,62314400
2012-06-18,29.989999771118164,30.030000686645508,29.709999084472656,29.84000015258789,23.9003849029541,58679900
2012-06-19,30.190000534057617,31.110000610351562,30.049999237060547,30.700000762939453,24.589200973510742,75725800
2012-06-20,30.93000030517578,31.049999237060547,30.639999389648438,30.93000030517578,24.773427963256836,36257100
2012-06-21,30.959999084472656,31.139999389648438,30.059999465942383,30.139999389648438,24.14066505432129,48456600
2012-06-22,30.299999237060547,30.729999542236328,30.030000686645508,30.700000762939453,24.589200973510742,45098100
2012-06-25,30.299999237060547,30.31999969482422,29.6200008392334,29.8700008392334,23.924409866333008,42217200
2012-06-26,30.0,30.270000457763672,29.940000534057617,30.020000457763672,24.0445556640625,38421300
2012-06-27,30.190000534057617,30.5,30.030000686645508,30.170000076293945,24.16469383239746,33781700
2012-06-28,29.979999542236328,30.049999237060547,29.420000076293945,29.90999984741211,23.95644760131836,45328400
2012-06-29,30.450000762939453,30.690000534057617,30.139999389648438,30.59000015258789,24.5010929107666,55227200
2012-07-02,30.6200008392334,30.6200008392334,30.209999084472656,30.559999465942383,24.4770565032959,30589100
2012-07-03,30.229999542236328,30.760000228881836,30.170000076293945,30.760000228881836,24.637258529663086,20938100
2012-07-05,30.59000015258789,30.780000686645508,30.3799991607666,30.700000762939453,24.589200973510742,28801900
2012-07-06,30.610000610351562,30.700000762939453,29.950000762939453,30.190000534057617,24.180713653564453,38294800
2012-07-09,30.1200008392334,30.229999542236328,29.780000686645508,30.0,24.028535842895508,30680800
2012-07-10,30.079999923706055,30.219999313354492,29.510000228881836,29.739999771118164,23.820287704467773,37534100
2012-07-11,29.709999084472656,29.739999771118164,29.110000610351562,29.299999237060547,23.46786880493164,39184900
2012-07-12,29.149999618530273,29.18000030517578,28.540000915527344,28.6299991607666,22.931228637695312,63523600
2012-07-13,28.760000228881836,29.479999542236328,28.719999313354492,29.389999389648438,23.53995132446289,39085000
2012-07-16,29.479999542236328,29.530000686645508,29.040000915527344,29.440000534057617,23.580001831054688,27900600
2012-07-17,29.639999389648438,29.860000610351562,29.200000762939453,29.65999984741211,23.756208419799805,33771300
2012-07-18,29.600000381469727,30.450000762939453,29.459999084472656,30.450000762939453,24.388965606689453,41090400
2012-07-19,30.510000228881836,30.799999237060547,30.3799991607666,30.670000076293945,24.565174102783203,46663200
2012-07-20,31.0,31.049999237060547,30.049999237060547,30.1200008392334,24.124650955200195,64021700
2012-07-23,29.56999969482422,29.579999923706055,29.010000228881836,29.280000686645508,23.451852798461914,55151900
2012-07-24,29.239999771118164,29.360000610351562,28.899999618530273,29.149999618530273,23.34772491455078,47723300
2012-07-25,29.239999771118164,29.329999923706055,28.780000686645508,28.829999923706055,23.09142303466797,45579500
2012-07-26,29.229999542236328,29.5,29.09000015258789,29.15999984741211,23.355737686157227,45301400
2012-07-27,29.479999542236328,29.850000381469727,29.18000030517578,29.760000228881836,23.8363094329834,44242600
2012-07-30,29.75,29.81999969482422,29.459999084472656,29.639999389648438,23.740192413330078,28905000
2012-07-31,29.479999542236328,29.709999084472656,29.329999923706055,29.469999313354492,23.60403060913086,37620900
2012-08-01,29.59000015258789,29.649999618530273,29.209999084472656,29.40999984741211,23.55597496032715,31721800
2012-08-02,29.209999084472656,29.530000686645508,28.969999313354492,29.190000534057617,23.379772186279297,39520500
2012-08-03,29.530000686645508,29.940000534057617,29.479999542236328,29.75,23.82830238342285,35859400
2012-08-06,30.0,30.110000610351562,29.809999465942383,29.950000762939453,23.988489151000977,27471800
2012-08-07,30.06999969482422,30.350000381469727,29.8700008392334,30.260000228881836,24.236780166625977,28002900
2012-08-08,30.209999084472656,30.469999313354492,30.110000610351562,30.329999923706055,24.292848587036133,26257600
2012-08-09,30.389999389648438,30.649999618530273,30.299999237060547,30.5,24.429012298583984,24920800
2012-08-10,30.5,30.6200008392334,30.25,30.420000076293945,24.36493492126465,27810300
2012-08-13,30.350000381469727,30.459999084472656,30.15999984741211,30.389999389648438,24.34090232849121,23049100
2012-08-14,30.299999237060547,30.389999389648438,30.010000228881836,30.1299991607666,24.292530059814453,34551400
2012-08-15,30.110000610351562,30.280000686645508,30.020000457763672,30.200000762939453,24.348970413208008,24351000
2012-08-16,30.360000610351562,30.940000534057617,30.260000228881836,30.780000686645508,24.816604614257812,35787200
2012-08-17,30.920000076293945,30.920000076293945,30.59000015258789,30.899999618530273,24.913345336914062,32589900
2012-08-20,30.81999969482422,30.850000381469727,30.579999923706055,30.739999771118164,24.784347534179688,23737700
2012-08-21,30.760000228881836,30.959999084472656,30.610000610351562,30.799999237060547,24.83272933959961,28822700
2012-08-22,30.59000015258789,30.760000228881836,30.469999313354492,30.540000915527344,24.623088836669922,33437400
2012-08-23,30.389999389648438,30.399999618530273,30.079999923706055,30.260000228881836,24.39734649658203,28355600
2012-08-24,30.25,30.6299991607666,30.18000030517578,30.559999465942383,24.639219284057617,22943300
2012-08-27,30.93000030517578,30.959999084472656,30.59000015258789,30.690000534057617,24.744033813476562,34691100
2012-08-28,30.700000762939453,30.799999237060547,30.520000457763672,30.6299991607666,24.69565773010254,23947900
2012-08-29,30.649999618530273,30.75,30.440000534057617,30.649999618530273,24.711782455444336,23346800
2012-08-30,30.530000686645508,30.610000610351562,30.219999313354492,30.31999969482422,24.44571876525879,23982100
2012-08-31,30.600000381469727,30.959999084472656,30.3799991607666,30.81999969482422,24.84885025024414,36590100
2012-09-04,30.450000762939453,30.65999984741211,30.149999618530273,30.389999389648438,24.50215721130371,48556700
2012-09-05,30.219999313354492,30.530000686645508,30.209999084472656,30.389999389648438,24.50215721130371,33650000
2012-09-06,30.5,31.360000610351562,30.459999084472656,31.350000381469727,25.27616310119629,48371700
2012-09-07,31.040000915527344,31.06999969482422,30.729999542236328,30.950000762939453,24.953662872314453,42649100
2012-09-10,30.829999923706055,30.899999618530273,30.510000228881836,30.719999313354492,24.768220901489258,40524000
2012-09-11,30.690000534057617,30.90999984741211,30.610000610351562,30.790000915527344,24.82465934753418,25191800
2012-09-12,30.940000534057617,31.18000030517578,30.729999542236328,30.780000686645508,24.816604614257812,32775800
2012-09-13,30.889999389648438,31.18000030517578,30.399999618530273,30.940000534057617,24.945602416992188,45047300
2012-09-14,31.010000228881836,31.25,30.809999465942383,31.209999084472656,25.163284301757812,51422800
2012-09-17,31.190000534057617,31.260000228881836,31.040000915527344,31.209999084472656,25.163284301757812,36488500
2012-09-18,31.100000381469727,31.209999084472656,31.030000686645508,31.18000030517578,25.139095306396484,34542700
2012-09-19,31.09000015258789,31.190000534057617,31.040000915527344,31.049999237060547,25.034284591674805,48871900
2012-09-20,30.950000762939453,31.479999542236328,30.90999984741211,31.450000762939453,25.35679054260254,45543000
2012-09-21,31.43000030517578,31.610000610351562,31.09000015258789,31.190000534057617,25.14716148376465,102348900
2012-09-24,31.0,31.06999969482422,30.639999389648438,30.780000686645508,24.816604614257812,46825900
2012-09-25,30.950000762939453,31.0,30.360000610351562,30.389999389648438,24.50215721130371,54266400
2012-09-26,30.280000686645508,30.600000381469727,30.040000915527344,30.170000076293945,24.324783325195312,54672000
2012-09-27,30.170000076293945,30.399999618530273,29.889999389648438,30.15999984741211,24.316713333129883,47129900
2012-09-28,30.18000030517578,30.260000228881836,29.739999771118164,29.760000228881836,23.994211196899414,54229300
2012-10-01,29.809999465942383,29.979999542236328,29.420000076293945,29.489999771118164,23.776525497436523,54042700
2012-10-02,29.68000030517578,29.889999389648438,29.5,29.65999984741211,23.913585662841797,43338900
2012-10-03,29.75,29.989999771118164,29.670000076293945,29.860000610351562,24.074848175048828,46655900
2012-10-04,29.969999313354492,30.030000686645508,29.56999969482422,30.030000686645508,24.211910247802734,43634900
2012-10-05,30.229999542236328,30.25,29.739999771118164,29.850000381469727,24.066776275634766,41133900
2012-10-08,29.639999389648438,29.920000076293945,29.549999237060547,29.780000686645508,24.01034164428711,29752000
2012-10-09,29.68000030517578,29.739999771118164,29.18000030517578,29.280000686645508,23.607215881347656,45121100
2012-10-10,29.149999618530273,29.309999465942383,28.950000762939453,28.979999542236328,23.365331649780273,47227100
2012-10-11,29.219999313354492,29.25,28.8700008392334,28.950000762939453,23.341144561767578,41488500
2012-10-12,28.969999313354492,29.31999969482422,28.799999237060547,29.200000762939453,23.542713165283203,46464700
2012-10-15,29.3700008392334,29.719999313354492,29.25,29.510000228881836,23.792648315429688,42440200
2012-10-16,29.450000762939453,29.739999771118164,29.31999969482422,29.489999771118164,23.776525497436523,47739400
2012-10-17,29.299999237060547,29.639999389648438,29.09000015258789,29.59000015258789,23.857149124145508,44206100
2012-10-18,29.649999618530273,29.729999542236328,29.260000228881836,29.5,23.784591674804688,59238500
2012-10-19,29.049999237060547,29.079999923706055,28.5,28.639999389648438,23.091211318969727,90470800
2012-10-22,28.729999542236328,28.829999923706055,27.829999923706055,28.0,22.5752010345459,83374000
2012-10-23,27.770000457763672,28.200000762939453,27.760000228881836,28.049999237060547,22.61551284790039,64414800
2012-10-24,28.15999984741211,28.200000762939453,27.8700008392334,27.899999618530273,22.49458122253418,53320400
2012-10-25,28.190000534057617,28.200000762939453,27.860000610351562,27.8799991607666,22.47844696044922,54084300
2012-10-26,27.860000610351562,28.34000015258789,27.84000015258789,28.209999084472656,22.744516372680664,57790000
2012-10-31,28.549999237060547,28.8799991607666,28.5,28.540000915527344,23.010581970214844,69464100
2012-11-01,28.84000015258789,29.559999465942383,28.81999969482422,29.520000457763672,23.800716400146484,72047900
2012-11-02,29.59000015258789,29.770000457763672,29.329999923706055,29.5,23.784591674804688,57131600
2012-11-05,29.6200008392334,29.739999771118164,29.329999923706055,29.6299991607666,23.889394760131836,38070800
2012-11-06,29.81999969482422,30.200000762939453,29.610000610351562,29.860000610351562,24.074848175048828,43401500
2012-11-07,29.530000686645508,29.829999923706055,29.049999237060547,29.079999923706055,23.445964813232422,57871800
2012-11-08,29.1200008392334,29.3700008392334,28.799999237060547,28.809999465942383,23.2282657623291,49841800
2012-11-09,28.8799991607666,29.190000534057617,28.809999465942383,28.829999923706055,23.244400024414062,43291200
2012-11-12,28.940000534057617,29.010000228881836,28.209999084472656,28.219999313354492,22.752582550048828,61112300
2012-11-13,27.020000457763672,27.299999237060547,26.75,27.09000015258789,22.020984649658203,131689200
2012-11-14,27.239999771118164,27.290000915527344,26.799999237060547,26.84000015258789,21.817764282226562,76086100
2012-11-15,26.8799991607666,26.969999313354492,26.6299991607666,26.65999984741211,21.671445846557617,50955600
2012-11-16,26.670000076293945,26.700000762939453,26.34000015258789,26.520000457763672,21.557641983032227,64083300
2012-11-19,26.799999237060547,26.799999237060547,26.469999313354492,26.729999542236328,21.728342056274414,57179300
2012-11-20,26.760000228881836,26.799999237060547,26.459999084472656,26.709999084472656,21.712087631225586,47070400
2012-11-21,26.709999084472656,27.170000076293945,26.670000076293945,26.950000762939453,21.907184600830078,66360300
2012-11-23,27.229999542236328,27.770000457763672,27.200000762939453,27.700000762939453,22.5168514251709,57845700
2012-11-26,27.540000915527344,27.579999923706055,27.170000076293945,27.389999389648438,22.264842987060547,85198700
2012-11-27,27.360000610351562,27.3799991607666,27.040000915527344,27.079999923706055,22.012866973876953,45018600
2012-11-28,27.010000228881836,27.389999389648438,26.770000457763672,27.360000610351562,22.240467071533203,53018400
2012-11-29,27.110000610351562,27.360000610351562,26.860000610351562,26.950000762939453,21.907184600830078,69551400
2012-11-30,27.049999237060547,27.1299991607666,26.489999771118164,26.6200008392334,21.638931274414062,83690200
2012-12-03,26.780000686645508,26.81999969482422,26.399999618530273,26.43000030517578,21.48448371887207,53173800
2012-12-04,26.5,26.6299991607666,26.34000015258789,26.3700008392334,21.435712814331055,49777500
2012-12-05,26.3799991607666,26.93000030517578,26.260000228881836,26.670000076293945,21.6795711517334,68283800
2012-12-06,26.809999465942383,26.979999542236328,26.610000610351562,26.729999542236328,21.728342056274414,39182300
2012-12-07,26.81999969482422,26.81999969482422,26.3700008392334,26.459999084472656,21.508869171142578,46162100
2012-12-10,26.559999465942383,26.969999313354492,26.520000457763672,26.940000534057617,21.8990535736084,47031100
2012-12-11,27.049999237060547,27.489999771118164,27.049999237060547,27.31999969482422,22.207942962646484,52282800
2012-12-12,27.530000686645508,27.6200008392334,27.079999923706055,27.239999771118164,22.142911911010742,43966300
2012-12-13,27.31999969482422,27.520000457763672,26.950000762939453,27.110000610351562,22.037240982055664,45080100
2012-12-14,27.110000610351562,27.1299991607666,26.700000762939453,26.809999465942383,21.793378829956055,42077500
2012-12-17,26.790000915527344,27.219999313354492,26.68000030517578,27.100000381469727,22.029111862182617,42046100
2012-12-18,27.25,27.6299991607666,27.139999389648438,27.559999465942383,22.403039932250977,50486900
2012-12-19,27.690000534057617,27.729999542236328,27.25,27.309999465942383,22.199813842773438,53519900
2012-12-20,27.360000610351562,27.68000030517578,27.149999618530273,27.68000030517578,22.500585556030273,52607300
2012-12-21,27.450000762939453,27.489999771118164,27.0,27.450000762939453,22.31361961364746,98776500
2012-12-24,27.200000762939453,27.25,27.0,27.059999465942383,21.996597290039062,20842400
2012-12-26,27.030000686645508,27.200000762939453,26.700000762939453,26.860000610351562,21.83402442932129,31631100
2012-12-27,26.889999389648438,27.09000015258789,26.56999969482422,26.959999084472656,21.91530990600586,39394000
2012-12-28,26.709999084472656,26.899999618530273,26.549999237060547,26.549999237060547,21.5820255279541,28239900
2012-12-31,26.59000015258789,26.770000457763672,26.3700008392334,26.709999084472656,21.712087631225586,42749500
2013-01-02,27.25,27.729999542236328,27.149999618530273,27.6200008392334,22.451814651489258,52899300
2013-01-03,27.6299991607666,27.649999618530273,27.15999984741211,27.25,22.151046752929688,48294400
2013-01-04,27.270000457763672,27.34000015258789,26.729999542236328,26.739999771118164,21.736480712890625,52521100
2013-01-07,26.770000457763672,26.8799991607666,26.639999389648438,26.690000534057617,21.695831298828125,37110400
2013-01-08,26.75,26.790000915527344,26.459999084472656,26.549999237060547,21.5820255279541,44703100
2013-01-09,26.719999313354492,26.75,26.559999465942383,26.700000762939453,21.70396614074707,49047900
2013-01-10,26.649999618530273,26.979999542236328,26.290000915527344,26.459999084472656,21.508869171142578,71431300
2013-01-11,26.489999771118164,26.93000030517578,26.280000686645508,26.829999923706055,21.80963897705078,55512100
2013-01-14,26.899999618530273,27.079999923706055,26.760000228881836,26.889999389648438,21.858407974243164,48324400
2013-01-15,26.829999923706055,27.290000915527344,26.829999923706055,27.209999084472656,22.118528366088867,48244500
2013-01-16,27.149999618530273,27.229999542236328,27.010000228881836,27.040000915527344,21.9803409576416,41077400
2013-01-17,27.190000534057617,27.469999313354492,27.059999465942383,27.25,22.151046752929688,51685900
2013-01-18,27.100000381469727,27.290000915527344,27.040000915527344,27.25,22.151046752929688,52167700
2013-01-22,27.299999237060547,27.450000762939453,27.0,27.149999618530273,22.06975746154785,58650600
2013-01-23,27.200000762939453,27.639999389648438,27.200000762939453,27.610000610351562,22.443687438964844,50387700
2013-01-24,27.700000762939453,28.06999969482422,27.469999313354492,27.6299991607666,22.459938049316406,101739300
2013-01-25,27.579999923706055,28.229999542236328,27.389999389648438,27.8799991607666,22.663158416748047,81847700
2013-01-28,28.010000228881836,28.229999542236328,27.760000228881836,27.90999984741211,22.687543869018555,56056500
2013-01-29,27.81999969482422,28.1299991607666,27.600000381469727,28.010000228881836,22.768836975097656,49242600
2013-01-30,28.010000228881836,28.190000534057617,27.760000228881836,27.850000381469727,22.63878059387207,43580500
2013-01-31,27.790000915527344,27.969999313354492,27.399999618530273,27.450000762939453,22.31361961364746,50530000
2013-02-01,27.670000076293945,28.049999237060547,27.549999237060547,27.93000030517578,22.703805923461914,55565900
2013-02-04,27.8700008392334,28.020000457763672,27.420000076293945,27.440000534057617,22.30550193786621,50540000
2013-02-05,27.6200008392334,27.65999984741211,27.360000610351562,27.5,22.354267120361328,35410400
2013-02-06,27.3799991607666,27.540000915527344,27.25,27.34000015258789,22.224199295043945,41889600
2013-02-07,27.350000381469727,27.389999389648438,27.100000381469727,27.280000686645508,22.175437927246094,38028300
2013-02-08,27.350000381469727,27.709999084472656,27.309999465942383,27.549999237060547,22.3949031829834,33318500
2013-02-11,27.649999618530273,27.920000076293945,27.5,27.860000610351562,22.64691162109375,32247700
2013-02-12,27.8799991607666,28.0,27.75,27.8799991607666,22.663158416748047,35990900
2013-02-13,27.93000030517578,28.110000610351562,27.8799991607666,28.030000686645508,22.785099029541016,41715600
2013-02-14,27.920000076293945,28.059999465942383,27.8700008392334,28.040000915527344,22.7932186126709,32663200
2013-02-15,28.040000915527344,28.15999984741211,27.8799991607666,28.010000228881836,22.768836975097656,49650900
2013-02-19,27.8799991607666,28.09000015258789,27.799999237060547,28.049999237060547,22.990129470825195,38781400
2013-02-20,28.1299991607666,28.200000762939453,27.829999923706055,27.8700008392334,22.84260368347168,44110200
2013-02-21,27.739999771118164,27.739999771118164,27.229999542236328,27.489999771118164,22.531143188476562,49078500
2013-02-22,27.68000030517578,27.760000228881836,27.479999542236328,27.760000228881836,22.752445220947266,31425900
2013-02-25,27.969999313354492,28.049999237060547,27.3700008392334,27.3700008392334,22.432802200317383,48011800
2013-02-26,27.3799991607666,27.600000381469727,27.34000015258789,27.3700008392334,22.432802200317383,49923300
2013-02-27,27.420000076293945,28.0,27.329999923706055,27.809999465942383,22.793424606323242,36394700
2013-02-28,27.8799991607666,27.969999313354492,27.739999771118164,27.799999237060547,22.78522491455078,35840200
2013-03-01,27.719999313354492,27.979999542236328,27.520000457763672,27.950000762939453,22.908166885375977,34849700
2013-03-04,27.850000381469727,28.149999618530273,27.700000762939453,28.149999618530273,23.072101593017578,38157500
2013-03-05,28.290000915527344,28.540000915527344,28.15999984741211,28.350000381469727,23.23601531982422,41432200
2013-03-06,28.209999084472656,28.229999542236328,27.780000686645508,28.09000015258789,23.022912979125977,51448500
2013-03-07,28.110000610351562,28.280000686645508,28.010000228881836,28.139999389648438,23.063892364501953,29196700
2013-03-08,28.25,28.329999923706055,27.959999084472656,28.0,22.949153900146484,37667800
2013-03-11,27.940000534057617,27.969999313354492,27.670000076293945,27.8700008392334,22.84260368347168,36627500
2013-03-12,27.84000015258789,27.950000762939453,27.639999389648438,27.90999984741211,22.875391006469727,39255200
2013-03-13,27.8700008392334,28.020000457763672,27.75,27.920000076293945,22.883583068847656,29093400
2013-03-14,28.0,28.15999984741211,27.93000030517578,28.139999389648438,23.063892364501953,55914800
2013-03-15,28.030000686645508,28.15999984741211,27.979999542236328,28.040000915527344,22.981937408447266,92710300
2013-03-18,27.8799991607666,28.280000686645508,27.809999465942383,28.100000381469727,23.031116485595703,44809400
2013-03-19,28.1200008392334,28.219999313354492,28.030000686645508,28.18000030517578,23.09668731689453,51901600
2013-03-20,28.34000015258789,28.489999771118164,28.18000030517578,28.31999969482422,23.211423873901367,35447800
2013-03-21,28.110000610351562,28.360000610351562,28.049999237060547,28.110000610351562,23.0393123626709,34233200
2013-03-22,28.190000534057617,28.34000015258789,28.100000381469727,28.25,23.15406036376953,28720900
2013-03-25,28.299999237060547,28.350000381469727,27.959999084472656,28.15999984741211,23.080289840698242,44154000
2013-03-26,28.239999771118164,28.34000015258789,28.110000610351562,28.15999984741211,23.080289840698242,27824300
2013-03-27,28.139999389648438,28.450000762939453,28.079999923706055,28.3700008392334,23.25240707397461,36047400
2013-03-28,28.31999969482422,28.65999984741211,28.260000228881836,28.610000610351562,23.449111938476562,55453800
2013-04-01,28.639999389648438,28.65999984741211,28.360000610351562,28.610000610351562,23.449111938476562,29201100
2013-04-02,28.59000015258789,28.850000381469727,28.520000457763672,28.799999237060547,23.604843139648438,28456500
2013-04-03,28.75,28.950000762939453,28.540000915527344,28.559999465942383,23.408130645751953,35062800
2013-04-04,28.389999389648438,28.610000610351562,28.270000457763672,28.600000381469727,23.44091796875,45263200
2013-04-05,28.219999313354492,28.780000686645508,28.110000610351562,28.700000762939453,23.52288055419922,50927300
2013-04-08,28.729999542236328,28.729999542236328,28.469999313354492,28.59000015258789,23.432723999023438,34759500
2013-04-09,28.729999542236328,29.81999969482422,28.68000030517578,29.610000610351562,24.26873016357422,77733800
2013-04-10,29.56999969482422,30.31999969482422,29.520000457763672,30.280000686645508,24.817867279052734,71116700
2013-04-11,29.100000381469727,29.200000762939453,28.729999542236328,28.940000534057617,23.719589233398438,130923200
2013-04-12,28.850000381469727,29.020000457763672,28.65999984741211,28.790000915527344,23.596647262573242,62886300
2013-04-15,28.649999618530273,28.979999542236328,28.510000228881836,28.690000534057617,23.51468276977539,56332900
2013-04-16,28.899999618530273,29.139999389648438,28.700000762939453,28.969999313354492,23.744171142578125,52797300
2013-04-17,28.850000381469727,29.040000915527344,28.600000381469727,28.829999923706055,23.62942886352539,52840700
2013-04-18,28.950000762939453,28.979999542236328,28.5,28.790000915527344,23.596647262573242,56906600
2013-04-19,29.6200008392334,30.239999771118164,29.610000610351562,29.770000457763672,24.399864196777344,99790700
2013-04-22,30.299999237060547,31.18000030517578,30.270000457763672,30.829999923706055,25.268657684326172,137904000
2013-04-23,30.700000762939453,30.899999618530273,30.3799991607666,30.600000381469727,25.08013916015625,59126900
2013-04-24,30.6200008392334,31.920000076293945,30.600000381469727,31.760000228881836,26.030895233154297,90946600
2013-04-25,31.709999084472656,32.84000015258789,31.540000915527344,31.940000534057617,26.178424835205078,110700200
2013-04-26,31.899999618530273,31.979999542236328,31.450000762939453,31.790000915527344,26.055492401123047,47799300
2013-04-29,31.799999237060547,32.68000030517578,31.770000457763672,32.61000061035156,26.727558135986328,59116400
2013-04-30,32.560001373291016,33.11000061035156,32.279998779296875,33.099998474121094,27.12917137145996,75165200
2013-05-01,32.93000030517578,33.08000183105469,32.599998474121094,32.720001220703125,26.81772232055664,54330900
2013-05-02,32.630001068115234,33.16999816894531,32.38999938964844,33.15999984741211,27.178356170654297,46059500
2013-05-03,33.22999954223633,33.52000045776367,33.08000183105469,33.4900016784668,27.44883155822754,46784600
2013-05-06,33.41999816894531,33.90999984741211,33.25,33.75,27.661930084228516,40978300
2013-05-07,33.650001525878906,33.790000915527344,33.2400016784668,33.310001373291016,27.301300048828125,43078300
2013-05-08,33.06999969482422,33.2400016784668,32.650001525878906,32.9900016784668,27.039018630981445,51595700
2013-05-09,32.849998474121094,33.0,32.59000015258789,32.65999984741211,26.768545150756836,46417800
2013-05-10,32.66999816894531,32.720001220703125,32.31999969482422,32.689998626708984,26.793136596679688,36394900
2013-05-13,32.61000061035156,33.06999969482422,32.54999923706055,33.029998779296875,27.071794509887695,36027600
2013-05-14,32.86000061035156,33.529998779296875,32.79999923706055,33.529998779296875,27.674318313598633,56870100
2013-05-15,33.45000076293945,33.900001525878906,33.43000030517578,33.849998474121094,27.938430786132812,46303900
2013-05-16,33.63999938964844,34.150001525878906,33.54999923706055,34.08000183105469,28.128267288208008,59382900
2013-05-17,34.130001068115234,34.869998931884766,34.099998474121094,34.869998931884766,28.78030014038086,60666700
2013-05-20,34.72999954223633,35.099998474121094,34.68000030517578,35.08000183105469,28.953632354736328,54020800
2013-05-21,35.099998474121094,35.27000045776367,34.720001220703125,34.849998474121094,28.76378631591797,48702400
2013-05-22,34.790000915527344,34.84000015258789,34.36000061035156,34.61000061035156,28.565702438354492,66047500
2013-05-23,34.22999954223633,34.54999923706055,33.900001525878906,34.150001525878906,28.1860408782959,51102700
2013-05-24,33.91999816894531,34.279998779296875,33.900001525878906,34.27000045776367,28.285083770751953,33174400
2013-05-28,34.41999816894531,35.18000030517578,34.40999984741211,35.02000045776367,28.904098510742188,48212100
2013-05-29,34.7400016784668,35.02000045776367,34.56999969482422,34.880001068115234,28.788562774658203,38412200
2013-05-30,34.849998474121094,35.25,34.810001373291016,35.029998779296875,28.912355422973633,51131000
2013-05-31,34.81999969482422,35.279998779296875,34.790000915527344,34.900001525878906,28.805057525634766,56165700
2013-06-03,34.91999816894531,35.630001068115234,34.83000183105469,35.59000015258789,29.374561309814453,51252600
2013-06-04,35.619998931884766,35.7400016784668,34.77000045776367,34.9900016784668,28.879344940185547,65529500
2013-06-05,34.599998474121094,34.88999938964844,34.43000030517578,34.779998779296875,28.70602035522461,46025100
2013-06-06,34.84000015258789,35.11000061035156,34.4900016784668,34.959999084472656,28.854583740234375,37618500
2013-06-07,35.25,35.779998779296875,35.060001373291016,35.66999816894531,29.440580368041992,40757300
2013-06-10,35.5099983215332,35.650001525878906,35.13999938964844,35.470001220703125,29.275514602661133,35994500
2013-06-11,35.04999923706055,35.18000030517578,34.68000030517578,34.84000015258789,28.755537033081055,39435900
2013-06-12,35.13999938964844,35.27000045776367,34.849998474121094,35.0,28.887592315673828,37372700
2013-06-13,34.9900016784668,35.02000045776367,34.59000015258789,34.720001220703125,28.6564884185791,45654900
2013-06-14,34.54999923706055,34.689998626708984,34.25,34.400001525878906,28.39238739013672,53192600
2013-06-17,34.689998626708984,35.15999984741211,34.630001068115234,35.0,28.887592315673828,49670100
2013-06-18,34.970001220703125,35.16999816894531,34.900001525878906,34.97999954223633,28.87108612060547,28616500
2013-06-19,34.959999084472656,35.09000015258789,34.59000015258789,34.59000015258789,28.549198150634766,30816200
2013-06-20,34.2599983215332,34.33000183105469,33.369998931884766,33.4900016784668,27.641307830810547,54493700
2013-06-21,33.65999984741211,33.72999954223633,33.04999923706055,33.27000045776367,27.45972442626953,85338500
2013-06-24,32.939998626708984,34.20000076293945,32.56999969482422,33.720001220703125,27.831140518188477,56109000
2013-06-25,34.08000183105469,34.380001068115234,33.459999084472656,33.66999816894531,27.789867401123047,44073400
2013-06-26,34.119998931884766,34.47999954223633,33.88999938964844,34.349998474121094,28.351112365722656,48665900
2013-06-27,34.52000045776367,34.779998779296875,34.5,34.619998931884766,28.573959350585938,28993100
2013-06-28,34.380001068115234,34.790000915527344,34.34000015258789,34.540000915527344,28.507923126220703,65545500
2013-07-01,34.75,34.9900016784668,34.33000183105469,34.36000061035156,28.35936737060547,31055400
2013-07-02,34.40999984741211,34.439998626708984,33.630001068115234,33.939998626708984,28.012710571289062,37630000
2013-07-03,33.65999984741211,34.369998931884766,33.599998474121094,34.0099983215332,28.07048988342285,15994400
2013-07-05,34.09000015258789,34.2400016784668,33.58000183105469,34.209999084472656,28.235559463500977,26085900
2013-07-08,34.349998474121094,34.59000015258789,33.97999954223633,34.33000183105469,28.33460235595703,32396900
2013-07-09,34.58000183105469,34.599998474121094,34.13999938964844,34.349998474121094,28.351112365722656,25318500
2013-07-10,34.34000015258789,34.810001373291016,34.31999969482422,34.70000076293945,28.639982223510742,29658800
2013-07-11,35.0,35.77000045776367,34.900001525878906,35.689998626708984,29.45708656311035,53638300
2013-07-12,35.58000183105469,35.72999954223633,35.279998779296875,35.66999816894531,29.440580368041992,35501200
2013-07-15,35.65999984741211,36.220001220703125,35.58000183105469,36.16999816894531,29.85325813293457,34142600
2013-07-16,36.0099983215332,36.43000030517578,35.959999084472656,36.27000045776367,29.935806274414062,36378500
2013-07-17,36.34000015258789,36.38999938964844,35.4900016784668,35.7400016784668,29.498367309570312,37285100
2013-07-18,35.720001220703125,35.88999938964844,35.220001220703125,35.439998626708984,29.250751495361328,49547100
2013-07-19,32.400001525878906,32.66999816894531,31.020000457763672,31.399999618530273,25.916303634643555,248428500
2013-07-22,31.700000762939453,32.0099983215332,31.600000381469727,32.0099983215332,26.419761657714844,79040700
2013-07-23,31.90999984741211,32.040000915527344,31.709999084472656,31.81999969482422,26.2629451751709,65810400
2013-07-24,32.040000915527344,32.189998626708984,31.889999389648438,31.959999084472656,26.378503799438477,52803100
2013-07-25,31.6200008392334,31.649999618530273,31.25,31.389999389648438,25.908039093017578,63213000
2013-07-26,31.260000228881836,31.6200008392334,31.209999084472656,31.6200008392334,26.09787940979004,38633600
2013-07-29,31.469999313354492,31.600000381469727,31.399999618530273,31.540000915527344,26.031848907470703,28870700
2013-07-30,31.780000686645508,32.119998931884766,31.549999237060547,31.850000381469727,26.287717819213867,45799500
2013-07-31,31.969999313354492,32.04999923706055,31.709999084472656,31.84000015258789,26.27945899963379,43898400
2013-08-01,32.060001373291016,32.09000015258789,31.600000381469727,31.670000076293945,26.13914680480957,42557900
2013-08-02,31.690000534057617,31.899999618530273,31.56999969482422,31.889999389648438,26.320716857910156,29199900
2013-08-05,31.899999618530273,32.0,31.639999389648438,31.700000762939453,26.163911819458008,30984000
2013-08-06,31.549999237060547,31.670000076293945,31.3799991607666,31.579999923706055,26.064861297607422,36331500
2013-08-07,31.540000915527344,32.099998474121094,31.25,32.060001373291016,26.461040496826172,38078600
2013-08-08,32.2400016784668,33.06999969482422,32.04999923706055,32.88999938964844,27.146089553833008,59034400
2013-08-09,32.77000045776367,32.900001525878906,32.470001220703125,32.70000076293945,26.989259719848633,26800700
2013-08-12,32.459999084472656,32.970001220703125,32.459999084472656,32.869998931884766,27.129573822021484,25493700
2013-08-13,32.5099983215332,32.54999923706055,32.209999084472656,32.22999954223633,26.788795471191406,39464100
2013-08-14,32.13999938964844,33.36000061035156,31.700000762939453,32.349998474121094,26.888532638549805,48519600
2013-08-15,32.0,32.18000030517578,30.84000015258789,31.790000915527344,26.42308807373047,33338000
2013-08-16,31.790000915527344,31.989999771118164,31.65999984741211,31.799999237060547,26.43138885498047,32866300
2013-08-19,31.760000228881836,31.969999313354492,31.3799991607666,31.389999389648438,26.090606689453125,27902500
2013-08-20,31.440000534057617,31.899999618530273,31.3700008392334,31.6200008392334,26.281780242919922,22979600
2013-08-21,31.610000610351562,32.0099983215332,31.540000915527344,31.610000610351562,26.273462295532227,37409100
2013-08-22,32.189998626708984,32.4900016784668,32.099998474121094,32.38999938964844,26.92177963256836,31169900
2013-08-23,35.16999816894531,35.20000076293945,34.0,34.75,28.88337516784668,225493800
2013-08-26,34.400001525878906,34.66999816894531,34.029998779296875,34.150001525878906,28.38465690612793,72786800
2013-08-27,33.52000045776367,34.099998474121094,33.150001525878906,33.2599983215332,27.6449031829834,58522300
2013-08-28,33.38999938964844,33.599998474121094,33.0,33.02000045776367,27.44542121887207,44257400
2013-08-29,32.93000030517578,33.599998474121094,32.79999923706055,33.54999923706055,27.885942459106445,45284700
2013-08-30,33.369998931884766,33.47999954223633,33.09000015258789,33.400001525878906,27.761272430419922,42790200
2013-09-03,31.75,32.06999969482422,31.290000915527344,31.8799991607666,26.497888565063477,154507000
2013-09-04,31.389999389648438,31.469999313354492,31.110000610351562,31.200000762939453,25.93268585205078,142320600
2013-09-05,31.100000381469727,31.440000534057617,30.950000762939453,31.229999542236328,25.957618713378906,71644900
2013-09-06,31.309999465942383,31.389999389648438,31.1299991607666,31.149999618530273,25.891128540039062,75434900
2013-09-09,31.219999313354492,31.790000915527344,31.200000762939453,31.65999984741211,26.31502914428711,49628500
2013-09-10,31.899999618530273,32.400001525878906,31.790000915527344,32.38999938964844,26.92177963256836,56881200
2013-09-11,32.56999969482422,32.93000030517578,32.529998779296875,32.7400016784668,27.212690353393555,39087500
2013-09-12,32.720001220703125,32.779998779296875,32.59000015258789,32.689998626708984,27.1711368560791,32860200
2013-09-13,32.77000045776367,33.06999969482422,32.5099983215332,33.029998779296875,27.4537296295166,40899000
2013-09-16,33.380001068115234,33.5,32.72999954223633,32.79999923706055,27.262561798095703,52839700
2013-09-17,33.41999816894531,33.470001220703125,32.900001525878906,32.93000030517578,27.370620727539062,84716500
2013-09-18,32.9900016784668,33.400001525878906,32.83000183105469,33.31999969482422,27.694782257080078,64099900
2013-09-19,33.47999954223633,33.68000030517578,33.31999969482422,33.63999938964844,27.96075439453125,42026600
2013-09-20,33.40999984741211,33.47999954223633,32.689998626708984,32.790000915527344,27.25426483154297,102904900
2013-09-23,32.540000915527344,32.970001220703125,32.5,32.7400016784668,27.212690353393555,39826100
2013-09-24,32.869998931884766,32.869998931884766,32.150001525878906,32.45000076293945,26.97165870666504,40685000
2013-09-25,32.4900016784668,32.79999923706055,32.400001525878906,32.5099983215332,27.021528244018555,28907500
2013-09-26,32.63999938964844,33.0,32.59000015258789,32.77000045776367,27.237627029418945,28504000
2013-09-27,32.880001068115234,33.75,32.869998931884766,33.27000045776367,27.653223037719727,55348000
2013-09-30,33.0,33.310001373291016,32.70000076293945,33.279998779296875,27.661537170410156,39839500
2013-10-01,33.349998474121094,33.61000061035156,33.29999923706055,33.58000183105469,27.910886764526367,36718700
2013-10-02,33.36000061035156,34.029998779296875,33.290000915527344,33.91999816894531,28.193479537963867,46946800
2013-10-03,33.880001068115234,34.0,33.41999816894531,33.86000061035156,28.143617630004883,38703800
2013-10-04,33.689998626708984,33.9900016784668,33.619998931884766,33.880001068115234,28.160247802734375,33008100
2013-10-07,33.599998474121094,33.709999084472656,33.20000076293945,33.29999923706055,27.67814826965332,35069300
2013-10-08,33.310001373291016,33.33000183105469,32.79999923706055,33.0099983215332,27.437118530273438,41017600
2013-10-09,33.06999969482422,33.349998474121094,32.959999084472656,33.06999969482422,27.486989974975586,35878600
2013-10-10,33.310001373291016,33.88999938964844,33.2599983215332,33.7599983215332,28.06049919128418,42875100
2013-10-11,33.68000030517578,34.13999938964844,33.68000030517578,34.130001068115234,28.368026733398438,30033300
2013-10-14,33.900001525878906,34.5,33.779998779296875,34.45000076293945,28.634010314941406,27757900
2013-10-15,34.66999816894531,34.9900016784668,34.470001220703125,34.4900016784668,28.66726303100586,47097800
2013-10-16,34.599998474121094,34.900001525878906,34.560001373291016,34.63999938964844,28.791929244995117,35111600
2013-10-17,34.45000076293945,34.9900016784668,34.369998931884766,34.91999816894531,29.0246524810791,31359200
2013-10-18,34.81999969482422,34.9900016784668,34.33000183105469,34.959999084472656,29.057910919189453,41811700
2013-10-21,34.97999954223633,35.20000076293945,34.90999984741211,34.9900016784668,29.082849502563477,27433500
2013-10-22,35.02000045776367,35.099998474121094,34.52000045776367,34.58000183105469,28.7420597076416,40438500
2013-10-23,34.349998474121094,34.4900016784668,33.66999816894531,33.7599983215332,28.06049919128418,58600500
2013-10-24,33.81999969482422,34.099998474121094,33.56999969482422,33.720001220703125,28.027250289916992,53209700
2013-10-25,35.880001068115234,36.290000915527344,35.470001220703125,35.72999954223633,29.697919845581055,113494000
2013-10-28,35.61000061035156,35.72999954223633,35.27000045776367,35.56999969482422,29.564924240112305,38383600
2013-10-29,35.630001068115234,35.720001220703125,35.2599983215332,35.52000045776367,29.523366928100586,31702200
2013-10-30,35.529998779296875,35.790000915527344,35.43000030517578,35.540000915527344,29.539989471435547,36997700
2013-10-31,35.65999984741211,35.689998626708984,35.34000015258789,35.40999984741211,29.431930541992188,41682300
2013-11-01,35.66999816894531,35.689998626708984,35.38999938964844,35.529998779296875,29.531667709350586,40264600
2013-11-04,35.59000015258789,35.97999954223633,35.54999923706055,35.939998626708984,29.872453689575195,28060700
2013-11-05,35.790000915527344,36.709999084472656,35.77000045776367,36.63999938964844,30.45429039001465,51681900
2013-11-06,37.2400016784668,38.220001220703125,37.060001373291016,38.18000030517578,31.734294891357422,88948800
2013-11-07,37.959999084472656,38.0099983215332,37.43000030517578,37.5,31.169097900390625,60437400
2013-11-08,37.66999816894531,37.779998779296875,37.34000015258789,37.779998779296875,31.401813507080078,36737800
2013-11-11,37.689998626708984,37.779998779296875,37.349998474121094,37.59000015258789,31.2439022064209,26872500
2013-11-12,37.380001068115234,37.599998474121094,37.20000076293945,37.36000061035156,31.05272674560547,31651600
2013-11-13,36.97999954223633,38.15999984741211,36.900001525878906,38.15999984741211,31.717662811279297,44957600
2013-11-14,37.869998931884766,38.130001068115234,37.720001220703125,38.02000045776367,31.6013126373291,46183700
2013-11-15,37.95000076293945,38.02000045776367,37.720001220703125,37.84000015258789,31.451690673828125,50601300
2013-11-18,37.349998474121094,37.58000183105469,37.06999969482422,37.20000076293945,30.91974449157715,53277500
2013-11-19,36.849998474121094,37.22999954223633,36.66999816894531,36.7400016784668,30.768983840942383,44275000
2013-11-20,36.91999816894531,37.40999984741211,36.86000061035156,37.08000183105469,31.053752899169922,32229900
2013-11-21,37.27000045776367,37.529998779296875,37.2599983215332,37.400001525878906,31.321733474731445,23064700
2013-11-22,37.529998779296875,37.68000030517578,37.33000183105469,37.56999969482422,31.4641056060791,27982000
2013-11-25,37.93000030517578,37.95000076293945,37.56999969482422,37.63999938964844,31.522733688354492,30646800
2013-11-26,37.56999969482422,37.650001525878906,37.349998474121094,37.349998474121094,31.279855728149414,34465300
2013-11-27,37.56999969482422,37.7599983215332,37.4900016784668,37.599998474121094,31.48923110961914,26002100
2013-11-29,37.81999969482422,38.290000915527344,37.81999969482422,38.130001068115234,31.93308448791504,22090400
2013-12-02,38.09000015258789,38.779998779296875,38.060001373291016,38.45000076293945,32.20107650756836,42950400
2013-12-03,38.13999938964844,38.4900016784668,38.08000183105469,38.310001373291016,32.083839416503906,52109800
2013-12-04,38.209999084472656,38.97999954223633,38.119998931884766,38.939998626708984,32.611446380615234,51983600
2013-12-05,38.849998474121094,38.880001068115234,37.18000030517578,38.0,31.8242130279541,116305000
2013-12-06,38.41999816894531,38.54999923706055,37.9900016784668,38.36000061035156,32.12570571899414,36457300
2013-12-09,38.560001373291016,38.869998931884766,38.369998931884766,38.709999084472656,32.4188232421875,30286000
2013-12-10,38.61000061035156,38.900001525878906,38.02000045776367,38.11000061035156,31.916337966918945,37828600
2013-12-11,38.060001373291016,38.29999923706055,37.38999938964844,37.61000061035156,31.497600555419922,39853400
2013-12-12,37.63999938964844,37.63999938964844,37.18000030517578,37.220001220703125,31.170988082885742,36012800
2013-12-13,37.41999816894531,37.45000076293945,36.619998931884766,36.689998626708984,30.727113723754883,40066100
2013-12-16,36.72999954223633,37.0,36.540000915527344,36.88999938964844,30.894624710083008,31734200
2013-12-17,36.939998626708984,37.11000061035156,36.33000183105469,36.52000045776367,30.584747314453125,45687700
2013-12-18,36.36000061035156,36.599998474121094,35.529998779296875,36.58000183105469,30.634992599487305,63192100
2013-12-19,36.5099983215332,36.54999923706055,36.08000183105469,36.25,30.35863494873047,34160100
2013-12-20,36.20000076293945,36.93000030517578,36.189998626708984,36.79999923706055,30.819244384765625,62649100
2013-12-23,36.810001373291016,36.88999938964844,36.54999923706055,36.619998931884766,30.66849708557129,25128700
2013-12-24,36.720001220703125,37.16999816894531,36.63999938964844,37.08000183105469,31.053752899169922,14243000
2013-12-26,37.20000076293945,37.4900016784668,37.16999816894531,37.439998626708984,31.355222702026367,17612800
2013-12-27,37.58000183105469,37.619998931884766,37.16999816894531,37.290000915527344,31.22960662841797,14563000
2013-12-30,37.220001220703125,37.380001068115234,36.900001525878906,37.290000915527344,31.22960662841797,16290500
2013-12-31,37.400001525878906,37.58000183105469,37.220001220703125,37.40999984741211,31.330108642578125,17503500
2014-01-02,37.349998474121094,37.400001525878906,37.099998474121094,37.15999984741211,31.120731353759766,30632200
2014-01-03,37.20000076293945,37.220001220703125,36.599998474121094,36.90999984741211,30.911367416381836,31134800
2014-01-06,36.849998474121094,36.88999938964844,36.11000061035156,36.130001068115234,30.258132934570312,43603700
2014-01-07,36.33000183105469,36.4900016784668,36.209999084472656,36.40999984741211,30.492630004882812,35802800
2014-01-08,36.0,36.13999938964844,35.58000183105469,35.7599983215332,29.948259353637695,59971700
2014-01-09,35.880001068115234,35.90999984741211,35.400001525878906,35.529998779296875,29.755634307861328,36516300
2014-01-10,35.900001525878906,36.150001525878906,35.75,36.040000915527344,30.182762145996094,40548800
2014-01-13,35.9900016784668,36.02000045776367,34.83000183105469,34.97999954223633,29.29503059387207,45901900
2014-01-14,34.72999954223633,35.880001068115234,34.630001068115234,35.779998779296875,29.96500015258789,41623300
2014-01-15,35.900001525878906,36.790000915527344,35.849998474121094,36.7599983215332,30.785751342773438,44812600
2014-01-16,36.689998626708984,37.0,36.310001373291016,36.88999938964844,30.894624710083008,38018700
2014-01-17,36.83000183105469,36.83000183105469,36.150001525878906,36.380001068115234,30.46750831604004,46267500
2014-01-21,36.81999969482422,36.81999969482422,36.060001373291016,36.16999816894531,30.291629791259766,31567300
2014-01-22,36.2599983215332,36.31999969482422,35.75,35.93000030517578,30.090625762939453,21904300
2014-01-23,36.09000015258789,36.130001068115234,35.52000045776367,36.060001373291016,30.19951057434082,43954000
2014-01-24,37.45000076293945,37.54999923706055,36.529998779296875,36.810001373291016,30.82761573791504,76395500
2014-01-27,36.869998931884766,36.88999938964844,35.97999954223633,36.029998779296875,30.17438316345215,44420800
2014-01-28,36.119998931884766,36.38999938964844,35.75,36.27000045776367,30.375389099121094,36205500
2014-01-29,35.97999954223633,36.880001068115234,35.900001525878906,36.65999984741211,30.701993942260742,52745900
2014-01-30,36.790000915527344,36.880001068115234,36.22999954223633,36.86000061035156,30.869489669799805,35036300
2014-01-31,36.95000076293945,37.88999938964844,36.560001373291016,37.84000015258789,31.690217971801758,93162300
2014-02-03,37.7400016784668,37.9900016784668,36.43000030517578,36.47999954223633,30.551250457763672,64063100
2014-02-04,36.970001220703125,37.189998626708984,36.25,36.349998474121094,30.4423885345459,54697900
2014-02-05,36.290000915527344,36.470001220703125,35.79999923706055,35.81999969482422,29.998504638671875,55814400
2014-02-06,35.79999923706055,36.25,35.689998626708984,36.18000030517578,30.30000114440918,35351800
2014-02-07,36.31999969482422,36.59000015258789,36.0099983215332,36.560001373291016,30.618247985839844,33260500
2014-02-10,36.630001068115234,36.79999923706055,36.290000915527344,36.79999923706055,30.819244384765625,26767000
2014-02-11,36.880001068115234,37.2599983215332,36.86000061035156,37.16999816894531,31.12910270690918,32141400
2014-02-12,37.349998474121094,37.599998474121094,37.29999923706055,37.470001220703125,31.380340576171875,27051800
2014-02-13,37.33000183105469,37.86000061035156,37.33000183105469,37.61000061035156,31.497600555419922,37635500
2014-02-14,37.38999938964844,37.779998779296875,37.33000183105469,37.619998931884766,31.505971908569336,31407500
2014-02-18,37.630001068115234,37.779998779296875,37.40999984741211,37.41999816894531,31.5734806060791,32834000
2014-02-19,37.220001220703125,37.75,37.209999084472656,37.5099983215332,31.649415969848633,29750400
2014-02-20,37.56999969482422,37.869998931884766,37.400001525878906,37.75,31.8519229888916,27526100
2014-02-21,37.939998626708984,38.349998474121094,37.86000061035156,37.97999954223633,32.045982360839844,38021300
2014-02-24,37.689998626708984,37.97999954223633,37.540000915527344,37.689998626708984,31.801294326782227,32085100
2014-02-25,37.61000061035156,37.849998474121094,37.349998474121094,37.540000915527344,31.67473030090332,30736500
2014-02-26,37.58000183105469,37.7400016784668,37.189998626708984,37.470001220703125,31.615659713745117,41041800
2014-02-27,37.45000076293945,37.88999938964844,37.22999954223633,37.86000061035156,31.944732666015625,33903400
2014-02-28,37.97999954223633,38.459999084472656,37.81999969482422,38.310001373291016,32.324432373046875,41215000
2014-03-03,37.91999816894531,38.130001068115234,37.4900016784668,37.779998779296875,31.877220153808594,29717500
2014-03-04,38.20000076293945,38.47999954223633,38.06999969482422,38.40999984741211,32.408809661865234,26802400
2014-03-05,38.25,38.27000045776367,37.93000030517578,38.11000061035156,32.155677795410156,20520100
2014-03-06,38.13999938964844,38.2400016784668,37.88999938964844,38.150001525878906,32.189422607421875,23582200
2014-03-07,38.279998779296875,38.36000061035156,37.689998626708984,37.900001525878906,31.978466033935547,26591600
2014-03-10,37.9900016784668,38.0099983215332,37.720001220703125,37.81999969482422,31.91098403930664,19006600
2014-03-11,37.869998931884766,38.22999954223633,37.720001220703125,38.02000045776367,32.079734802246094,25216400
2014-03-12,37.79999923706055,38.43000030517578,37.790000915527344,38.27000045776367,32.290653228759766,30494100
2014-03-13,38.41999816894531,38.45000076293945,37.63999938964844,37.88999938964844,31.970041275024414,32169700
2014-03-14,37.650001525878906,38.13999938964844,37.5099983215332,37.70000076293945,31.809730529785156,27195600
2014-03-17,37.900001525878906,38.40999984741211,37.790000915527344,38.04999923706055,32.105045318603516,20479600
2014-03-18,38.2599983215332,39.900001525878906,38.220001220703125,39.54999923706055,33.37068557739258,64063900
2014-03-19,39.470001220703125,39.54999923706055,38.90999984741211,39.27000045776367,33.134422302246094,35597200
2014-03-20,39.25,40.650001525878906,39.2400016784668,40.33000183105469,34.02881622314453,59269800
2014-03-21,40.720001220703125,40.939998626708984,40.0099983215332,40.15999984741211,33.885379791259766,80721800
2014-03-24,40.34000015258789,40.63999938964844,39.86000061035156,40.5,34.1722526550293,46098400
2014-03-25,40.65999984741211,40.9900016784668,39.959999084472656,40.34000015258789,34.037269592285156,43193100
2014-03-26,40.47999954223633,40.709999084472656,39.599998474121094,39.790000915527344,33.573184967041016,41977500
2014-03-27,39.7400016784668,39.970001220703125,39.34000015258789,39.36000061035156,33.21037673950195,35369200
2014-03-28,39.790000915527344,40.63999938964844,39.68000030517578,40.29999923706055,34.00351333618164,43472700
2014-03-31,40.43000030517578,41.5,40.400001525878906,40.9900016784668,34.585693359375,46886300
2014-04-01,41.150001525878906,41.59000015258789,41.06999969482422,41.41999816894531,34.948509216308594,32605000
2014-04-02,41.439998626708984,41.65999984741211,41.16999816894531,41.349998474121094,34.88945007324219,28666700
2014-04-03,41.290000915527344,41.290000915527344,40.709999084472656,41.0099983215332,34.602561950683594,30139600
2014-04-04,41.25,41.38999938964844,39.63999938964844,39.869998931884766,33.64067840576172,51409600
2014-04-07,39.959999084472656,40.27000045776367,39.7400016784668,39.79999923706055,33.58163070678711,37559600
2014-04-08,39.75,39.93000030517578,39.20000076293945,39.81999969482422,33.5985107421875,35918600
2014-04-09,39.93000030517578,40.54999923706055,39.880001068115234,40.470001220703125,34.146942138671875,27398700
2014-04-10,40.439998626708984,40.689998626708984,39.09000015258789,39.36000061035156,33.21037673950195,45960800
2014-04-11,39.0,39.790000915527344,39.0,39.209999084472656,33.083805084228516,34330200
2014-04-14,39.11000061035156,39.40999984741211,38.900001525878906,39.18000030517578,33.058475494384766,32006600
2014-04-15,39.34000015258789,39.959999084472656,39.04999923706055,39.75,33.5394401550293,33968700
2014-04-16,40.060001373291016,40.41999816894531,39.90999984741211,40.400001525878906,34.0878791809082,30615800
2014-04-17,40.0099983215332,40.20000076293945,39.5099983215332,40.0099983215332,33.75880432128906,36688400
2014-04-21,40.130001068115234,40.150001525878906,39.790000915527344,39.939998626708984,33.69974136352539,22221200
2014-04-22,39.959999084472656,40.13999938964844,39.83000183105469,39.9900016784668,33.74193572998047,27056700
2014-04-23,39.9900016784668,39.9900016784668,39.470001220703125,39.689998626708984,33.48882293701172,24602800
2014-04-24,39.7400016784668,39.970001220703125,39.29999923706055,39.86000061035156,33.63225173950195,42381600
2014-04-25,40.290000915527344,40.68000030517578,39.75,39.90999984741211,33.674442291259766,56876800
2014-04-28,40.13999938964844,41.290000915527344,40.09000015258789,40.869998931884766,34.48444747924805,50610200
2014-04-29,41.099998474121094,41.189998626708984,40.38999938964844,40.5099983215332,34.180686950683594,29636200
2014-04-30,40.400001525878906,40.5,40.16999816894531,40.400001525878906,34.0878791809082,35458700
2014-05-01,40.2400016784668,40.36000061035156,39.95000076293945,40.0,33.75037384033203,28787400
2014-05-02,40.310001373291016,40.34000015258789,39.65999984741211,39.689998626708984,33.48882293701172,43416600
2014-05-05,39.52000045776367,39.63999938964844,39.29999923706055,39.43000030517578,33.26943588256836,22460900
2014-05-06,39.290000915527344,39.349998474121094,38.95000076293945,39.060001373291016,32.95724105834961,27112400
2014-05-07,39.220001220703125,39.5099983215332,38.5099983215332,39.41999816894531,33.2609977722168,41744500
2014-05-08,39.34000015258789,39.900001525878906,38.970001220703125,39.63999938964844,33.44662094116211,32120400
2014-05-09,39.540000915527344,39.849998474121094,39.369998931884766,39.540000915527344,33.362247467041016,29647600
2014-05-12,39.7400016784668,40.02000045776367,39.650001525878906,39.970001220703125,33.72508239746094,22782600
2014-05-13,39.91999816894531,40.5,39.849998474121094,40.41999816894531,34.345359802246094,27004800
2014-05-14,40.29999923706055,40.45000076293945,40.04999923706055,40.2400016784668,34.19239807128906,18818700
2014-05-15,40.09000015258789,40.400001525878906,39.5099983215332,39.599998474121094,33.64858627319336,37793200
2014-05-16,39.66999816894531,39.84000015258789,39.27000045776367,39.83000183105469,33.84403610229492,29867100
2014-05-19,39.61000061035156,39.81999969482422,39.459999084472656,39.75,33.77604675292969,24537400
2014-05-20,39.68000030517578,39.939998626708984,39.459999084472656,39.68000030517578,33.71657180786133,21320900
2014-05-21,39.79999923706055,40.349998474121094,39.7400016784668,40.349998474121094,34.28587341308594,22398700
2014-05-22,40.290000915527344,40.349998474121094,39.849998474121094,40.099998474121094,34.07345199584961,20201800
2014-05-23,40.369998931884766,40.369998931884766,40.0,40.119998931884766,34.0904426574707,18020000
2014-05-27,40.2599983215332,40.2599983215332,39.810001373291016,40.189998626708984,34.149925231933594,26160600
2014-05-28,40.13999938964844,40.189998626708984,39.81999969482422,40.0099983215332,33.99696350097656,25711500
2014-05-29,40.150001525878906,40.349998474121094,39.90999984741211,40.34000015258789,34.27738952636719,19888200
2014-05-30,40.45000076293945,40.970001220703125,40.25,40.939998626708984,34.787193298339844,34567600
2014-06-02,40.95000076293945,41.09000015258789,40.68000030517578,40.790000915527344,34.659732818603516,18504300
2014-06-03,40.599998474121094,40.68000030517578,40.25,40.290000915527344,34.23488998413086,18068900
2014-06-04,40.209999084472656,40.369998931884766,39.86000061035156,40.31999969482422,34.260379791259766,23209000
2014-06-05,40.59000015258789,41.25,40.400001525878906,41.209999084472656,35.01662826538086,31865200
2014-06-06,41.47999954223633,41.65999984741211,41.2400016784668,41.47999954223633,35.24605178833008,24060500
2014-06-09,41.38999938964844,41.47999954223633,41.02000045776367,41.27000045776367,35.06761169433594,15019200
2014-06-10,41.029998779296875,41.15999984741211,40.86000061035156,41.11000061035156,34.93165588378906,15117700
2014-06-11,40.93000030517578,41.06999969482422,40.77000045776367,40.86000061035156,34.7192268371582,18040000
2014-06-12,40.810001373291016,40.880001068115234,40.290000915527344,40.58000183105469,34.4813117980957,29818900
2014-06-13,41.099998474121094,41.56999969482422,40.86000061035156,41.22999954223633,35.03361129760742,26310000
2014-06-16,41.040000915527344,41.61000061035156,41.040000915527344,41.5,35.263038635253906,24205300
2014-06-17,41.290000915527344,41.90999984741211,40.34000015258789,41.68000030517578,35.415992736816406,22518600
2014-06-18,41.61000061035156,41.7400016784668,41.18000030517578,41.650001525878906,35.390506744384766,27097000
2014-06-19,41.56999969482422,41.77000045776367,41.33000183105469,41.5099983215332,35.27153778076172,19828200
2014-06-20,41.45000076293945,41.83000183105469,41.380001068115234,41.68000030517578,35.415992736816406,47764900
2014-06-23,41.72999954223633,42.0,41.689998626708984,41.9900016784668,35.67941665649414,18743900
2014-06-24,41.83000183105469,41.939998626708984,41.560001373291016,41.75,35.475467681884766,26509100
2014-06-25,41.70000076293945,42.04999923706055,41.459999084472656,42.029998779296875,35.7133903503418,20049100
2014-06-26,41.93000030517578,41.939998626708984,41.43000030517578,41.720001220703125,35.449981689453125,23604400
2014-06-27,41.61000061035156,42.290000915527344,41.5099983215332,42.25,35.900325775146484,74640000
2014-06-30,42.16999816894531,42.209999084472656,41.70000076293945,41.70000076293945,35.43299102783203,30793100
2014-07-01,41.86000061035156,42.150001525878906,41.689998626708984,41.869998931884766,35.57744216918945,26917000
2014-07-02,41.72999954223633,41.900001525878906,41.529998779296875,41.900001525878906,35.60292434692383,20208100
2014-07-03,41.90999984741211,41.9900016784668,41.560001373291016,41.79999923706055,35.5179557800293,15969300
2014-07-07,41.75,42.119998931884766,41.709999084472656,41.9900016784668,35.67941665649414,21952400
2014-07-08,41.869998931884766,42.0,41.61000061035156,41.779998779296875,35.5009651184082,31218200
2014-07-09,41.97999954223633,41.9900016784668,41.529998779296875,41.66999816894531,35.40748596191406,18445900
2014-07-10,41.369998931884766,42.0,41.04999923706055,41.689998626708984,35.42448425292969,21854700
2014-07-11,41.70000076293945,42.09000015258789,41.47999954223633,42.09000015258789,35.76437759399414,24083000
2014-07-14,42.220001220703125,42.45000076293945,42.040000915527344,42.13999938964844,35.80685806274414,21881100
2014-07-15,42.33000183105469,42.470001220703125,42.029998779296875,42.45000076293945,36.07027053833008,28748700
2014-07-16,42.5099983215332,44.310001373291016,42.47999954223633,44.08000183105469,37.45530700683594,63318000
2014-07-17,45.45000076293945,45.709999084472656,44.25,44.529998779296875,37.837677001953125,82180300
2014-07-18,44.650001525878906,44.84000015258789,44.25,44.689998626708984,37.9736213684082,43407500
2014-07-21,44.560001373291016,45.15999984741211,44.220001220703125,44.84000015258789,38.10107421875,37604400
2014-07-22,45.0,45.150001525878906,44.59000015258789,44.83000183105469,38.092586517333984,43095800
2014-07-23,45.45000076293945,45.45000076293945,44.619998931884766,44.869998931884766,38.12657165527344,52362900
2014-07-24,44.93000030517578,45.0,44.31999969482422,44.400001525878906,37.727203369140625,30725300
2014-07-25,44.29999923706055,44.65999984741211,44.29999923706055,44.5,37.81218338012695,26737700
2014-07-28,44.36000061035156,44.5099983215332,43.93000030517578,43.970001220703125,37.36183166503906,29684200
2014-07-29,43.90999984741211,44.09000015258789,43.63999938964844,43.88999938964844,37.29385757446289,27763100
2014-07-30,44.06999969482422,44.099998474121094,43.290000915527344,43.58000183105469,37.030452728271484,31921400
2014-07-31,43.380001068115234,43.689998626708984,43.08000183105469,43.15999984741211,36.6735725402832,31537500
2014-08-01,43.209999084472656,43.25,42.599998474121094,42.86000061035156,36.41864013671875,31170300
2014-08-04,42.970001220703125,43.470001220703125,42.810001373291016,43.369998931884766,36.852012634277344,34277400
2014-08-05,43.310001373291016,43.459999084472656,42.83000183105469,43.08000183105469,36.60558319091797,26266400
2014-08-06,42.7400016784668,43.16999816894531,42.209999084472656,42.7400016784668,36.31668472290039,24634000
2014-08-07,42.84000015258789,43.45000076293945,42.650001525878906,43.22999954223633,36.7330436706543,30314900
2014-08-08,43.22999954223633,43.31999969482422,42.90999984741211,43.20000076293945,36.707557678222656,28942700
2014-08-11,43.2599983215332,43.45000076293945,43.02000045776367,43.20000076293945,36.707557678222656,20351600
2014-08-12,43.040000915527344,43.59000015258789,43.0,43.52000045776367,36.97946548461914,21431100
2014-08-13,43.68000030517578,44.18000030517578,43.52000045776367,44.08000183105469,37.45530700683594,22889500
2014-08-14,44.08000183105469,44.41999816894531,44.0099983215332,44.27000045776367,37.61674499511719,19313200
2014-08-15,44.58000183105469,44.900001525878906,44.400001525878906,44.790000915527344,38.058589935302734,41611300
2014-08-18,44.939998626708984,45.11000061035156,44.68000030517578,45.11000061035156,38.330501556396484,26891100
2014-08-19,44.970001220703125,45.34000015258789,44.83000183105469,45.33000183105469,38.75800323486328,28139500
2014-08-20,45.34000015258789,45.400001525878906,44.900001525878906,44.95000076293945,38.433101654052734,24770500
2014-08-21,44.84000015258789,45.25,44.83000183105469,45.220001220703125,38.66395950317383,22285500
2014-08-22,45.349998474121094,45.470001220703125,45.06999969482422,45.150001525878906,38.604095458984375,18294500
2014-08-25,45.400001525878906,45.439998626708984,45.040000915527344,45.16999816894531,38.62120056152344,16910000
2014-08-26,45.310001373291016,45.400001525878906,44.939998626708984,45.0099983215332,38.484397888183594,14873100
2014-08-27,44.900001525878906,45.0,44.7599983215332,44.869998931884766,38.36469650268555,21287900
2014-08-28,44.75,44.97999954223633,44.61000061035156,44.880001068115234,38.37324523925781,17657600
2014-08-29,45.09000015258789,45.439998626708984,44.86000061035156,45.43000030517578,38.843505859375,21607600
2014-09-02,45.43000030517578,45.459999084472656,44.849998474121094,45.09000015258789,38.55281066894531,22976800
2014-09-03,44.529998779296875,45.11000061035156,44.529998779296875,44.959999084472656,38.44165802001953,33684500
2014-09-04,44.7400016784668,45.27000045776367,44.720001220703125,45.2599983215332,38.69816589355469,26475500
2014-09-05,45.11000061035156,45.93000030517578,45.11000061035156,45.90999984741211,39.25393295288086,36939400
2014-09-08,46.02000045776367,46.79999923706055,45.9900016784668,46.470001220703125,39.73272705078125,45736700
2014-09-09,46.470001220703125,46.970001220703125,46.41999816894531,46.7599983215332,39.98069381713867,40302400
2014-09-10,46.81999969482422,46.939998626708984,46.279998779296875,46.84000015258789,40.049095153808594,27302400
2014-09-11,46.7400016784668,47.0,46.470001220703125,47.0,40.18589782714844,29216400
2014-09-12,46.90999984741211,47.02000045776367,46.599998474121094,46.70000076293945,39.92938995361328,38244700
2014-09-15,46.540000915527344,46.709999084472656,46.099998474121094,46.2400016784668,39.53608322143555,37667600
2014-09-16,46.38999938964844,46.849998474121094,46.290000915527344,46.7599983215332,39.98069381713867,27910600
2014-09-17,46.2599983215332,46.689998626708984,46.22999954223633,46.52000045776367,39.77548599243164,38311900
2014-09-18,46.59000015258789,46.83000183105469,46.459999084472656,46.68000030517578,39.912288665771484,35556600
2014-09-19,46.810001373291016,47.56999969482422,46.599998474121094,47.52000045776367,40.63050842285156,202522400
2014-09-22,47.29999923706055,47.380001068115234,46.97999954223633,47.060001373291016,40.23720169067383,38686100
2014-09-23,46.849998474121094,46.97999954223633,46.470001220703125,46.560001373291016,39.8096809387207,33430300
2014-09-24,46.630001068115234,47.11000061035156,46.34000015258789,47.08000183105469,40.254295349121094,26582700
2014-09-25,46.880001068115234,47.09000015258789,46.029998779296875,46.040000915527344,39.365074157714844,33077400
2014-09-26,45.93000030517578,46.619998931884766,45.7599983215332,46.40999984741211,39.681434631347656,27078800
2014-09-29,45.97999954223633,46.560001373291016,45.7599983215332,46.439998626708984,39.70708084106445,26091000
2014-09-30,46.369998931884766,46.47999954223633,46.0099983215332,46.36000061035156,39.638675689697266,33033100
2014-10-01,46.27000045776367,46.529998779296875,45.849998474121094,45.900001525878906,39.245365142822266,38088400
2014-10-02,45.83000183105469,46.099998474121094,45.63999938964844,45.7599983215332,39.12568664550781,25119400
2014-10-03,45.97999954223633,46.29999923706055,45.61000061035156,46.09000015258789,39.4078254699707,32453200
2014-10-06,46.119998931884766,46.29999923706055,45.91999816894531,46.09000015258789,39.4078254699707,20604000
2014-10-07,45.86000061035156,45.93000030517578,45.41999816894531,45.529998779296875,38.92901611328125,25723700
2014-10-08,45.47999954223633,46.88999938964844,45.34000015258789,46.779998779296875,39.9977912902832,33031000
2014-10-09,46.5,46.79999923706055,45.7400016784668,45.849998474121094,39.20262908935547,34422800
2014-10-10,45.599998474121094,46.119998931884766,43.95000076293945,44.029998779296875,37.646488189697266,51978100
2014-10-13,43.81999969482422,44.560001373291016,43.4900016784668,43.650001525878906,37.32157516479492,37100200
2014-10-14,43.869998931884766,44.380001068115234,43.560001373291016,43.72999954223633,37.38997268676758,38115700
2014-10-15,43.0,43.38999938964844,42.099998474121094,43.220001220703125,36.953922271728516,60218700
2014-10-16,42.529998779296875,43.08000183105469,42.220001220703125,42.7400016784668,36.54351806640625,49040400
2014-10-17,43.20000076293945,43.939998626708984,42.790000915527344,43.630001068115234,37.30447769165039,40683300
2014-10-20,43.060001373291016,44.13999938964844,42.810001373291016,44.08000183105469,37.68925094604492,34527900
2014-10-21,44.36000061035156,44.97999954223633,44.189998626708984,44.880001068115234,38.37324523925781,36433800
2014-10-22,45.0,45.06999969482422,44.22999954223633,44.380001068115234,37.94574737548828,33570900
2014-10-23,44.619998931884766,45.45000076293945,44.529998779296875,45.02000045776367,38.49296188354492,45451900
2014-10-24,46.83000183105469,46.900001525878906,45.18000030517578,46.130001068115234,39.44202423095703,61076700
2014-10-27,45.709999084472656,46.099998474121094,45.709999084472656,45.90999984741211,39.25393295288086,30371300
2014-10-28,45.86000061035156,46.5,45.77000045776367,46.4900016784668,39.74983596801758,29049800
2014-10-29,46.439998626708984,46.70000076293945,46.34000015258789,46.619998931884766,39.86098861694336,30276100
2014-10-30,46.31999969482422,46.31999969482422,45.77000045776367,46.04999923706055,39.37363052368164,30073900
2014-10-31,46.939998626708984,46.970001220703125,46.47999954223633,46.95000076293945,40.14314651489258,35849700
2014-11-03,46.88999938964844,47.459999084472656,46.72999954223633,47.439998626708984,40.56209182739258,23130400
2014-11-04,47.29999923706055,47.72999954223633,47.25,47.56999969482422,40.67324447631836,21530800
2014-11-05,47.79999923706055,47.900001525878906,47.2599983215332,47.86000061035156,40.92121124267578,22449600
2014-11-06,47.86000061035156,48.86000061035156,47.790000915527344,48.70000076293945,41.63942337036133,33037800
2014-11-07,48.91999816894531,48.91999816894531,48.290000915527344,48.68000030517578,41.62233352661133,28000600
2014-11-10,48.650001525878906,49.150001525878906,48.54999923706055,48.88999938964844,41.8018798828125,36370100
2014-11-11,48.849998474121094,48.95000076293945,48.650001525878906,48.869998931884766,41.7847785949707,23445200
2014-11-12,48.560001373291016,48.91999816894531,48.52000045776367,48.779998779296875,41.70783233642578,22722100
2014-11-13,48.810001373291016,49.650001525878906,48.709999084472656,49.61000061035156,42.41749572753906,26210400
2014-11-14,49.7400016784668,50.04999923706055,49.38999938964844,49.58000183105469,42.39183044433594,29081700
2014-11-17,49.40999984741211,49.709999084472656,49.13999938964844,49.459999084472656,42.289241790771484,30318600
2014-11-18,49.130001068115234,49.33000183105469,48.70000076293945,48.7400016784668,41.93647384643555,23995500
2014-11-19,48.65999984741211,48.75,47.93000030517578,48.220001220703125,41.489051818847656,26177500
2014-11-20,48.0,48.70000076293945,47.869998931884766,48.70000076293945,41.90205383300781,21510600
2014-11-21,49.02000045776367,49.04999923706055,47.56999969482422,47.97999954223633,41.28255081176758,42884800
2014-11-24,47.9900016784668,48.0,47.38999938964844,47.59000015258789,40.946998596191406,35434200
2014-11-25,47.65999984741211,47.970001220703125,47.45000076293945,47.470001220703125,40.84375,28008000
2014-11-26,47.4900016784668,47.9900016784668,47.279998779296875,47.75,41.08465576171875,27163600
2014-11-28,47.95000076293945,48.20000076293945,47.61000061035156,47.810001373291016,41.136287689208984,21534400
2014-12-01,47.880001068115234,48.779998779296875,47.709999084472656,48.619998931884766,41.83321762084961,31191600
2014-12-02,48.84000015258789,49.04999923706055,48.20000076293945,48.459999084472656,41.6955680847168,25773500
2014-12-03,48.439998626708984,48.5,47.810001373291016,48.08000183105469,41.36860275268555,23534800
2014-12-04,48.38999938964844,49.060001373291016,48.20000076293945,48.84000015258789,42.02251434326172,30320400
2014-12-05,48.81999969482422,48.970001220703125,48.380001068115234,48.41999816894531,41.66114044189453,27313400
2014-12-08,48.2599983215332,48.349998474121094,47.45000076293945,47.70000076293945,41.0416374206543,26663100
2014-12-09,47.11000061035156,47.91999816894531,47.04999923706055,47.59000015258789,40.946998596191406,24330500
2014-12-10,47.58000183105469,47.65999984741211,46.70000076293945,46.900001525878906,40.353309631347656,30431800
2014-12-11,47.08000183105469,47.7400016784668,46.68000030517578,47.16999816894531,40.58562088012695,29060400
2014-12-12,46.779998779296875,47.72999954223633,46.66999816894531,46.95000076293945,40.39633560180664,34248400
2014-12-15,47.20000076293945,47.66999816894531,46.54999923706055,46.66999816894531,40.15541076660156,29247800
2014-12-16,45.900001525878906,46.34000015258789,45.130001068115234,45.15999984741211,38.85619354248047,47801400
2014-12-17,45.04999923706055,45.95000076293945,44.900001525878906,45.7400016784668,39.35523986816406,34970900
2014-12-18,46.58000183105469,47.52000045776367,46.34000015258789,47.52000045776367,40.88676834106445,40105600
2014-12-19,47.630001068115234,48.099998474121094,47.16999816894531,47.65999984741211,41.007225036621094,64551200
2014-12-22,47.779998779296875,48.119998931884766,47.709999084472656,47.97999954223633,41.28255081176758,26566000
2014-12-23,48.369998931884766,48.79999923706055,48.130001068115234,48.45000076293945,41.68694305419922,23648100
2014-12-24,48.63999938964844,48.63999938964844,48.08000183105469,48.13999938964844,41.42021942138672,11437800
2014-12-26,48.40999984741211,48.40999984741211,47.81999969482422,47.880001068115234,41.196502685546875,13197800
2014-12-29,47.70000076293945,47.779998779296875,47.2599983215332,47.45000076293945,40.8265380859375,14439500
2014-12-30,47.439998626708984,47.619998931884766,46.84000015258789,47.02000045776367,40.456565856933594,16384700
2014-12-31,46.72999954223633,47.439998626708984,46.45000076293945,46.45000076293945,39.96613311767578,21552500
2015-01-02,46.65999984741211,47.41999816894531,46.540000915527344,46.7599983215332,40.23284912109375,27913900
2015-01-05,46.369998931884766,46.72999954223633,46.25,46.33000183105469,39.86288070678711,39673900
2015-01-06,46.380001068115234,46.75,45.540000915527344,45.650001525878906,39.27778625488281,36447900
2015-01-07,45.97999954223633,46.459999084472656,45.4900016784668,46.22999954223633,39.77683639526367,29114100
2015-01-08,46.75,47.75,46.720001220703125,47.59000015258789,40.946998596191406,29645200
2015-01-09,47.61000061035156,47.81999969482422,46.900001525878906,47.189998626708984,40.60283660888672,23944200
2015-01-12,47.41999816894531,47.540000915527344,46.36000061035156,46.599998474121094,40.09519958496094,23651900
2015-01-13,46.970001220703125,47.90999984741211,46.060001373291016,46.36000061035156,39.888694763183594,35270600
2015-01-14,45.959999084472656,46.2400016784668,45.619998931884766,45.959999084472656,39.544532775878906,29719600
2015-01-15,46.220001220703125,46.380001068115234,45.40999984741211,45.47999954223633,39.131526947021484,32750800
2015-01-16,45.310001373291016,46.279998779296875,45.16999816894531,46.2400016784668,39.78544616699219,35695300
2015-01-20,46.29999923706055,46.650001525878906,45.56999969482422,46.38999938964844,39.91450881958008,36161900
2015-01-21,45.939998626708984,46.13999938964844,45.47999954223633,45.91999816894531,39.5101203918457,39081100
2015-01-22,46.380001068115234,47.13999938964844,46.08000183105469,47.130001068115234,40.55120086669922,35898000
2015-01-23,47.36000061035156,47.38999938964844,46.79999923706055,47.18000030517578,40.59423065185547,26211600
2015-01-26,47.0,47.130001068115234,46.2400016784668,47.0099983215332,40.44795227050781,42525500
2015-01-27,42.95000076293945,43.20000076293945,42.11000061035156,42.65999984741211,36.70517349243164,169164000
2015-01-28,42.7400016784668,42.790000915527344,41.15999984741211,41.189998626708984,35.44036102294922,84507100
2015-01-29,40.93000030517578,42.119998931884766,40.790000915527344,42.0099983215332,36.14589309692383,63585300
2015-01-30,41.54999923706055,41.58000183105469,40.349998474121094,40.400001525878906,34.760643005371094,78004900
2015-02-02,40.59000015258789,41.369998931884766,40.22999954223633,41.279998779296875,35.517799377441406,50352500
2015-02-03,41.630001068115234,41.93000030517578,41.04999923706055,41.599998474121094,35.79312515258789,52082400
2015-02-04,41.939998626708984,42.209999084472656,41.36000061035156,41.84000015258789,35.999629974365234,41614800
2015-02-05,42.220001220703125,42.63999938964844,41.86000061035156,42.45000076293945,36.52448272705078,36548200
2015-02-06,42.68000030517578,42.790000915527344,42.150001525878906,42.40999984741211,36.49006271362305,34616600
2015-02-09,42.2400016784668,42.7400016784668,42.209999084472656,42.36000061035156,36.44703674316406,31381100
2015-02-10,42.7400016784668,42.77000045776367,42.18000030517578,42.599998474121094,36.6535530090332,29670700
2015-02-11,42.650001525878906,42.650001525878906,42.209999084472656,42.380001068115234,36.4642333984375,38262500
2015-02-12,42.65999984741211,43.09000015258789,42.5099983215332,43.09000015258789,37.07513427734375,33268800
2015-02-13,43.380001068115234,43.869998931884766,43.150001525878906,43.869998931884766,37.74625778198242,40264900
2015-02-17,43.970001220703125,44.0,43.189998626708984,43.58000183105469,37.76359939575195,33695700
2015-02-18,43.630001068115234,43.70000076293945,43.38999938964844,43.529998779296875,37.72025680541992,27111700
2015-02-19,43.18000030517578,43.529998779296875,43.04999923706055,43.5,37.69427490234375,27603400
2015-02-20,43.5099983215332,43.880001068115234,43.290000915527344,43.86000061035156,38.006221771240234,29721100
2015-02-23,43.70000076293945,44.189998626708984,43.650001525878906,44.150001525878906,38.25751876831055,32518800
2015-02-24,44.150001525878906,44.29999923706055,43.91999816894531,44.09000015258789,38.205528259277344,25271700
2015-02-25,43.95000076293945,44.09000015258789,43.79999923706055,43.9900016784668,38.118873596191406,29759800
2015-02-26,43.9900016784668,44.22999954223633,43.88999938964844,44.060001373291016,38.179534912109375,28957300
2015-02-27,44.130001068115234,44.20000076293945,43.65999984741211,43.849998474121094,37.997554779052734,33807700
2015-03-02,43.66999816894531,44.189998626708984,43.54999923706055,43.880001068115234,38.023555755615234,31924000
2015-03-03,43.560001373291016,43.83000183105469,43.09000015258789,43.279998779296875,37.503631591796875,31748600
2015-03-04,43.0099983215332,43.209999084472656,42.880001068115234,43.060001373291016,37.31300354003906,25748700
2015-03-05,43.06999969482422,43.2400016784668,42.81999969482422,43.11000061035156,37.3563232421875,23193500
2015-03-06,43.0,43.11000061035156,42.150001525878906,42.36000061035156,36.7064208984375,36248800
2015-03-09,42.189998626708984,43.130001068115234,42.189998626708984,42.849998474121094,37.13102340698242,32108000
2015-03-10,42.349998474121094,42.709999084472656,42.029998779296875,42.029998779296875,36.420467376708984,39159700
2015-03-11,42.310001373291016,42.369998931884766,41.84000015258789,41.97999954223633,36.37713623046875,32215300
2015-03-12,41.33000183105469,41.650001525878906,40.86000061035156,41.02000045776367,35.5452766418457,59992500
2015-03-13,40.70000076293945,41.470001220703125,40.61000061035156,41.380001068115234,35.85721969604492,58007700
2015-03-16,41.470001220703125,41.63999938964844,41.279998779296875,41.560001373291016,36.01319122314453,35273500
2015-03-17,41.369998931884766,41.83000183105469,41.150001525878906,41.70000076293945,36.13450241088867,31673400
2015-03-18,41.43000030517578,42.83000183105469,41.33000183105469,42.5,36.82772445678711,44194800
2015-03-19,42.2599983215332,42.59000015258789,42.220001220703125,42.290000915527344,36.6457633972168,33879100
2015-03-20,42.560001373291016,42.97999954223633,42.4900016784668,42.880001068115234,37.15701675415039,71904500
2015-03-23,42.880001068115234,43.130001068115234,42.779998779296875,42.86000061035156,37.13969802856445,26246100
2015-03-24,42.779998779296875,43.16999816894531,42.75,42.900001525878906,37.17435073852539,25513300
2015-03-25,42.91999816894531,42.93000030517578,41.439998626708984,41.459999084472656,35.92654037475586,43469900
2015-03-26,41.220001220703125,41.61000061035156,40.91999816894531,41.209999084472656,35.70990753173828,37495600
2015-03-27,41.119998931884766,41.43000030517578,40.83000183105469,40.970001220703125,35.501956939697266,34401400
2015-03-30,41.099998474121094,41.540000915527344,40.90999984741211,40.959999084472656,35.493282318115234,35049700
2015-03-31,40.779998779296875,41.029998779296875,40.540000915527344,40.65999984741211,35.23331069946289,34887200
2015-04-01,40.599998474121094,40.7599983215332,40.310001373291016,40.720001220703125,35.28531265258789,36865300
2015-04-02,40.65999984741211,40.7400016784668,40.119998931884766,40.290000915527344,34.91270446777344,37487500
2015-04-06,40.34000015258789,41.779998779296875,40.18000030517578,41.54999923706055,36.004520416259766,39223700
2015-04-07,41.61000061035156,41.90999984741211,41.310001373291016,41.529998779296875,35.98719024658203,28809400
2015-04-08,41.459999084472656,41.689998626708984,41.040000915527344,41.41999816894531,35.891883850097656,24753400
2015-04-09,41.25,41.619998931884766,41.25,41.47999954223633,35.943870544433594,25723900
2015-04-10,41.630001068115234,41.95000076293945,41.40999984741211,41.720001220703125,36.151832580566406,28022000
2015-04-13,41.400001525878906,42.060001373291016,41.38999938964844,41.7599983215332,36.18649673461914,30276700
2015-04-14,41.79999923706055,42.029998779296875,41.38999938964844,41.650001525878906,36.09117126464844,24244400
2015-04-15,41.7599983215332,42.459999084472656,41.68000030517578,42.2599983215332,36.6197624206543,27343600
2015-04-16,41.95000076293945,42.34000015258789,41.81999969482422,42.15999984741211,36.533119201660156,22509700
2015-04-17,41.66999816894531,41.7400016784668,41.15999984741211,41.619998931884766,36.065185546875,42387600
2015-04-20,41.72999954223633,43.16999816894531,41.68000030517578,42.90999984741211,37.18301010131836,46057700
2015-04-21,43.0,43.150001525878906,42.529998779296875,42.63999938964844,36.94904708862305,26013800
2015-04-22,42.66999816894531,43.130001068115234,42.54999923706055,42.9900016784668,37.25234603881836,25064300
2015-04-23,42.88999938964844,43.61000061035156,42.79999923706055,43.34000015258789,37.55563735961914,46309500
2015-04-24,45.65999984741211,48.13999938964844,45.650001525878906,47.869998931884766,41.48102569580078,130933700
2015-04-27,47.22999954223633,48.130001068115234,47.220001220703125,48.029998779296875,41.61967086791992,59248200
2015-04-28,47.779998779296875,49.209999084472656,47.70000076293945,49.15999984741211,42.59886169433594,60730800
2015-04-29,48.720001220703125,49.310001373291016,48.5,49.060001373291016,42.51220703125,47804600
2015-04-30,48.70000076293945,49.540000915527344,48.599998474121094,48.63999938964844,42.148258209228516,64725500
2015-05-01,48.58000183105469,48.880001068115234,48.400001525878906,48.65999984741211,42.16558837890625,38937300
2015-05-04,48.369998931884766,48.869998931884766,48.18000030517578,48.2400016784668,41.80162811279297,34039500
2015-05-05,47.81999969482422,48.15999984741211,47.310001373291016,47.599998474121094,41.24705505371094,50369200
2015-05-06,47.56999969482422,47.77000045776367,46.02000045776367,46.279998779296875,40.103240966796875,52433000
2015-05-07,46.27000045776367,47.09000015258789,46.15999984741211,46.70000076293945,40.46717834472656,32971700
2015-05-08,47.54999923706055,47.97999954223633,47.52000045776367,47.75,41.37704086303711,35364900
2015-05-11,47.54999923706055,47.90999984741211,47.369998931884766,47.369998931884766,41.04775619506836,24609400
2015-05-12,46.849998474121094,47.68000030517578,46.41999816894531,47.349998474121094,41.03042221069336,29928300
2015-05-13,48.189998626708984,48.31999969482422,47.56999969482422,47.630001068115234,41.27305603027344,34184600
2015-05-14,48.029998779296875,48.81999969482422,48.029998779296875,48.720001220703125,42.21759033203125,32980900
2015-05-15,48.869998931884766,48.90999984741211,48.04999923706055,48.29999923706055,41.8536376953125,28642700
2015-05-18,47.97999954223633,48.220001220703125,47.61000061035156,48.0099983215332,41.60234451293945,24136500
2015-05-19,47.560001373291016,47.810001373291016,47.18000030517578,47.58000183105469,41.4976921081543,28574800
2015-05-20,47.38999938964844,47.93000030517578,47.27000045776367,47.58000183105469,41.4976921081543,25047900
2015-05-21,47.279998779296875,47.599998474121094,47.0099983215332,47.41999816894531,41.3581428527832,22410700
2015-05-22,47.29999923706055,47.349998474121094,46.81999969482422,46.900001525878906,40.90460205078125,25720600
2015-05-26,46.83000183105469,46.880001068115234,46.189998626708984,46.59000015258789,40.634246826171875,29581900
2015-05-27,46.81999969482422,47.77000045776367,46.619998931884766,47.61000061035156,41.52384567260742,27335600
2015-05-28,47.5,48.02000045776367,47.38999938964844,47.45000076293945,41.38431167602539,19283700
2015-05-29,47.43000030517578,47.56999969482422,46.59000015258789,46.86000061035156,40.869720458984375,36519600
2015-06-01,47.060001373291016,47.77000045776367,46.619998931884766,47.22999954223633,41.19242477416992,28837300
2015-06-02,46.93000030517578,47.349998474121094,46.619998931884766,46.91999816894531,40.922054290771484,21498300
2015-06-03,47.369998931884766,47.7400016784668,46.81999969482422,46.849998474121094,40.86100387573242,28002200
2015-06-04,46.790000915527344,47.15999984741211,46.20000076293945,46.36000061035156,40.43363952636719,27745500
2015-06-05,46.310001373291016,46.52000045776367,45.84000015258789,46.13999938964844,40.24176788330078,25438100
2015-06-08,46.29999923706055,46.43000030517578,45.66999816894531,45.72999954223633,39.884178161621094,22121600
2015-06-09,45.7599983215332,45.939998626708984,45.459999084472656,45.650001525878906,39.81440353393555,24406100
2015-06-10,45.790000915527344,46.83000183105469,45.689998626708984,46.61000061035156,40.65167999267578,28417400
2015-06-11,46.65999984741211,46.91999816894531,46.130001068115234,46.439998626708984,40.50341796875,27347800
2015-06-12,46.220001220703125,46.470001220703125,45.900001525878906,45.970001220703125,40.09349060058594,23931000
2015-06-15,45.45000076293945,45.650001525878906,45.02000045776367,45.47999954223633,39.6661376953125,33254500
2015-06-16,45.349998474121094,46.2400016784668,45.29999923706055,45.83000183105469,39.97139358520508,27070300
2015-06-17,45.72999954223633,46.06999969482422,45.36000061035156,45.970001220703125,40.09349060058594,28704100
2015-06-18,46.220001220703125,46.79999923706055,46.16999816894531,46.720001220703125,40.74762725830078,32658300
2015-06-19,46.790000915527344,46.83000183105469,45.9900016784668,46.099998474121094,40.20686721801758,63837000
2015-06-22,46.33000183105469,46.720001220703125,46.15999984741211,46.22999954223633,40.320255279541016,20318100
2015-06-23,46.130001068115234,46.279998779296875,45.619998931884766,45.90999984741211,40.041168212890625,25896500
2015-06-24,45.66999816894531,46.25,45.54999923706055,45.63999938964844,39.80568313598633,34890900
2015-06-25,46.029998779296875,46.060001373291016,45.5,45.650001525878906,39.81440353393555,20616000
2015-06-26,45.650001525878906,46.279998779296875,45.029998779296875,45.2599983215332,39.474246978759766,49835300
2015-06-29,45.040000915527344,45.22999954223633,44.36000061035156,44.369998931884766,38.698036193847656,34081700
2015-06-30,44.709999084472656,44.720001220703125,43.939998626708984,44.150001525878906,38.50615310668945,35945400
2015-07-01,44.459999084472656,45.22999954223633,44.099998474121094,44.45000076293945,38.76780319213867,28343900
2015-07-02,44.47999954223633,44.75,44.060001373291016,44.400001525878906,38.724185943603516,21752000
2015-07-06,43.959999084472656,44.47999954223633,43.95000076293945,44.38999938964844,38.71546936035156,23034000
2015-07-07,44.34000015258789,44.4900016784668,43.31999969482422,44.29999923706055,38.63698196411133,36435800
2015-07-08,44.439998626708984,44.900001525878906,44.029998779296875,44.2400016784668,38.58464813232422,39785900
2015-07-09,44.75,45.220001220703125,44.5,44.52000045776367,38.8288459777832,32424700
2015-07-10,45.0099983215332,45.13999938964844,44.56999969482422,44.61000061035156,38.907344818115234,25465800
2015-07-13,44.97999954223633,45.619998931884766,44.95000076293945,45.540000915527344,39.71846389770508,28178300
2015-07-14,45.45000076293945,45.959999084472656,45.310001373291016,45.619998931884766,39.78824234008789,22880300
2015-07-15,45.68000030517578,45.88999938964844,45.43000030517578,45.7599983215332,39.91034698486328,26629600
2015-07-16,46.0099983215332,46.689998626708984,45.970001220703125,46.65999984741211,40.69529342651367,26271700
2015-07-17,46.54999923706055,46.779998779296875,46.2599983215332,46.619998931884766,40.660404205322266,29467100
2015-07-20,46.650001525878906,47.130001068115234,46.439998626708984,46.91999816894531,40.922054290771484,30631900
2015-07-21,46.779998779296875,47.33000183105469,46.47999954223633,47.279998779296875,41.23603439331055,42781900
2015-07-22,45.439998626708984,46.93000030517578,45.20000076293945,45.540000915527344,39.71846389770508,59152400
2015-07-23,45.27000045776367,46.22999954223633,45.099998474121094,46.11000061035156,40.21560287475586,33934000
2015-07-24,45.90999984741211,46.31999969482422,45.79999923706055,45.939998626708984,40.06733703613281,32333200
2015-07-27,45.939998626708984,46.0099983215332,45.25,45.349998474121094,39.55274963378906,39701400
2015-07-28,45.58000183105469,45.63999938964844,44.790000915527344,45.34000015258789,39.54403305053711,34328900
2015-07-29,45.400001525878906,46.779998779296875,45.2599983215332,46.290000915527344,40.37258529663086,40945900
2015-07-30,46.2599983215332,47.400001525878906,45.93000030517578,46.880001068115234,40.887168884277344,39777900
2015-07-31,47.290000915527344,47.369998931884766,46.5,46.70000076293945,40.73016357421875,31201500
2015-08-03,46.97999954223633,47.0,46.45000076293945,46.810001373291016,40.826114654541016,24125900
2015-08-04,46.75,47.709999084472656,46.68000030517578,47.540000915527344,41.462799072265625,33403900
2015-08-05,47.97999954223633,48.40999984741211,47.540000915527344,47.58000183105469,41.4976921081543,26959700
2015-08-06,47.709999084472656,47.77000045776367,46.33000183105469,46.619998931884766,40.660404205322266,27368000
2015-08-07,46.38999938964844,46.779998779296875,46.2599983215332,46.7400016784668,40.765071868896484,19163000
2015-08-10,46.95000076293945,47.4900016784668,46.84000015258789,47.33000183105469,41.27964401245117,23079900
2015-08-11,46.81999969482422,46.939998626708984,45.900001525878906,46.40999984741211,40.47724151611328,29237400
2015-08-12,46.189998626708984,46.900001525878906,45.709999084472656,46.7400016784668,40.765071868896484,30181400
2015-08-13,47.060001373291016,47.099998474121094,46.4900016784668,46.72999954223633,40.75634002685547,22627200
2015-08-14,46.529998779296875,47.099998474121094,46.52000045776367,47.0,40.99182891845703,21473400
2015-08-17,46.810001373291016,47.45000076293945,46.56999969482422,47.31999969482422,41.27092361450195,21099700
2015-08-18,46.84000015258789,47.43000030517578,46.70000076293945,47.27000045776367,41.49918746948242,23574100
2015-08-19,46.779998779296875,47.08000183105469,46.29999923706055,46.61000061035156,40.91975402832031,31485500
2015-08-20,46.06999969482422,46.470001220703125,45.65999984741211,45.65999984741211,40.085723876953125,36238200
2015-08-21,45.29999923706055,45.47999954223633,43.06999969482422,43.06999969482422,37.81191635131836,70053100
2015-08-24,40.45000076293945,42.689998626708984,39.720001220703125,41.68000030517578,36.59162902832031,88753700
2015-08-25,42.56999969482422,43.2400016784668,40.38999938964844,40.470001220703125,35.52933120727539,70616600
2015-08-26,42.0099983215332,42.84000015258789,41.060001373291016,42.709999084472656,37.495872497558594,63408000
2015-08-27,43.22999954223633,43.95000076293945,42.93000030517578,43.900001525878906,38.54059600830078,50943200
2015-08-28,43.400001525878906,44.150001525878906,43.38999938964844,43.93000030517578,38.56692886352539,28246700
2015-08-31,43.560001373291016,43.93000030517578,43.099998474121094,43.52000045776367,38.20698928833008,34441700
2015-09-01,42.16999816894531,42.59000015258789,41.65999984741211,41.81999969482422,36.71452331542969,49688900
2015-09-02,42.36000061035156,43.380001068115234,41.880001068115234,43.36000061035156,38.0665168762207,37671500
2015-09-03,43.40999984741211,43.97999954223633,43.279998779296875,43.5,38.1894416809082,28285200
2015-09-04,42.810001373291016,43.040000915527344,42.20000076293945,42.61000061035156,37.4080810546875,37138800
2015-09-08,43.29999923706055,44.0,43.20000076293945,43.88999938964844,38.53181838989258,32469800
2015-09-09,44.209999084472656,44.400001525878906,42.90999984741211,43.06999969482422,37.81191635131836,33469500
2015-09-10,43.119998931884766,43.790000915527344,42.75,43.290000915527344,38.005069732666016,31366600
2015-09-11,43.13999938964844,43.59000015258789,42.939998626708984,43.47999954223633,38.171871185302734,27132500
2015-09-14,43.43000030517578,43.439998626708984,42.86000061035156,43.040000915527344,37.78559112548828,23656000
2015-09-15,43.189998626708984,44.290000915527344,43.08000183105469,43.97999954223633,38.6108283996582,28882200
2015-09-16,43.970001220703125,44.380001068115234,43.84000015258789,44.29999923706055,38.89176559448242,23372200
2015-09-17,44.290000915527344,45.0,44.08000183105469,44.25,38.84785842895508,32768200
2015-09-18,43.5,43.9900016784668,43.33000183105469,43.47999954223633,38.171871185302734,63143700
2015-09-21,43.619998931884766,44.470001220703125,43.599998474121094,44.11000061035156,38.72496795654297,26177200
2015-09-22,43.380001068115234,44.04999923706055,43.310001373291016,43.900001525878906,38.54059600830078,28085900
2015-09-23,43.93000030517578,44.16999816894531,43.5099983215332,43.869998931884766,38.51425552368164,17145200
2015-09-24,43.45000076293945,44.130001068115234,43.27000045776367,43.90999984741211,38.54936599731445,27905600
2015-09-25,44.47999954223633,44.72999954223633,43.7599983215332,43.939998626708984,38.57570266723633,29384600
2015-09-28,43.83000183105469,44.09000015258789,43.209999084472656,43.290000915527344,38.005069732666016,27613800
2015-09-29,43.369998931884766,43.56999969482422,43.04999923706055,43.439998626708984,38.136749267578125,32763600
2015-09-30,43.880001068115234,44.29999923706055,43.65999984741211,44.2599983215332,38.85664367675781,34958900
2015-10-01,44.75,44.75,43.75,44.61000061035156,39.163909912109375,28657900
2015-10-02,44.27000045776367,45.56999969482422,43.91999816894531,45.56999969482422,40.006717681884766,41839000
2015-10-05,45.75,46.88999938964844,45.70000076293945,46.630001068115234,40.93732452392578,34369300
2015-10-06,46.33000183105469,47.18000030517578,46.220001220703125,46.75,41.04267120361328,27017200
2015-10-07,47.099998474121094,47.349998474121094,45.95000076293945,46.79999923706055,41.08656311035156,27711500
2015-10-08,46.560001373291016,47.52000045776367,46.5,47.45000076293945,41.65721130371094,33772700
2015-10-09,47.45000076293945,47.540000915527344,46.91999816894531,47.11000061035156,41.35871124267578,28600600
2015-10-12,46.97999954223633,47.06999969482422,46.5,47.0,41.262149810791016,19769100
2015-10-13,46.560001373291016,47.130001068115234,46.560001373291016,46.88999938964844,41.16556930541992,19987800
2015-10-14,46.650001525878906,47.099998474121094,46.529998779296875,46.68000030517578,40.981197357177734,24697800
2015-10-15,47.0099983215332,47.029998779296875,46.529998779296875,47.0099983215332,41.27091979980469,27189400
2015-10-16,47.02000045776367,47.540000915527344,46.900001525878906,47.5099983215332,41.70988082885742,26450300
2015-10-19,47.41999816894531,47.880001068115234,47.02000045776367,47.619998931884766,41.806453704833984,29387600
2015-10-20,47.439998626708984,47.810001373291016,47.02000045776367,47.77000045776367,41.938140869140625,30802200
2015-10-21,47.91999816894531,47.9900016784668,47.11000061035156,47.20000076293945,41.437713623046875,25144300
2015-10-22,47.529998779296875,48.95000076293945,47.09000015258789,48.029998779296875,42.166385650634766,56637100
2015-10-23,52.29999923706055,54.06999969482422,52.25,52.869998931884766,46.4155158996582,135227100
2015-10-26,52.529998779296875,54.31999969482422,52.5,54.25,47.62704849243164,64633300
2015-10-27,53.9900016784668,54.369998931884766,53.58000183105469,53.689998626708984,47.13542938232422,50999900
2015-10-28,53.540000915527344,53.97999954223633,52.86000061035156,53.97999954223633,47.390018463134766,47000800
2015-10-29,53.540000915527344,53.83000183105469,53.220001220703125,53.36000061035156,46.8456916809082,30202100
2015-10-30,53.31999969482422,53.9900016784668,52.619998931884766,52.63999938964844,46.21360397338867,46619800
2015-11-02,52.849998474121094,53.36000061035156,52.619998931884766,53.2400016784668,46.74034881591797,30285000
2015-11-03,52.93000030517578,54.38999938964844,52.900001525878906,54.150001525878906,47.53926086425781,36596900
2015-11-04,54.18000030517578,54.880001068115234,54.060001373291016,54.400001525878906,47.75873947143555,37087800
2015-11-05,54.4900016784668,54.70000076293945,54.0,54.380001068115234,47.74117660522461,31468500
2015-11-06,54.09000015258789,54.97999954223633,53.959999084472656,54.91999816894531,48.21525192260742,32851200
2015-11-09,54.54999923706055,54.869998931884766,53.560001373291016,54.15999984741211,47.54803466796875,32513100
2015-11-10,54.06999969482422,54.130001068115234,53.27000045776367,53.5099983215332,46.97739028930664,55283700
2015-11-11,53.70000076293945,54.20000076293945,53.459999084472656,53.650001525878906,47.10028839111328,36516300
2015-11-12,53.47999954223633,53.97999954223633,53.189998626708984,53.31999969482422,46.81059265136719,35361100
2015-11-13,53.06999969482422,53.290000915527344,52.529998779296875,52.84000015258789,46.38917541503906,36848200
2015-11-16,53.08000183105469,53.88999938964844,52.849998474121094,53.77000045776367,47.20564270019531,32165200
2015-11-17,53.16999816894531,53.529998779296875,52.849998474121094,52.970001220703125,46.8167610168457,31551300
2015-11-18,53.0,53.97999954223633,52.97999954223633,53.849998474121094,47.594539642333984,29710000
2015-11-19,53.9900016784668,54.65999984741211,53.779998779296875,53.939998626708984,47.674072265625,28149200
2015-11-20,54.25,54.29999923706055,53.27000045776367,54.189998626708984,47.8950309753418,37147600
2015-11-23,54.25,54.459999084472656,53.75,54.189998626708984,47.8950309753418,28235900
2015-11-24,53.91999816894531,54.439998626708984,53.58000183105469,54.25,47.94806671142578,24600000
2015-11-25,54.09000015258789,54.22999954223633,53.689998626708984,53.689998626708984,47.4531364440918,21005100
2015-11-27,53.79999923706055,54.08000183105469,53.790000915527344,53.93000030517578,47.665245056152344,9009100
2015-11-30,54.540000915527344,54.959999084472656,54.0,54.349998474121094,48.03643798828125,56241400
2015-12-01,54.40999984741211,55.22999954223633,54.29999923706055,55.220001220703125,48.805389404296875,39952800
2015-12-02,55.31999969482422,55.959999084472656,55.060001373291016,55.209999084472656,48.79654312133789,47274900
2015-12-03,55.4900016784668,55.77000045776367,53.93000030517578,54.20000076293945,47.90386199951172,38627800
2015-12-04,54.119998931884766,56.22999954223633,54.099998474121094,55.90999984741211,49.41523361206055,43963700
2015-12-07,55.790000915527344,55.970001220703125,55.290000915527344,55.810001373291016,49.32684326171875,30709800
2015-12-08,55.470001220703125,56.099998474121094,54.9900016784668,55.790000915527344,49.309181213378906,32878000
2015-12-09,55.369998931884766,55.869998931884766,54.5099983215332,54.97999954223633,48.59326171875,36373200
2015-12-10,55.38999938964844,55.65999984741211,55.0099983215332,55.27000045776367,48.84959411621094,31775800
2015-12-11,54.709999084472656,55.099998474121094,54.0099983215332,54.060001373291016,47.780147552490234,39549500
2015-12-14,54.33000183105469,55.209999084472656,53.68000030517578,55.13999938964844,48.734676361083984,46768900
2015-12-15,55.65999984741211,55.900001525878906,55.09000015258789,55.20000076293945,48.7877197265625,39843000
2015-12-16,55.540000915527344,56.25,54.7599983215332,56.130001068115234,49.60968017578125,37503300
2015-12-17,56.36000061035156,56.790000915527344,55.529998779296875,55.70000076293945,49.229637145996094,41280900
2015-12-18,55.77000045776367,56.0,54.029998779296875,54.130001068115234,47.84199905395508,84684200
2015-12-21,54.880001068115234,55.349998474121094,54.22999954223633,54.83000183105469,48.46070098876953,37246300
2015-12-22,54.9900016784668,55.47999954223633,54.5,55.349998474121094,48.92028045654297,28322200
2015-12-23,55.70000076293945,55.880001068115234,55.439998626708984,55.81999969482422,49.335689544677734,27279800
2015-12-24,55.86000061035156,55.959999084472656,55.43000030517578,55.66999816894531,49.20310974121094,9558500
2015-12-28,55.349998474121094,55.95000076293945,54.97999954223633,55.95000076293945,49.450592041015625,22458300
2015-12-29,56.290000915527344,56.849998474121094,56.060001373291016,56.54999923706055,49.980892181396484,27731400
2015-12-30,56.470001220703125,56.779998779296875,56.290000915527344,56.310001373291016,49.76878356933594,21704500
2015-12-31,56.040000915527344,56.189998626708984,55.41999816894531,55.47999954223633,49.035194396972656,27334100
2016-01-04,54.31999969482422,54.79999923706055,53.38999938964844,54.79999923706055,48.434173583984375,53778000
2016-01-05,54.93000030517578,55.38999938964844,54.540000915527344,55.04999923706055,48.65514373779297,34079700
2016-01-06,54.31999969482422,54.400001525878906,53.63999938964844,54.04999923706055,47.77130126953125,39518900
2016-01-07,52.70000076293945,53.4900016784668,52.06999969482422,52.16999816894531,46.10969543457031,56564900
2016-01-08,52.369998931884766,53.279998779296875,52.150001525878906,52.33000183105469,46.25110626220703,48754000
2016-01-11,52.5099983215332,52.849998474121094,51.459999084472656,52.29999923706055,46.22458267211914,36943800
2016-01-12,52.7599983215332,53.099998474121094,52.060001373291016,52.779998779296875,46.648834228515625,36095500
2016-01-13,53.79999923706055,54.06999969482422,51.29999923706055,51.63999938964844,45.641258239746094,66883600
2016-01-14,52.0,53.41999816894531,51.56999969482422,53.11000061035156,46.940494537353516,52381900
2016-01-15,51.310001373291016,51.970001220703125,50.34000015258789,50.9900016784668,45.0667724609375,71820700
2016-01-19,51.47999954223633,51.68000030517578,50.060001373291016,50.560001373291016,44.68671798706055,43564500
2016-01-20,49.97999954223633,51.380001068115234,49.099998474121094,50.790000915527344,44.89000701904297,63273000
2016-01-21,51.0,51.58000183105469,50.29999923706055,50.47999954223633,44.61600875854492,40191200
2016-01-22,51.40999984741211,52.33000183105469,51.2599983215332,52.290000915527344,46.21575164794922,37555800
2016-01-25,51.939998626708984,52.650001525878906,51.650001525878906,51.790000915527344,45.77383041381836,34707700
2016-01-26,51.790000915527344,52.439998626708984,51.54999923706055,52.16999816894531,46.10969543457031,28900800
2016-01-27,52.0099983215332,52.20000076293945,51.02000045776367,51.220001220703125,45.27006149291992,36775200
2016-01-28,51.86000061035156,52.209999084472656,51.25,52.060001373291016,46.0124626159668,62513800
2016-01-29,54.72999954223633,55.09000015258789,54.0,55.09000015258789,48.69049072265625,83611700
2016-02-01,54.880001068115234,55.09000015258789,54.5,54.709999084472656,48.35462951660156,44208500
2016-02-02,54.16999816894531,54.2599983215332,52.650001525878906,53.0,46.84328079223633,56313800
2016-02-03,53.25,53.38999938964844,51.2599983215332,52.15999984741211,46.100868225097656,57559800
2016-02-04,52.099998474121094,52.810001373291016,51.369998931884766,52.0,45.959434509277344,46987100
2016-02-05,51.939998626708984,52.0,49.560001373291016,50.15999984741211,44.33319091796875,62009000
2016-02-08,49.54999923706055,49.56999969482422,48.189998626708984,49.40999984741211,43.67031478881836,59290500
2016-02-09,49.02000045776367,50.2400016784668,48.66999816894531,49.279998779296875,43.555397033691406,46740500
2016-02-10,49.88999938964844,50.38999938964844,49.52000045776367,49.709999084472656,43.93547058105469,38237000
2016-02-11,48.68000030517578,50.11000061035156,48.5099983215332,49.689998626708984,43.91778564453125,48878600
2016-02-12,50.25,50.68000030517578,49.75,50.5,44.63368225097656,34243300
2016-02-16,50.900001525878906,51.09000015258789,50.130001068115234,51.09000015258789,45.4793586730957,37291200
2016-02-17,51.4900016784668,52.77000045776367,51.45000076293945,52.41999816894531,46.66330337524414,40789000
2016-02-18,52.33000183105469,52.95000076293945,52.099998474121094,52.189998626708984,46.45856475830078,27176000
2016-02-19,51.970001220703125,52.279998779296875,51.529998779296875,51.81999969482422,46.12919235229492,33559100
2016-02-22,52.279998779296875,53.0,52.279998779296875,52.650001525878906,46.86803436279297,25008300
2016-02-23,52.34000015258789,52.369998931884766,50.97999954223633,51.18000030517578,45.559471130371094,28895300
2016-02-24,50.689998626708984,51.5,50.20000076293945,51.36000061035156,45.719703674316406,33014500
2016-02-25,51.72999954223633,52.099998474121094,50.61000061035156,52.099998474121094,46.378448486328125,26939500
2016-02-26,52.599998474121094,52.68000030517578,51.099998474121094,51.29999923706055,45.666290283203125,35975900
2016-02-29,51.349998474121094,51.650001525878906,50.65999984741211,50.880001068115234,45.292423248291016,31654000
2016-03-01,50.970001220703125,52.59000015258789,50.91999816894531,52.58000183105469,46.80573654174805,33024500
2016-03-02,52.40999984741211,52.959999084472656,52.15999984741211,52.95000076293945,47.13508224487305,29289900
2016-03-03,52.970001220703125,52.970001220703125,51.779998779296875,52.349998474121094,46.600982666015625,24427800
2016-03-04,52.400001525878906,52.45000076293945,51.709999084472656,52.029998779296875,46.316131591796875,33034200
2016-03-07,51.560001373291016,51.79999923706055,50.58000183105469,51.029998779296875,45.425941467285156,38407800
2016-03-08,50.79999923706055,52.130001068115234,50.599998474121094,51.650001525878906,45.977848052978516,33835100
2016-03-09,51.88999938964844,52.849998474121094,51.86000061035156,52.84000015258789,47.03718185424805,28251600
2016-03-10,52.93000030517578,52.939998626708984,51.15999984741211,52.04999923706055,46.33393096923828,38387800
2016-03-11,53.0,53.06999969482422,52.380001068115234,53.06999969482422,47.24190902709961,32275700
2016-03-14,52.709999084472656,53.59000015258789,52.630001068115234,53.16999816894531,47.33094024658203,24083600
2016-03-15,52.75,53.59000015258789,52.7400016784668,53.59000015258789,47.70481872558594,21104800
2016-03-16,53.45000076293945,54.599998474121094,53.400001525878906,54.349998474121094,48.3813362121582,31691700
2016-03-17,54.209999084472656,55.0,54.0,54.65999984741211,48.657310485839844,28223900
2016-03-18,54.91999816894531,54.970001220703125,53.45000076293945,53.4900016784668,47.61579513549805,67625500
2016-03-21,53.25,53.93000030517578,52.93000030517578,53.86000061035156,47.94516372680664,23925700
2016-03-22,53.61000061035156,54.25,53.459999084472656,54.06999969482422,48.1320915222168,23124100
2016-03-23,54.11000061035156,54.2400016784668,53.7400016784668,53.970001220703125,48.0430908203125,20129000
2016-03-24,53.84000015258789,54.33000183105469,53.72999954223633,54.209999084472656,48.25672149658203,19950000
2016-03-28,54.209999084472656,54.290000915527344,53.33000183105469,53.540000915527344,47.660301208496094,17025100
2016-03-29,53.65999984741211,54.86000061035156,53.45000076293945,54.709999084472656,48.701812744140625,23924300
2016-03-30,54.93000030517578,55.63999938964844,54.900001525878906,55.04999923706055,49.004478454589844,23008300
2016-03-31,54.95000076293945,55.59000015258789,54.86000061035156,55.22999954223633,49.16470718383789,26360500
2016-04-01,55.04999923706055,55.61000061035156,54.56999969482422,55.56999969482422,49.467376708984375,24399200
2016-04-04,55.43000030517578,55.65999984741211,55.0,55.43000030517578,49.34274673461914,18928800
2016-04-05,55.189998626708984,55.29999923706055,54.459999084472656,54.560001373291016,48.56827926635742,19272300
2016-04-06,54.36000061035156,55.20000076293945,54.209999084472656,55.119998931884766,49.06679153442383,21188700
2016-04-07,54.869998931884766,54.90999984741211,54.22999954223633,54.459999084472656,48.47926330566406,19225100
2016-04-08,54.66999816894531,55.279998779296875,54.31999969482422,54.41999816894531,48.443660736083984,22167200
2016-04-11,54.4900016784668,55.150001525878906,54.29999923706055,54.310001373291016,48.34574508666992,21414200
2016-04-12,54.369998931884766,54.779998779296875,53.7599983215332,54.650001525878906,48.648399353027344,24944300
2016-04-13,55.119998931884766,55.439998626708984,54.88999938964844,55.349998474121094,49.27152633666992,20818000
2016-04-14,55.220001220703125,55.58000183105469,55.06999969482422,55.36000061035156,49.280433654785156,20877100
2016-04-15,55.29999923706055,55.91999816894531,55.11000061035156,55.650001525878906,49.53858947753906,28793800
2016-04-18,55.4900016784668,56.59000015258789,55.209999084472656,56.459999084472656,50.25962829589844,23786000
2016-04-19,56.630001068115234,56.77000045776367,55.68000030517578,56.38999938964844,50.19732666015625,29596800
2016-04-20,56.290000915527344,56.5,55.4900016784668,55.59000015258789,49.485164642333984,36195700
2016-04-21,55.79999923706055,56.22999954223633,55.41999816894531,55.779998779296875,49.65430450439453,38909100
2016-04-22,51.90999984741211,52.43000030517578,50.77000045776367,51.779998779296875,46.09359359741211,126834100
2016-04-25,51.779998779296875,52.130001068115234,51.630001068115234,52.11000061035156,46.38734436035156,33226900
2016-04-26,52.2599983215332,52.349998474121094,51.09000015258789,51.439998626708984,45.790916442871094,33532600
2016-04-27,51.47999954223633,51.5,50.54999923706055,50.939998626708984,45.345829010009766,43369300
2016-04-28,50.619998931884766,50.77000045776367,49.560001373291016,49.900001525878906,44.420047760009766,43134800
2016-04-29,49.349998474121094,50.25,49.349998474121094,49.869998931884766,44.393333435058594,48411700
2016-05-02,50.0,50.75,49.779998779296875,50.61000061035156,45.05207061767578,33114500
2016-05-03,50.34000015258789,50.40999984741211,49.599998474121094,49.779998779296875,44.31321334838867,26460200
2016-05-04,49.84000015258789,50.060001373291016,49.459999084472656,49.869998931884766,44.393333435058594,24257600
2016-05-05,49.869998931884766,50.29999923706055,49.72999954223633,49.939998626708984,44.455650329589844,25390700
2016-05-06,49.91999816894531,50.38999938964844,49.65999984741211,50.38999938964844,44.856224060058594,24787300
2016-05-09,50.4900016784668,50.59000015258789,50.0,50.06999969482422,44.57136917114258,17951600
2016-05-10,50.33000183105469,51.099998474121094,50.189998626708984,51.02000045776367,45.41704559326172,22891000
2016-05-11,51.130001068115234,51.779998779296875,51.0,51.04999923706055,45.443748474121094,24039100
2016-05-12,51.20000076293945,51.810001373291016,50.91999816894531,51.5099983215332,45.853233337402344,24102800
2016-05-13,51.439998626708984,51.900001525878906,51.040000915527344,51.08000183105469,45.470458984375,22592300
2016-05-16,50.79999923706055,51.959999084472656,50.75,51.83000183105469,46.13808059692383,20032000
2016-05-17,51.720001220703125,51.72999954223633,50.36000061035156,50.5099983215332,45.27754211425781,27803500
2016-05-18,50.47999954223633,51.13999938964844,50.29999923706055,50.810001373291016,45.54646301269531,24907500
2016-05-19,50.470001220703125,50.619998931884766,49.81999969482422,50.31999969482422,45.10722732543945,23842400
2016-05-20,50.47999954223633,51.220001220703125,50.400001525878906,50.619998931884766,45.37614440917969,23905800
2016-05-23,50.599998474121094,50.68000030517578,49.97999954223633,50.029998779296875,44.847259521484375,26118700
2016-05-24,50.70000076293945,51.709999084472656,50.400001525878906,51.59000015258789,46.24565505981445,34757900
2016-05-25,51.91999816894531,52.4900016784668,51.790000915527344,52.119998931884766,46.720760345458984,24040200
2016-05-26,51.93000030517578,51.97999954223633,51.36000061035156,51.88999938964844,46.51457595825195,24335200
2016-05-27,51.91999816894531,52.31999969482422,51.77000045776367,52.31999969482422,46.900047302246094,17721400
2016-05-31,52.2599983215332,53.0,52.08000183105469,53.0,47.50959014892578,37653100
2016-06-01,52.439998626708984,52.95000076293945,52.439998626708984,52.849998474121094,47.3751335144043,25324800
2016-06-02,52.63999938964844,52.7400016784668,51.84000015258789,52.47999954223633,47.043453216552734,22840800
2016-06-03,52.380001068115234,52.41999816894531,51.599998474121094,51.790000915527344,46.42494583129883,23368300
2016-06-06,51.9900016784668,52.349998474121094,51.88999938964844,52.130001068115234,46.729736328125,18243300
2016-06-07,52.2400016784668,52.72999954223633,52.099998474121094,52.099998474121094,46.702842712402344,20866800
2016-06-08,52.02000045776367,52.439998626708984,51.869998931884766,52.040000915527344,46.6490592956543,21149400
2016-06-09,52.0,52.0,51.4900016784668,51.619998931884766,46.272552490234375,20305700
2016-06-10,51.04999923706055,52.04999923706055,51.040000915527344,51.47999954223633,46.14706039428711,25833200
2016-06-13,49.58000183105469,50.720001220703125,49.060001373291016,50.13999938964844,44.94586944580078,83217800
2016-06-14,49.900001525878906,50.099998474121094,49.56999969482422,49.83000183105469,44.66798400878906,42577100
2016-06-15,49.779998779296875,50.119998931884766,49.689998626708984,49.689998626708984,44.542484283447266,33757600
2016-06-16,49.52000045776367,50.470001220703125,49.5099983215332,50.38999938964844,45.16996765136719,31188600
2016-06-17,50.40999984741211,50.43000030517578,49.81999969482422,50.130001068115234,44.93690490722656,45710500
2016-06-20,50.63999938964844,50.83000183105469,50.029998779296875,50.06999969482422,44.883121490478516,35607900
2016-06-21,50.20000076293945,51.43000030517578,50.15999984741211,51.189998626708984,45.8870964050293,34097800
2016-06-22,51.08000183105469,51.459999084472656,50.95000076293945,50.9900016784668,45.707820892333984,28816800
2016-06-23,51.279998779296875,52.060001373291016,51.150001525878906,51.90999984741211,46.53251266479492,29028800
2016-06-24,49.810001373291016,50.939998626708984,49.52000045776367,49.83000183105469,44.66798400878906,133503000
2016-06-27,49.099998474121094,49.150001525878906,48.040000915527344,48.43000030517578,43.41301345825195,50216300
2016-06-28,48.91999816894531,49.470001220703125,48.66999816894531,49.439998626708984,44.31837463378906,38140700
2016-06-29,49.90999984741211,50.720001220703125,49.79999923706055,50.540000915527344,45.30443572998047,31304000
2016-06-30,50.720001220703125,51.29999923706055,50.5,51.16999816894531,45.86915969848633,28527800
2016-07-01,51.130001068115234,51.720001220703125,51.06999969482422,51.15999984741211,45.86019515991211,21400400
2016-07-05,50.83000183105469,51.279998779296875,50.7400016784668,51.16999816894531,45.86915969848633,24806400
2016-07-06,50.779998779296875,51.540000915527344,50.38999938964844,51.380001068115234,46.05742263793945,28167500
2016-07-07,51.41999816894531,51.61000061035156,51.06999969482422,51.380001068115234,46.05742263793945,19585200
2016-07-08,51.72999954223633,52.36000061035156,51.54999923706055,52.29999923706055,46.88211441040039,28391000
2016-07-11,52.5,52.83000183105469,52.470001220703125,52.59000015258789,47.142066955566406,22269200
2016-07-12,52.939998626708984,53.400001525878906,52.790000915527344,53.209999084472656,47.697837829589844,27317600
2016-07-13,53.560001373291016,53.86000061035156,53.18000030517578,53.5099983215332,47.966766357421875,25356800
2016-07-14,53.84000015258789,53.9900016784668,53.58000183105469,53.7400016784668,48.17293930053711,24545500
2016-07-15,53.95000076293945,54.0,53.209999084472656,53.70000076293945,48.1370735168457,32024400
2016-07-18,53.70000076293945,54.34000015258789,53.54999923706055,53.959999084472656,48.37014389038086,31433900
2016-07-19,53.709999084472656,53.900001525878906,52.93000030517578,53.09000015258789,47.59027099609375,53336500
2016-07-20,56.150001525878906,56.84000015258789,55.529998779296875,55.90999984741211,50.11814880371094,89893300
2016-07-21,55.97999954223633,56.22999954223633,55.7599983215332,55.79999923706055,50.01953887939453,32776700
2016-07-22,56.08000183105469,56.630001068115234,55.779998779296875,56.56999969482422,50.70976638793945,32157200
2016-07-25,56.470001220703125,56.7400016784668,56.2599983215332,56.72999954223633,50.85319519042969,25610600
2016-07-26,56.52000045776367,57.290000915527344,56.5099983215332,56.7599983215332,50.88008499145508,28079000
2016-07-27,56.61000061035156,56.79999923706055,56.11000061035156,56.189998626708984,50.36913299560547,32327500
2016-07-28,56.0,56.369998931884766,55.720001220703125,56.209999084472656,50.38705825805664,37550400
2016-07-29,56.2599983215332,56.7599983215332,56.04999923706055,56.68000030517578,50.80837631225586,30558700
2016-08-01,56.599998474121094,56.75,56.13999938964844,56.58000183105469,50.7187385559082,26003400
2016-08-02,56.849998474121094,56.900001525878906,56.310001373291016,56.58000183105469,50.7187385559082,35122000
2016-08-03,56.68000030517578,57.11000061035156,56.4900016784668,56.970001220703125,51.06834030151367,22075600
2016-08-04,56.79999923706055,57.52000045776367,56.66999816894531,57.38999938964844,51.4448356628418,26587700
2016-08-05,57.650001525878906,58.209999084472656,57.45000076293945,57.959999084472656,51.95577621459961,29335200
2016-08-08,58.060001373291016,58.09000015258789,57.779998779296875,58.060001373291016,52.04541778564453,19473500
2016-08-09,58.16999816894531,58.5,58.02000045776367,58.20000076293945,52.17091751098633,16920700
2016-08-10,58.15999984741211,58.31999969482422,57.81999969482422,58.02000045776367,52.009552001953125,15756900
2016-08-11,58.029998779296875,58.45000076293945,58.029998779296875,58.29999923706055,52.26055145263672,18162300
2016-08-12,58.029998779296875,58.189998626708984,57.619998931884766,57.939998626708984,51.93784713745117,21655200
2016-08-15,58.0099983215332,58.5,57.959999084472656,58.119998931884766,52.09919357299805,19283900
2016-08-16,57.61000061035156,57.619998931884766,57.27000045776367,57.439998626708984,51.81056594848633,20523500
2016-08-17,57.540000915527344,57.68000030517578,57.22999954223633,57.560001373291016,51.91880416870117,18856400
2016-08-18,57.41999816894531,57.70000076293945,57.27000045776367,57.599998474121094,51.95488357543945,14214300
2016-08-19,57.43000030517578,57.72999954223633,57.20000076293945,57.619998931884766,51.97290802001953,17271000
2016-08-22,57.599998474121094,57.75,57.2599983215332,57.66999816894531,52.01801681518555,15221900
2016-08-23,57.900001525878906,58.18000030517578,57.849998474121094,57.88999938964844,52.216453552246094,18732400
2016-08-24,57.79999923706055,58.040000915527344,57.720001220703125,57.95000076293945,52.27058792114258,18151500
2016-08-25,57.880001068115234,58.290000915527344,57.779998779296875,58.16999816894531,52.469017028808594,18552600
2016-08-26,58.279998779296875,58.70000076293945,57.689998626708984,58.029998779296875,52.342735290527344,20971200
2016-08-29,58.18000030517578,58.599998474121094,58.099998474121094,58.099998474121094,52.40586853027344,16417200
2016-08-30,57.97999954223633,58.189998626708984,57.61000061035156,57.88999938964844,52.216453552246094,16930200
2016-08-31,57.650001525878906,57.79999923706055,57.29999923706055,57.459999084472656,51.828609466552734,20860300
2016-09-01,57.0099983215332,57.81999969482422,57.0099983215332,57.59000015258789,51.94586181640625,26075400
2016-09-02,57.66999816894531,58.189998626708984,57.41999816894531,57.66999816894531,52.01801681518555,18900500
2016-09-06,57.779998779296875,57.79999923706055,57.209999084472656,57.61000061035156,51.963890075683594,16278400
2016-09-07,57.470001220703125,57.84000015258789,57.40999984741211,57.65999984741211,52.008995056152344,17493400
2016-09-08,57.630001068115234,57.790000915527344,57.18000030517578,57.43000030517578,51.801536560058594,20146100
2016-09-09,56.790000915527344,57.52000045776367,56.209999084472656,56.209999084472656,50.70110321044922,35113900
2016-09-12,56.0,57.209999084472656,55.61000061035156,57.04999923706055,51.45878601074219,29303000
2016-09-13,56.5,56.650001525878906,56.04999923706055,56.529998779296875,50.98974609375,30130200
2016-09-14,56.38999938964844,56.630001068115234,56.029998779296875,56.2599983215332,50.7462043762207,24062500
2016-09-15,56.150001525878906,57.349998474121094,55.97999954223633,57.189998626708984,51.58505630493164,26847000
2016-09-16,57.630001068115234,57.630001068115234,56.75,57.25,51.6391716003418,44607000
2016-09-19,57.27000045776367,57.75,56.849998474121094,56.93000030517578,51.35053634643555,20937100
2016-09-20,57.349998474121094,57.349998474121094,56.75,56.810001373291016,51.242305755615234,17384000
2016-09-21,57.5099983215332,57.849998474121094,57.08000183105469,57.7599983215332,52.09920120239258,33707300
2016-09-22,57.91999816894531,58.0,57.630001068115234,57.81999969482422,52.15331268310547,19822200
2016-09-23,57.869998931884766,57.90999984741211,57.380001068115234,57.43000030517578,51.801536560058594,19955300
2016-09-26,57.08000183105469,57.13999938964844,56.83000183105469,56.900001525878906,51.323490142822266,21688700
2016-09-27,56.93000030517578,58.060001373291016,56.68000030517578,57.95000076293945,52.27058792114258,28065100
2016-09-28,57.880001068115234,58.060001373291016,57.66999816894531,58.029998779296875,52.342735290527344,20536400
2016-09-29,57.810001373291016,58.16999816894531,57.209999084472656,57.400001525878906,51.77448272705078,25463500
2016-09-30,57.56999969482422,57.77000045776367,57.34000015258789,57.599998474121094,51.95488357543945,29910800
2016-10-03,57.40999984741211,57.54999923706055,57.060001373291016,57.41999816894531,51.792518615722656,19189500
2016-10-04,57.27000045776367,57.599998474121094,56.970001220703125,57.2400016784668,51.63016128540039,20085900
2016-10-05,57.290000915527344,57.959999084472656,57.2599983215332,57.63999938964844,51.9909782409668,16726400
2016-10-06,57.7400016784668,57.86000061035156,57.279998779296875,57.7400016784668,52.08115768432617,16212600
2016-10-07,57.849998474121094,57.97999954223633,57.41999816894531,57.79999923706055,52.13528060913086,20089000
2016-10-10,57.90999984741211,58.38999938964844,57.869998931884766,58.040000915527344,52.35175323486328,18196500
2016-10-11,57.88999938964844,58.02000045776367,56.88999938964844,57.189998626708984,51.58505630493164,26497400
2016-10-12,57.11000061035156,57.27000045776367,56.400001525878906,57.11000061035156,51.512916564941406,22177500
2016-10-13,56.70000076293945,57.29999923706055,56.31999969482422,56.91999816894531,51.341529846191406,25313700
2016-10-14,57.119998931884766,57.7400016784668,57.119998931884766,57.41999816894531,51.792518615722656,27402500
2016-10-17,57.36000061035156,57.459999084472656,56.869998931884766,57.220001220703125,51.612125396728516,23830000
2016-10-18,57.529998779296875,57.95000076293945,57.40999984741211,57.65999984741211,52.008995056152344,19149500
2016-10-19,57.470001220703125,57.84000015258789,57.400001525878906,57.529998779296875,51.89173889160156,22878400
2016-10-20,57.5,57.52000045776367,56.65999984741211,57.25,51.6391716003418,49455600
2016-10-21,60.279998779296875,60.45000076293945,59.4900016784668,59.65999984741211,53.81298065185547,80032200
2016-10-24,59.939998626708984,61.0,59.93000030517578,61.0,55.02165603637695,54067000
2016-10-25,60.849998474121094,61.369998931884766,60.79999923706055,60.9900016784668,55.012638092041016,35137200
2016-10-26,60.810001373291016,61.20000076293945,60.470001220703125,60.630001068115234,54.68792724609375,29911600
2016-10-27,60.61000061035156,60.83000183105469,60.09000015258789,60.099998474121094,54.209869384765625,28479900
2016-10-28,60.0099983215332,60.52000045776367,59.58000183105469,59.869998931884766,54.002410888671875,33574700
2016-10-31,60.15999984741211,60.41999816894531,59.91999816894531,59.91999816894531,54.047508239746094,26434700
2016-11-01,59.970001220703125,60.02000045776367,59.25,59.79999923706055,53.939273834228516,24533000
2016-11-02,59.81999969482422,59.93000030517578,59.29999923706055,59.43000030517578,53.60552978515625,22147000
2016-11-03,59.529998779296875,59.63999938964844,59.11000061035156,59.209999084472656,53.407100677490234,21600400
2016-11-04,58.650001525878906,59.279998779296875,58.52000045776367,58.709999084472656,52.95608901977539,28697000
2016-11-07,59.779998779296875,60.52000045776367,59.779998779296875,60.41999816894531,54.498504638671875,31664800
2016-11-08,60.54999923706055,60.779998779296875,60.150001525878906,60.470001220703125,54.54360580444336,22935400
2016-11-09,60.0,60.59000015258789,59.20000076293945,60.16999816894531,54.27300262451172,49632500
2016-11-10,60.47999954223633,60.4900016784668,57.630001068115234,58.70000076293945,52.947086334228516,57822400
2016-11-11,58.22999954223633,59.119998931884766,58.0099983215332,59.02000045776367,53.2357177734375,38767800
2016-11-14,59.02000045776367,59.08000183105469,57.279998779296875,58.119998931884766,52.42390823364258,41328400
2016-11-15,58.33000183105469,59.4900016784668,58.31999969482422,58.869998931884766,53.45914077758789,35904100
2016-11-16,58.939998626708984,59.65999984741211,58.810001373291016,59.650001525878906,54.16744613647461,27332500
2016-11-17,60.40999984741211,60.95000076293945,59.970001220703125,60.63999938964844,55.06645584106445,32132700
2016-11-18,60.779998779296875,61.13999938964844,60.29999923706055,60.349998474121094,54.8031120300293,27686300
2016-11-21,60.5,60.970001220703125,60.41999816894531,60.86000061035156,55.26622009277344,19652600
2016-11-22,60.97999954223633,61.2599983215332,60.810001373291016,61.119998931884766,55.502342224121094,23206700
2016-11-23,61.0099983215332,61.099998474121094,60.25,60.400001525878906,54.8485107421875,21848900
2016-11-25,60.29999923706055,60.529998779296875,60.130001068115234,60.529998779296875,54.966556549072266,8409600
2016-11-28,60.34000015258789,61.02000045776367,60.209999084472656,60.61000061035156,55.03921890258789,20732600
2016-11-29,60.650001525878906,61.40999984741211,60.52000045776367,61.09000015258789,55.4750862121582,22366700
2016-11-30,60.86000061035156,61.18000030517578,60.220001220703125,60.2599983215332,54.721378326416016,34655400
2016-12-01,60.11000061035156,60.150001525878906,58.939998626708984,59.20000076293945,53.75880432128906,34542100
2016-12-02,59.08000183105469,59.470001220703125,58.79999923706055,59.25,53.80420684814453,25515700
2016-12-05,59.70000076293945,60.59000015258789,59.560001373291016,60.220001220703125,54.68505859375,23552700
2016-12-06,60.43000030517578,60.459999084472656,59.79999923706055,59.95000076293945,54.43986892700195,19907000
2016-12-07,60.0099983215332,61.380001068115234,59.79999923706055,61.369998931884766,55.72935485839844,30809000
2016-12-08,61.29999923706055,61.58000183105469,60.84000015258789,61.0099983215332,55.40243911743164,21220800
2016-12-09,61.18000030517578,61.9900016784668,61.130001068115234,61.970001220703125,56.27420425415039,27349400
2016-12-12,61.81999969482422,62.29999923706055,61.720001220703125,62.16999816894531,56.45582962036133,20198100
2016-12-13,62.5,63.41999816894531,62.2400016784668,62.97999954223633,57.191375732421875,35718900
2016-12-14,63.0,63.45000076293945,62.529998779296875,62.68000030517578,56.91895294189453,30352700
2016-12-15,62.70000076293945,63.150001525878906,62.29999923706055,62.58000183105469,56.82814025878906,27669900
2016-12-16,62.95000076293945,62.95000076293945,62.119998931884766,62.29999923706055,56.57387161254883,42453100
2016-12-19,62.560001373291016,63.77000045776367,62.41999816894531,63.619998931884766,57.77254867553711,34338200
2016-12-20,63.689998626708984,63.79999923706055,63.029998779296875,63.540000915527344,57.69990539550781,26028400
2016-12-21,63.43000030517578,63.70000076293945,63.119998931884766,63.540000915527344,57.69990539550781,17096300
2016-12-22,63.84000015258789,64.0999984741211,63.40999984741211,63.54999923706055,57.7089958190918,22176600
2016-12-23,63.45000076293945,63.540000915527344,62.79999923706055,63.2400016784668,57.42747497558594,12403800
2016-12-27,63.209999084472656,64.06999969482422,63.209999084472656,63.279998779296875,57.46380615234375,11763200
2016-12-28,63.400001525878906,63.400001525878906,62.83000183105469,62.9900016784668,57.20045471191406,14653300
2016-12-29,62.86000061035156,63.20000076293945,62.72999954223633,62.900001525878906,57.11873245239258,10250600
2016-12-30,62.959999084472656,62.9900016784668,62.029998779296875,62.13999938964844,56.4285888671875,25579900
2017-01-03,62.790000915527344,62.84000015258789,62.130001068115234,62.58000183105469,56.82814025878906,20694100
2017-01-04,62.47999954223633,62.75,62.119998931884766,62.29999923706055,56.57387161254883,21340000
2017-01-05,62.189998626708984,62.65999984741211,62.029998779296875,62.29999923706055,56.57387161254883,24876000
2017-01-06,62.29999923706055,63.150001525878906,62.040000915527344,62.84000015258789,57.06424331665039,19922900
2017-01-09,62.7599983215332,63.08000183105469,62.540000915527344,62.63999938964844,56.882633209228516,20382700
2017-01-10,62.72999954223633,63.06999969482422,62.279998779296875,62.619998931884766,56.86445236206055,18593000
2017-01-11,62.61000061035156,63.22999954223633,62.43000030517578,63.189998626708984,57.38208770751953,21517300
2017-01-12,63.060001373291016,63.400001525878906,61.95000076293945,62.61000061035156,56.85538864135742,20968200
2017-01-13,62.619998931884766,62.869998931884766,62.349998474121094,62.70000076293945,56.937110900878906,19422300
2017-01-17,62.68000030517578,62.70000076293945,62.029998779296875,62.529998779296875,56.78274154663086,20664000
2017-01-18,62.66999816894531,62.70000076293945,62.119998931884766,62.5,56.755496978759766,19670100
2017-01-19,62.2400016784668,62.97999954223633,62.20000076293945,62.29999923706055,56.57387161254883,18451700
2017-01-20,62.66999816894531,62.81999969482422,62.369998931884766,62.7400016784668,56.97344207763672,30213500
2017-01-23,62.70000076293945,63.119998931884766,62.56999969482422,62.959999084472656,57.1732292175293,23097600
2017-01-24,63.20000076293945,63.7400016784668,62.939998626708984,63.52000045776367,57.681739807128906,24672900
2017-01-25,63.95000076293945,64.0999984741211,63.45000076293945,63.68000030517578,57.8270378112793,23672700
2017-01-26,64.12000274658203,64.54000091552734,63.54999923706055,64.2699966430664,58.36280822753906,43554600
2017-01-27,65.38999938964844,65.91000366210938,64.88999938964844,65.77999877929688,59.73402786254883,44818000
2017-01-30,65.69000244140625,65.79000091552734,64.80000305175781,65.12999725341797,59.143775939941406,31651400
2017-01-31,64.86000061035156,65.1500015258789,64.26000213623047,64.6500015258789,58.707889556884766,25270500
2017-02-01,64.36000061035156,64.62000274658203,63.470001220703125,63.58000183105469,57.73624038696289,39671500
2017-02-02,63.25,63.40999984741211,62.75,63.16999816894531,57.363922119140625,45827000
2017-02-03,63.5,63.70000076293945,63.06999969482422,63.68000030517578,57.8270378112793,30301800
2017-02-06,63.5,63.650001525878906,63.13999938964844,63.63999938964844,57.79072189331055,19796400
2017-02-07,63.7400016784668,63.779998779296875,63.22999954223633,63.43000030517578,57.60000991821289,20277200
2017-02-08,63.56999969482422,63.810001373291016,63.220001220703125,63.34000015258789,57.51829528808594,18096400
2017-02-09,63.52000045776367,64.44000244140625,63.31999969482422,64.05999755859375,58.172096252441406,22644400
2017-02-10,64.25,64.30000305175781,63.97999954223633,64.0,58.11764144897461,18170700
2017-02-13,64.23999786376953,64.86000061035156,64.12999725341797,64.72000122070312,58.77145004272461,22920100
2017-02-14,64.41000366210938,64.72000122070312,64.0199966430664,64.56999969482422,58.99071502685547,23108400
2017-02-15,64.5,64.56999969482422,64.16000366210938,64.52999877929688,58.954166412353516,17005200
2017-02-16,64.73999786376953,65.23999786376953,64.44000244140625,64.5199966430664,58.94504165649414,20546300
2017-02-17,64.47000122070312,64.69000244140625,64.30000305175781,64.62000274658203,59.03639221191406,21248800
2017-02-21,64.61000061035156,64.94999694824219,64.44999694824219,64.48999786376953,58.91762924194336,20655900
2017-02-22,64.33000183105469,64.38999938964844,64.05000305175781,64.36000061035156,58.798851013183594,19292700
2017-02-23,64.41999816894531,64.7300033569336,64.19000244140625,64.62000274658203,59.03639221191406,20273100
2017-02-24,64.52999877929688,64.80000305175781,64.13999938964844,64.62000274658203,59.03639221191406,21796800
2017-02-27,64.54000091552734,64.54000091552734,64.05000305175781,64.2300033569336,58.680091857910156,15871500
2017-02-28,64.08000183105469,64.19999694824219,63.7599983215332,63.97999954223633,58.45170211791992,23239800
2017-03-01,64.12999725341797,64.98999786376953,64.0199966430664,64.94000244140625,59.32875442504883,26937500
2017-03-02,64.69000244140625,64.75,63.880001068115234,64.01000213623047,58.479103088378906,24539600
2017-03-03,63.9900016784668,64.27999877929688,63.619998931884766,64.25,58.698360443115234,18135900
2017-03-06,63.970001220703125,64.55999755859375,63.810001373291016,64.2699966430664,58.71662902832031,18750300
2017-03-07,64.19000244140625,64.77999877929688,64.19000244140625,64.4000015258789,58.835411071777344,18521000
2017-03-08,64.26000213623047,65.08000183105469,64.25,64.98999786376953,59.37442398071289,21510900
2017-03-09,65.19000244140625,65.19999694824219,64.4800033569336,64.7300033569336,59.13689041137695,19846800
2017-03-10,65.11000061035156,65.26000213623047,64.75,64.93000030517578,59.319602966308594,19538200
2017-03-13,65.01000213623047,65.19000244140625,64.56999969482422,64.70999908447266,59.11861801147461,20100000
2017-03-14,64.52999877929688,64.55000305175781,64.1500015258789,64.41000366210938,58.844539642333984,14280200
2017-03-15,64.55000305175781,64.91999816894531,64.25,64.75,59.15516662597656,24833800
2017-03-16,64.75,64.76000213623047,64.30000305175781,64.63999938964844,59.05467224121094,20674300
2017-03-17,64.91000366210938,65.23999786376953,64.68000030517578,64.87000274658203,59.264801025390625,49219700
2017-03-20,64.91000366210938,65.18000030517578,64.72000122070312,64.93000030517578,59.319602966308594,14598100
2017-03-21,65.19000244140625,65.5,64.12999725341797,64.20999908447266,58.66181945800781,26640500
2017-03-22,64.12000274658203,65.13999938964844,64.12000274658203,65.02999877929688,59.41096496582031,20680000
2017-03-23,64.94000244140625,65.23999786376953,64.7699966430664,64.87000274658203,59.264801025390625,19269200
2017-03-24,65.36000061035156,65.44999694824219,64.76000213623047,64.9800033569336,59.365291595458984,22617100
2017-03-27,64.62999725341797,65.22000122070312,64.3499984741211,65.0999984741211,59.47491455078125,18614700
2017-03-28,64.95999908447266,65.47000122070312,64.6500015258789,65.29000091552734,59.648502349853516,20080400
2017-03-29,65.12000274658203,65.5,64.94999694824219,65.47000122070312,59.81294250488281,13618400
2017-03-30,65.41999816894531,65.9800033569336,65.36000061035156,65.70999908447266,60.032222747802734,15122800
2017-03-31,65.6500015258789,66.19000244140625,65.44999694824219,65.86000061035156,60.16924285888672,21040300
2017-04-03,65.80999755859375,65.94000244140625,65.19000244140625,65.55000305175781,59.88603210449219,20400900
2017-04-04,65.38999938964844,65.80999755859375,65.27999877929688,65.7300033569336,60.05047607421875,12997400
2017-04-05,66.30000305175781,66.3499984741211,65.44000244140625,65.55999755859375,59.89517593383789,21448600
2017-04-06,65.5999984741211,66.05999755859375,65.4800033569336,65.7300033569336,60.05047607421875,18103500
2017-04-07,65.8499984741211,65.95999908447266,65.44000244140625,65.68000030517578,60.004791259765625,14108500
2017-04-10,65.61000061035156,65.81999969482422,65.36000061035156,65.52999877929688,59.86777877807617,17952700
2017-04-11,65.5999984741211,65.61000061035156,64.8499984741211,65.4800033569336,59.82209014892578,18791500
2017-04-12,65.41999816894531,65.51000213623047,65.11000061035156,65.2300033569336,59.593692779541016,17108500
2017-04-13,65.29000091552734,65.86000061035156,64.94999694824219,64.94999694824219,59.33787536621094,17896500
2017-04-17,65.04000091552734,65.48999786376953,65.01000213623047,65.4800033569336,59.82209014892578,16689300
2017-04-18,65.33000183105469,65.70999908447266,65.16000366210938,65.38999938964844,59.739864349365234,15155600
2017-04-19,65.6500015258789,65.75,64.88999938964844,65.04000091552734,59.42008590698242,26992800
2017-04-20,65.45999908447266,65.75,65.13999938964844,65.5,59.84035873413086,22299500
2017-04-21,65.66999816894531,66.69999694824219,65.44999694824219,66.4000015258789,60.6625862121582,32522600
2017-04-24,67.4800033569336,67.66000366210938,67.0999984741211,67.52999877929688,61.6949462890625,29770000
2017-04-25,67.9000015258789,68.04000091552734,67.5999984741211,67.91999816894531,62.05125045776367,30242700
2017-04-26,68.08000183105469,68.30999755859375,67.62000274658203,67.83000183105469,61.969024658203125,26190800
2017-04-27,68.1500015258789,68.37999725341797,67.58000183105469,68.2699966430664,62.37099075317383,34971000
2017-04-28,68.91000366210938,69.13999938964844,67.69000244140625,68.45999908447266,62.544593811035156,39548800
2017-05-01,68.68000030517578,69.55000305175781,68.5,69.41000366210938,63.41249465942383,31954400
2017-05-02,69.70999908447266,69.70999908447266,69.12999725341797,69.30000305175781,63.31201171875,23906100
2017-05-03,69.37999725341797,69.37999725341797,68.70999908447266,69.08000183105469,63.11101150512695,28928000
2017-05-04,69.02999877929688,69.08000183105469,68.63999938964844,68.80999755859375,62.864341735839844,21749400
2017-05-05,68.9000015258789,69.02999877929688,68.48999786376953,69.0,63.037940979003906,19128800
2017-05-08,68.97000122070312,69.05000305175781,68.41999816894531,68.94000244140625,62.983097076416016,18566100
2017-05-09,68.86000061035156,69.27999877929688,68.68000030517578,69.04000091552734,63.07448196411133,22858400
2017-05-10,68.98999786376953,69.55999755859375,68.91999816894531,69.30999755859375,63.32113265991211,17977800
2017-05-11,68.36000061035156,68.7300033569336,68.12000274658203,68.45999908447266,62.544593811035156,28789400
2017-05-12,68.61000061035156,68.61000061035156,68.04000091552734,68.37999725341797,62.47149658203125,18714100
2017-05-15,68.13999938964844,68.4800033569336,67.56999969482422,68.43000030517578,62.51717758178711,31530300
2017-05-16,68.2300033569336,69.44000244140625,68.16000366210938,69.41000366210938,63.77598571777344,34956000
2017-05-17,68.88999938964844,69.0999984741211,67.43000030517578,67.4800033569336,62.002655029296875,30548800
2017-05-18,67.4000015258789,68.12999725341797,67.13999938964844,67.70999908447266,62.21396255493164,25201300
2017-05-19,67.5,68.0999984741211,67.43000030517578,67.69000244140625,62.19561004638672,26961100
2017-05-22,67.88999938964844,68.5,67.5,68.44999694824219,62.893898010253906,16237600
2017-05-23,68.72000122070312,68.75,68.37999725341797,68.68000030517578,63.105220794677734,15425800
2017-05-24,68.87000274658203,68.87999725341797,68.44999694824219,68.7699966430664,63.18793487548828,14593900
2017-05-25,68.97000122070312,69.87999725341797,68.91000366210938,69.62000274658203,63.96895217895508,21854100
2017-05-26,69.80000305175781,70.22000122070312,69.5199966430664,69.95999908447266,64.28131103515625,19827900
2017-05-30,69.79000091552734,70.41000366210938,69.7699966430664,70.41000366210938,64.69482421875,17072800
2017-05-31,70.52999877929688,70.73999786376953,69.80999755859375,69.83999633789062,64.17108154296875,30436400
2017-06-01,70.23999786376953,70.61000061035156,69.44999694824219,70.0999984741211,64.40997314453125,21603600
2017-06-02,70.44000244140625,71.86000061035156,70.23999786376953,71.76000213623047,65.93522644042969,34770300
2017-06-05,71.97000122070312,72.88999938964844,71.80999755859375,72.27999877929688,66.41302490234375,33316800
2017-06-06,72.30000305175781,72.62000274658203,72.2699966430664,72.5199966430664,66.63353729248047,31511100
2017-06-07,72.63999938964844,72.7699966430664,71.94999694824219,72.38999938964844,66.51409149169922,22301800
2017-06-08,72.51000213623047,72.5199966430664,71.5,71.94999694824219,66.10980987548828,24588300
2017-06-09,72.04000091552734,72.08000183105469,68.58999633789062,70.31999969482422,64.61210632324219,49187400
2017-06-12,69.25,69.94000244140625,68.12999725341797,69.77999877929688,64.11592864990234,47761700
2017-06-13,70.0199966430664,70.81999969482422,69.95999908447266,70.6500015258789,64.91532897949219,25258600
2017-06-14,70.91000366210938,71.0999984741211,69.43000030517578,70.2699966430664,64.56619262695312,25510700
2017-06-15,69.2699966430664,70.20999908447266,68.80000305175781,69.9000015258789,64.2262191772461,26068700
2017-06-16,69.7300033569336,70.02999877929688,69.22000122070312,70.0,64.3180923461914,48345100
2017-06-19,70.5,70.94000244140625,70.3499984741211,70.87000274658203,65.11750030517578,23798300
2017-06-20,70.81999969482422,70.87000274658203,69.87000274658203,69.91000366210938,64.23540496826172,21512200
2017-06-21,70.20999908447266,70.62000274658203,69.94000244140625,70.2699966430664,64.56619262695312,19891100
2017-06-22,70.54000091552734,70.58999633789062,69.70999908447266,70.26000213623047,64.55696868896484,22965700
2017-06-23,70.08999633789062,71.25,69.91999816894531,71.20999908447266,65.42987823486328,27617300
2017-06-26,71.4000015258789,71.70999908447266,70.44000244140625,70.52999877929688,64.80506134033203,19607000
2017-06-27,70.11000061035156,70.18000030517578,69.18000030517578,69.20999908447266,63.59221649169922,25215100
2017-06-28,69.20999908447266,69.83999633789062,68.79000091552734,69.80000305175781,64.13431549072266,25806200
2017-06-29,69.37999725341797,69.48999786376953,68.08999633789062,68.48999786376953,62.93067169189453,28918700
2017-06-30,68.77999877929688,69.37999725341797,68.73999786376953,68.93000030517578,63.3349609375,24161100
2017-07-03,69.33000183105469,69.5999984741211,68.0199966430664,68.16999816894531,62.63663101196289,16165500
2017-07-05,68.26000213623047,69.44000244140625,68.22000122070312,69.08000183105469,63.47277069091797,21176300
2017-07-06,68.2699966430664,68.77999877929688,68.12000274658203,68.56999969482422,63.00416564941406,21117600
2017-07-07,68.69999694824219,69.83999633789062,68.69999694824219,69.45999908447266,63.8218994140625,16878300
2017-07-10,69.45999908447266,70.25,69.19999694824219,69.9800033569336,64.2997055053711,15014500
2017-07-11,70.0,70.68000030517578,69.75,69.98999786376953,64.30891418457031,17460000
2017-07-12,70.69000244140625,71.27999877929688,70.55000305175781,71.1500015258789,65.37474060058594,17750900
2017-07-13,71.5,72.04000091552734,71.30999755859375,71.7699966430664,65.94441223144531,20269800
2017-07-14,72.23999786376953,73.2699966430664,71.95999908447266,72.77999877929688,66.8724365234375,25868100
2017-07-17,72.80000305175781,73.44999694824219,72.72000122070312,73.3499984741211,67.39617156982422,21803900
2017-07-18,73.08999633789062,73.38999938964844,72.66000366210938,73.30000305175781,67.3502426147461,26435300
2017-07-19,73.5,74.04000091552734,73.44999694824219,73.86000061035156,67.86476135253906,22416200
2017-07-20,74.18000030517578,74.30000305175781,73.27999877929688,74.22000122070312,68.195556640625,42361000
2017-07-21,73.44999694824219,74.29000091552734,73.16999816894531,73.79000091552734,67.80046081542969,46717100
2017-07-24,73.52999877929688,73.75,73.12999725341797,73.5999984741211,67.62588500976562,21394800
2017-07-25,73.80000305175781,74.30999755859375,73.5,74.19000244140625,68.16798400878906,22018700
2017-07-26,74.33999633789062,74.37999725341797,73.80999755859375,74.05000305175781,68.03935241699219,16252200
2017-07-27,73.76000213623047,74.41999816894531,72.31999969482422,73.16000366210938,67.22160339355469,36844200
2017-07-28,72.66999816894531,73.30999755859375,72.54000091552734,73.04000091552734,67.111328125,18306700
2017-07-31,73.30000305175781,73.44000244140625,72.41000366210938,72.69999694824219,66.79894256591797,23600100
2017-08-01,73.0999984741211,73.41999816894531,72.48999786376953,72.58000183105469,66.68868255615234,22132300
2017-08-02,72.55000305175781,72.55999755859375,71.44000244140625,72.26000213623047,66.39463806152344,26499200
2017-08-03,72.19000244140625,72.44000244140625,71.8499984741211,72.1500015258789,66.29357147216797,18214400
2017-08-04,72.4000015258789,73.04000091552734,72.23999786376953,72.68000030517578,66.78056335449219,22579000
2017-08-07,72.80000305175781,72.9000015258789,72.26000213623047,72.4000015258789,66.52327728271484,18705700
2017-08-08,72.08999633789062,73.12999725341797,71.75,72.79000091552734,66.88162231445312,22044600
2017-08-09,72.25,72.51000213623047,72.05000305175781,72.47000122070312,66.58760070800781,22213400
2017-08-10,71.9000015258789,72.19000244140625,71.3499984741211,71.41000366210938,65.6136245727539,24734500
2017-08-11,71.61000061035156,72.69999694824219,71.27999877929688,72.5,66.61517333984375,21443700
2017-08-14,73.05999755859375,73.72000122070312,72.94999694824219,73.58999633789062,67.61668395996094,20096600
2017-08-15,73.58999633789062,73.58999633789062,73.04000091552734,73.22000122070312,67.63518524169922,19181400
2017-08-16,73.33999633789062,74.0999984741211,73.16999816894531,73.6500015258789,68.03236389160156,18150400
2017-08-17,73.58000183105469,73.87000274658203,72.4000015258789,72.4000015258789,66.8777084350586,22977500
2017-08-18,72.2699966430664,72.83999633789062,71.93000030517578,72.48999786376953,66.9608383178711,18761500
2017-08-21,72.47000122070312,72.4800033569336,71.69999694824219,72.1500015258789,66.64677429199219,17734800
2017-08-22,72.3499984741211,73.23999786376953,72.3499984741211,73.16000366210938,67.57975006103516,14343700
2017-08-23,72.95999908447266,73.1500015258789,72.52999877929688,72.72000122070312,67.1733169555664,13766500
2017-08-24,72.73999786376953,72.86000061035156,72.06999969482422,72.69000244140625,67.14559936523438,17098300
2017-08-25,72.86000061035156,73.3499984741211,72.4800033569336,72.81999969482422,67.26567077636719,12794300
2017-08-28,73.05999755859375,73.08999633789062,72.55000305175781,72.83000183105469,67.27490234375,14569700
2017-08-29,72.25,73.16000366210938,72.05000305175781,73.05000305175781,67.47811889648438,11478400
2017-08-30,73.01000213623047,74.20999908447266,72.83000183105469,74.01000213623047,68.36490631103516,16897800
2017-08-31,74.02999877929688,74.95999908447266,73.80000305175781,74.7699966430664,69.06694030761719,27652800
2017-09-01,74.70999908447266,74.73999786376953,73.63999938964844,73.94000244140625,68.30024719238281,21736200
2017-09-05,73.33999633789062,73.88999938964844,72.9800033569336,73.61000061035156,67.99542236328125,21556000
2017-09-06,73.73999786376953,74.04000091552734,73.3499984741211,73.4000015258789,67.80143737792969,16535800
2017-09-07,73.68000030517578,74.5999984741211,73.5999984741211,74.33999633789062,68.66974639892578,17471200
2017-09-08,74.33000183105469,74.44000244140625,73.83999633789062,73.9800033569336,68.33718872070312,14703800
2017-09-11,74.30999755859375,74.94000244140625,74.30999755859375,74.76000213623047,69.05769348144531,17910400
2017-09-12,74.76000213623047,75.23999786376953,74.37000274658203,74.68000030517578,68.98379516601562,14394900
2017-09-13,74.93000030517578,75.2300033569336,74.55000305175781,75.20999908447266,69.47337341308594,13380800
2017-09-14,75.0,75.48999786376953,74.5199966430664,74.7699966430664,69.06694030761719,15733900
2017-09-15,74.83000183105469,75.38999938964844,74.06999969482422,75.30999755859375,69.56575012207031,38578400
2017-09-18,75.2300033569336,75.97000122070312,75.04000091552734,75.16000366210938,69.42719268798828,23307000
2017-09-19,75.20999908447266,75.70999908447266,75.01000213623047,75.44000244140625,69.68584442138672,16093300
2017-09-20,75.3499984741211,75.55000305175781,74.30999755859375,74.94000244140625,69.22399139404297,21587900
2017-09-21,75.11000061035156,75.23999786376953,74.11000061035156,74.20999908447266,68.54965209960938,19186100
2017-09-22,73.98999786376953,74.51000213623047,73.8499984741211,74.41000366210938,68.73440551757812,14111400
2017-09-25,74.08999633789062,74.25,72.91999816894531,73.26000213623047,67.672119140625,24149200
2017-09-26,73.66999816894531,73.80999755859375,72.98999786376953,73.26000213623047,67.672119140625,18019600
2017-09-27,73.55000305175781,74.16999816894531,73.16999816894531,73.8499984741211,68.21710968017578,19565100
2017-09-28,73.54000091552734,73.97000122070312,73.30999755859375,73.87000274658203,68.23558807373047,10883800
2017-09-29,73.94000244140625,74.54000091552734,73.87999725341797,74.48999786376953,68.80829620361328,17079100
2017-10-02,74.70999908447266,75.01000213623047,74.30000305175781,74.61000061035156,68.91915893554688,15304800
2017-10-03,74.66999816894531,74.87999725341797,74.19000244140625,74.26000213623047,68.59583282470703,12190400
2017-10-04,74.08999633789062,74.72000122070312,73.70999908447266,74.69000244140625,68.9930419921875,13317700
2017-10-05,75.22000122070312,76.12000274658203,74.95999908447266,75.97000122070312,70.1754150390625,21195300
2017-10-06,75.66999816894531,76.02999877929688,75.54000091552734,76.0,70.20311737060547,13959800
2017-10-09,75.97000122070312,76.55000305175781,75.86000061035156,76.29000091552734,70.47100830078125,11386500
2017-10-10,76.33000183105469,76.62999725341797,76.13999938964844,76.29000091552734,70.47100830078125,13944500
2017-10-11,76.36000061035156,76.45999908447266,75.94999694824219,76.41999816894531,70.59107971191406,15388900
2017-10-12,76.48999786376953,77.29000091552734,76.37000274658203,77.12000274658203,71.23767852783203,16876500
2017-10-13,77.58999633789062,77.87000274658203,77.29000091552734,77.48999786376953,71.57948303222656,15335700
2017-10-16,77.41999816894531,77.80999755859375,77.3499984741211,77.6500015258789,71.72726440429688,12380100
2017-10-17,77.47000122070312,77.62000274658203,77.25,77.58999633789062,71.67184448242188,16824000
2017-10-18,77.66999816894531,77.8499984741211,77.37000274658203,77.61000061035156,71.6903076171875,13300700
2017-10-19,77.56999969482422,77.93000030517578,77.3499984741211,77.91000366210938,71.96743774414062,15092800
2017-10-20,78.31999969482422,78.97000122070312,78.22000122070312,78.80999755859375,72.79877471923828,22866400
2017-10-23,78.98999786376953,79.33999633789062,78.76000213623047,78.83000183105469,72.81727600097656,20627200
2017-10-24,78.9000015258789,79.19999694824219,78.45999908447266,78.86000061035156,72.844970703125,17517200
2017-10-25,78.58000183105469,79.0999984741211,78.01000213623047,78.62999725341797,72.63250732421875,20410800
2017-10-26,79.19999694824219,79.41999816894531,78.75,78.76000213623047,72.75260162353516,32120700
2017-10-27,84.37000274658203,86.19999694824219,83.61000061035156,83.80999755859375,77.41740417480469,71066700
2017-10-30,83.69999694824219,84.33000183105469,83.11000061035156,83.88999938964844,77.49132537841797,31756700
2017-10-31,84.36000061035156,84.36000061035156,83.11000061035156,83.18000030517578,76.83546447753906,27086600
2017-11-01,83.68000030517578,83.76000213623047,82.87999725341797,83.18000030517578,76.83546447753906,22307400
2017-11-02,83.3499984741211,84.45999908447266,83.12000274658203,84.05000305175781,77.63909912109375,23992900
2017-11-03,84.08000183105469,84.54000091552734,83.4000015258789,84.13999938964844,77.72224426269531,17633500
2017-11-06,84.19999694824219,84.69999694824219,84.08000183105469,84.47000122070312,78.02706146240234,19860900
2017-11-07,84.7699966430664,84.9000015258789,83.93000030517578,84.2699966430664,77.84232330322266,17939700
2017-11-08,84.13999938964844,84.61000061035156,83.83000183105469,84.55999755859375,78.11019897460938,18034200
2017-11-09,84.11000061035156,84.2699966430664,82.9000015258789,84.08999633789062,77.67606353759766,21178400
2017-11-10,83.79000091552734,84.0999984741211,83.2300033569336,83.87000274658203,77.47283935546875,19397800
2017-11-13,83.66000366210938,83.94000244140625,83.45999908447266,83.93000030517578,77.52828216552734,14196900
2017-11-14,83.5,84.0999984741211,82.9800033569336,84.05000305175781,77.63909912109375,18801300
2017-11-15,83.47000122070312,83.69000244140625,82.69000244140625,82.9800033569336,77.03568267822266,19383100
2017-11-16,83.0999984741211,83.41999816894531,82.94000244140625,83.19999694824219,77.23991394042969,20962800
2017-11-17,83.12000274658203,83.12000274658203,82.23999786376953,82.4000015258789,76.49722290039062,22079000
2017-11-20,82.4000015258789,82.58999633789062,82.25,82.52999877929688,76.6178970336914,16315000
2017-11-21,82.73999786376953,83.83999633789062,82.73999786376953,83.72000122070312,77.72266387939453,21237500
2017-11-22,83.83000183105469,83.9000015258789,83.04000091552734,83.11000061035156,77.15636444091797,20553100
2017-11-24,83.01000213623047,83.43000030517578,82.77999877929688,83.26000213623047,77.29561614990234,7425600
2017-11-27,83.30999755859375,83.9800033569336,83.30000305175781,83.87000274658203,77.86194610595703,18265200
2017-11-28,84.06999969482422,85.05999755859375,84.0199966430664,84.87999725341797,78.799560546875,21926000
2017-11-29,84.70999908447266,84.91999816894531,83.18000030517578,83.33999633789062,77.36988067626953,27381100
2017-11-30,83.51000213623047,84.5199966430664,83.33999633789062,84.16999816894531,78.14042663574219,33054600
2017-12-01,83.5999984741211,84.80999755859375,83.22000122070312,84.26000213623047,78.2239761352539,29532100
2017-12-04,84.41999816894531,84.43000030517578,80.69999694824219,81.08000183105469,75.27177429199219,39094900
2017-12-05,81.33999633789062,82.68000030517578,80.9800033569336,81.58999633789062,75.74523162841797,26152300
2017-12-06,81.55000305175781,83.13999938964844,81.43000030517578,82.77999877929688,76.8499984741211,26162100
2017-12-07,82.54000091552734,82.80000305175781,82.0,82.48999786376953,76.58077239990234,23184500
2017-12-08,83.62999725341797,84.58000183105469,83.33000183105469,84.16000366210938,78.1311264038086,24489100
2017-12-11,84.29000091552734,85.37000274658203,84.12000274658203,85.2300033569336,79.12450408935547,22857900
2017-12-12,85.30999755859375,86.05000305175781,85.08000183105469,85.58000183105469,79.44943237304688,23924100
2017-12-13,85.73999786376953,86.0,85.16999816894531,85.3499984741211,79.23589324951172,22062700
2017-12-14,85.43000030517578,85.87000274658203,84.52999877929688,84.69000244140625,78.62317657470703,19306000
2017-12-15,85.26000213623047,87.08999633789062,84.87999725341797,86.8499984741211,80.62843322753906,53936700
2017-12-18,87.12000274658203,87.5,86.2300033569336,86.37999725341797,80.19210815429688,22283800
2017-12-19,86.3499984741211,86.3499984741211,85.2699966430664,85.83000183105469,79.68151092529297,23524800
2017-12-20,86.19999694824219,86.30000305175781,84.70999908447266,85.5199966430664,79.39373779296875,23674900
2017-12-21,86.05000305175781,86.0999984741211,85.4000015258789,85.5,79.3751449584961,17990700
2017-12-22,85.4000015258789,85.62999725341797,84.91999816894531,85.51000213623047,79.38443756103516,14145800
2017-12-26,85.30999755859375,85.52999877929688,85.02999877929688,85.4000015258789,79.2823257446289,9891200
2017-12-27,85.6500015258789,85.9800033569336,85.22000122070312,85.70999908447266,79.57009887695312,14678000
2017-12-28,85.9000015258789,85.93000030517578,85.55000305175781,85.72000122070312,79.57941436767578,10594300
2017-12-29,85.62999725341797,86.05000305175781,85.5,85.54000091552734,79.41230773925781,18717400
2018-01-02,86.12999725341797,86.30999755859375,85.5,85.94999694824219,79.79290008544922,22483800
2018-01-03,86.05999755859375,86.51000213623047,85.97000122070312,86.3499984741211,80.16426086425781,26061400
2018-01-04,86.58999633789062,87.66000366210938,86.56999969482422,87.11000061035156,80.86981201171875,21912000
2018-01-05,87.66000366210938,88.41000366210938,87.43000030517578,88.19000244140625,81.8724594116211,23407100
2018-01-08,88.19999694824219,88.58000183105469,87.5999984741211,88.27999877929688,81.95601654052734,22113000
2018-01-09,88.6500015258789,88.7300033569336,87.86000061035156,88.22000122070312,81.9002914428711,19484300
2018-01-10,87.86000061035156,88.19000244140625,87.41000366210938,87.81999969482422,81.52896118164062,18652200
2018-01-11,88.12999725341797,88.12999725341797,87.23999786376953,88.08000183105469,81.77032470703125,17808900
2018-01-12,88.66999816894531,89.77999877929688,88.44999694824219,89.5999984741211,83.1814193725586,24271500
2018-01-16,90.0999984741211,90.79000091552734,88.01000213623047,88.3499984741211,82.02099609375,36599700
2018-01-17,89.08000183105469,90.27999877929688,88.75,90.13999938964844,83.6827621459961,25621200
2018-01-18,89.80000305175781,90.66999816894531,89.66000366210938,90.0999984741211,83.64563751220703,24159700
2018-01-19,90.13999938964844,90.61000061035156,89.66000366210938,90.0,83.55278778076172,36875000
2018-01-22,90.0,91.62000274658203,89.73999786376953,91.61000061035156,85.04745483398438,23601600
2018-01-23,91.9000015258789,92.30000305175781,91.54000091552734,91.9000015258789,85.31668090820312,23412800
2018-01-24,92.55000305175781,93.43000030517578,91.58000183105469,91.81999969482422,85.2424087524414,33277500
2018-01-25,92.47000122070312,93.23999786376953,91.93000030517578,92.33000183105469,85.71588897705078,26383200
2018-01-26,93.12000274658203,94.05999755859375,92.58000183105469,94.05999755859375,87.32193756103516,29172200
2018-01-29,95.13999938964844,95.44999694824219,93.72000122070312,93.91999816894531,87.19198608398438,31569900
2018-01-30,93.30000305175781,93.66000366210938,92.0999984741211,92.73999786376953,86.09652709960938,38635100
2018-01-31,93.75,95.4000015258789,93.51000213623047,95.01000213623047,88.20389556884766,48756300
2018-02-01,94.79000091552734,96.06999969482422,93.58000183105469,94.26000213623047,87.50762939453125,47227900
2018-02-02,93.63999938964844,93.97000122070312,91.5,91.77999877929688,85.20529174804688,47867800
2018-02-05,90.55999755859375,93.23999786376953,88.0,88.0,81.6960678100586,51031500
2018-02-06,86.88999938964844,91.4800033569336,85.25,91.33000183105469,84.78752136230469,67998600
2018-02-07,90.48999786376953,91.7699966430664,89.19999694824219,89.61000061035156,83.19074249267578,41107600
2018-02-08,89.70999908447266,89.87999725341797,84.76000213623047,85.01000213623047,78.9202651977539,55628700
2018-02-09,86.30000305175781,88.93000030517578,83.83000183105469,88.18000030517578,81.86316680908203,63499100
2018-02-12,88.73999786376953,89.77999877929688,87.93000030517578,89.12999725341797,82.74510955810547,35720300
2018-02-13,88.93000030517578,90.0,87.80000305175781,89.83000183105469,83.39498901367188,26407700
2018-02-14,88.51000213623047,90.98999786376953,88.41000366210938,90.80999755859375,84.7007827758789,34960900
2018-02-15,91.20999908447266,92.72000122070312,90.62000274658203,92.66000366210938,86.42631530761719,27823900
2018-02-16,92.44999694824219,93.5,91.80000305175781,92.0,85.81072998046875,30596900
2018-02-20,91.4800033569336,93.05999755859375,91.01000213623047,92.72000122070312,86.4822998046875,30911700
2018-02-21,92.9800033569336,93.36000061035156,91.48999786376953,91.48999786376953,85.33504486083984,26922500
2018-02-22,92.05000305175781,92.7300033569336,91.36000061035156,91.7300033569336,85.55889892578125,24392800
2018-02-23,93.5999984741211,94.06999969482422,92.36000061035156,94.05999755859375,87.73213195800781,26329200
2018-02-26,94.4000015258789,95.44999694824219,94.25,95.41999816894531,89.00065612792969,30199800
2018-02-27,95.73999786376953,95.83999633789062,94.19999694824219,94.19999694824219,87.86273193359375,25869100
2018-02-28,94.83999633789062,95.70999908447266,93.62999725341797,93.7699966430664,87.46165466308594,31167300
2018-03-01,93.98999786376953,94.56999969482422,91.83999633789062,92.8499984741211,86.60352325439453,37135600
2018-03-02,91.58000183105469,93.1500015258789,90.86000061035156,93.05000305175781,86.79008483886719,32830400
2018-03-05,92.33999633789062,94.2699966430664,92.26000213623047,93.63999938964844,87.34040069580078,23901600
2018-03-06,94.33999633789062,94.48999786376953,92.94000244140625,93.31999969482422,87.04194641113281,22175800
2018-03-07,93.16000366210938,93.94000244140625,92.43000030517578,93.86000061035156,87.54560089111328,26716100
2018-03-08,94.2699966430664,95.0999984741211,93.7699966430664,94.43000030517578,88.0772476196289,25887800
2018-03-09,95.29000091552734,96.54000091552734,95.0,96.54000091552734,90.04528045654297,36937300
2018-03-12,96.5,97.20999908447266,96.04000091552734,96.7699966430664,90.25982666015625,26073700
2018-03-13,97.0,97.23999786376953,93.97000122070312,94.41000366210938,88.05858612060547,35387800
2018-03-14,95.12000274658203,95.41000366210938,93.5,93.8499984741211,87.5362548828125,32132000
2018-03-15,93.52999877929688,94.58000183105469,92.83000183105469,94.18000030517578,87.84407806396484,27611000
2018-03-16,94.68000030517578,95.37999725341797,93.91999816894531,94.5999984741211,88.23580932617188,49081300
2018-03-19,93.73999786376953,93.9000015258789,92.11000061035156,92.88999938964844,86.640869140625,33344100
2018-03-20,93.05000305175781,93.7699966430664,93.0,93.12999725341797,86.86470794677734,23075200
2018-03-21,92.93000030517578,94.05000305175781,92.20999908447266,92.4800033569336,86.2584228515625,24457100
2018-03-22,91.2699966430664,91.75,89.66000366210938,89.79000091552734,83.7493896484375,38604700
2018-03-23,89.5,90.45999908447266,87.08000183105469,87.18000030517578,81.31501007080078,44068900
2018-03-26,90.61000061035156,94.0,90.4000015258789,93.77999877929688,87.47099304199219,56396800
2018-03-27,94.94000244140625,95.13999938964844,88.51000213623047,89.47000122070312,83.450927734375,56569000
2018-03-28,89.81999969482422,91.2300033569336,88.87000274658203,89.38999938964844,83.3763198852539,52501100
2018-03-29,90.18000030517578,92.29000091552734,88.4000015258789,91.2699966430664,85.12985229492188,45867500
2018-04-02,90.47000122070312,90.87999725341797,87.51000213623047,88.5199966430664,82.56484985351562,48515400
2018-04-03,89.58000183105469,90.05000305175781,87.88999938964844,89.70999908447266,83.67477416992188,37213800
2018-04-04,87.8499984741211,92.76000213623047,87.7300033569336,92.33000183105469,86.11854553222656,35560000
2018-04-05,92.44000244140625,93.06999969482422,91.4000015258789,92.37999725341797,86.16516876220703,29771900
2018-04-06,91.48999786376953,92.45999908447266,89.4800033569336,90.2300033569336,84.15979766845703,38026000
2018-04-09,91.04000091552734,93.16999816894531,90.62000274658203,90.7699966430664,84.66348266601562,31533900
2018-04-10,92.38999938964844,93.27999877929688,91.63999938964844,92.87999725341797,86.63151550292969,26812000
2018-04-11,92.01000213623047,93.29000091552734,91.4800033569336,91.86000061035156,85.6801528930664,24872100
2018-04-12,92.43000030517578,94.16000366210938,92.43000030517578,93.58000183105469,87.284423828125,26758900
2018-04-13,94.05000305175781,94.18000030517578,92.44000244140625,93.08000183105469,86.81808471679688,23346100
2018-04-16,94.06999969482422,94.66000366210938,93.41999816894531,94.16999816894531,87.83472442626953,20288100
2018-04-17,95.0,96.54000091552734,94.87999725341797,96.06999969482422,89.60692596435547,26771000
2018-04-18,96.22000122070312,96.72000122070312,95.5199966430664,96.44000244140625,89.9520263671875,21043300
2018-04-19,96.44000244140625,97.06999969482422,95.33999633789062,96.11000061035156,89.64421844482422,23552500
2018-04-20,95.91000366210938,96.11000061035156,94.05000305175781,95.0,88.60890197753906,31154400
2018-04-23,95.73999786376953,96.29000091552734,94.62999725341797,95.3499984741211,88.93537139892578,22331800
2018-04-24,96.23999786376953,96.47000122070312,92.41000366210938,93.12000274658203,86.85538482666016,34524800
2018-04-25,93.30000305175781,93.30000305175781,90.27999877929688,92.30999755859375,86.09986877441406,33729300
2018-04-26,93.55000305175781,95.1500015258789,93.0999984741211,94.26000213623047,87.91868591308594,42529000
2018-04-27,97.5999984741211,97.9000015258789,93.91000366210938,95.81999969482422,89.37374877929688,48272800
2018-04-30,96.33000183105469,96.4000015258789,93.1500015258789,93.5199966430664,87.22845458984375,41523600
2018-05-01,93.20999908447266,95.29000091552734,92.79000091552734,95.0,88.60890197753906,31408900
2018-05-02,94.98999786376953,95.16999816894531,93.19000244140625,93.51000213623047,87.2191390991211,27471000
2018-05-03,92.95999908447266,94.93000030517578,92.44999694824219,94.06999969482422,87.7414779663086,31142500
2018-05-04,93.31999969482422,95.37000274658203,92.91999816894531,95.16000366210938,88.75814056396484,22531300
2018-05-07,95.16999816894531,96.70999908447266,95.0999984741211,96.22000122070312,89.746826171875,24242000
2018-05-08,95.8499984741211,96.16000366210938,95.05999755859375,95.80999755859375,89.36441802978516,23484600
2018-05-09,96.01000213623047,96.97000122070312,95.05000305175781,96.94000244140625,90.41838836669922,27327400
2018-05-10,97.45999908447266,97.94999694824219,97.05000305175781,97.91000366210938,91.32313537597656,22388100
2018-05-11,97.80000305175781,97.87000274658203,97.04000091552734,97.69999694824219,91.12726593017578,16778300
2018-05-14,97.91999816894531,98.69000244140625,97.30999755859375,98.02999877929688,91.43508911132812,19454100
2018-05-15,97.23999786376953,97.8499984741211,96.33999633789062,97.31999969482422,90.7728042602539,24594000
2018-05-16,97.36000061035156,97.4000015258789,96.62000274658203,97.1500015258789,91.00703430175781,17384700
2018-05-17,96.76000213623047,97.54000091552734,95.83000183105469,96.18000030517578,90.09835815429688,17246700
2018-05-18,96.01000213623047,96.93000030517578,96.01000213623047,96.36000061035156,90.2669906616211,17865800
2018-05-21,97.0,98.01000213623047,96.80000305175781,97.5999984741211,91.42855834960938,19422500
2018-05-22,97.68000030517578,98.16999816894531,97.19999694824219,97.5,91.33487701416016,15441200
2018-05-23,96.70999908447266,98.7300033569336,96.31999969482422,98.66000366210938,92.42156219482422,21251200
2018-05-24,98.7300033569336,98.94000244140625,96.80999755859375,98.30999755859375,92.09365844726562,26649300
2018-05-25,98.30000305175781,98.9800033569336,97.86000061035156,98.36000061035156,92.1405258178711,18363900
2018-05-29,97.83999633789062,98.87999725341797,97.2300033569336,98.01000213623047,91.81262969970703,28671000
2018-05-30,98.30999755859375,99.25,97.91000366210938,98.94999694824219,92.69320678710938,22158500
2018-05-31,99.29000091552734,99.98999786376953,98.61000061035156,98.83999633789062,92.59014892578125,34140900
2018-06-01,99.27999877929688,100.86000061035156,99.16999816894531,100.79000091552734,94.41685485839844,28655600
2018-06-04,101.26000213623047,101.86000061035156,100.8499984741211,101.66999816894531,95.24122619628906,27281600
2018-06-05,102.0,102.33000183105469,101.52999877929688,102.19000244140625,95.72834777832031,23514400
2018-06-06,102.4800033569336,102.5999984741211,101.9000015258789,102.48999786376953,96.00936889648438,21122900
2018-06-07,102.6500015258789,102.69000244140625,100.37999725341797,100.87999725341797,94.50115203857422,28232200
2018-06-08,101.08999633789062,101.94999694824219,100.54000091552734,101.62999725341797,95.20374298095703,22165100
2018-06-11,101.01000213623047,101.58999633789062,100.66999816894531,101.05000305175781,94.66043090820312,23490900
2018-06-12,101.0999984741211,101.44999694824219,100.75,101.30999755859375,94.90396881103516,18325200
2018-06-13,101.72000122070312,102.01000213623047,100.55999755859375,100.8499984741211,94.47306060791016,29492900
2018-06-14,101.6500015258789,102.02999877929688,101.0,101.41999816894531,95.00702667236328,25691800
2018-06-15,101.51000213623047,101.52999877929688,100.06999969482422,100.12999725341797,93.79856872558594,65738600
2018-06-18,100.01000213623047,101.11000061035156,99.41999816894531,100.86000061035156,94.482421875,23586000
2018-06-19,99.6500015258789,101.0,99.5,100.86000061035156,94.482421875,28653100
2018-06-20,101.37000274658203,102.5199966430664,101.12000274658203,101.87000274658203,95.42855834960938,26180800
2018-06-21,102.08000183105469,102.45999908447266,100.87999725341797,101.13999938964844,94.74472045898438,23198200
2018-06-22,100.41000366210938,100.7699966430664,99.62999725341797,100.41000366210938,94.06088256835938,38923100
2018-06-25,100.0,100.11000061035156,97.30000305175781,98.38999938964844,92.16860961914062,35433300
2018-06-26,98.81999969482422,100.08000183105469,98.75,99.08000183105469,92.81498718261719,26897200
2018-06-27,99.58000183105469,100.0199966430664,97.4000015258789,97.54000091552734,91.37236022949219,31298400
2018-06-28,97.37999725341797,99.11000061035156,97.26000213623047,98.62999725341797,92.3934326171875,26650700
2018-06-29,98.93000030517578,99.91000366210938,98.33000183105469,98.61000061035156,92.37471008300781,28053200
2018-07-02,98.0999984741211,100.05999755859375,98.0,100.01000213623047,93.68620300292969,19564500
2018-07-03,100.4800033569336,100.62999725341797,98.94000244140625,99.05000305175781,92.7868881225586,14670300
2018-07-05,99.5,99.91999816894531,99.02999877929688,99.76000213623047,93.4520034790039,18977400
2018-07-06,99.88999938964844,101.43000030517578,99.66999816894531,101.16000366210938,94.7634506225586,19234600
2018-07-09,101.6500015258789,102.25,101.25,101.8499984741211,95.40982818603516,18212000
2018-07-10,102.0,102.51000213623047,101.86000061035156,102.12000274658203,95.66275024414062,19293100
2018-07-11,101.1500015258789,102.33999633789062,101.0999984741211,101.9800033569336,95.53160858154297,19644600
2018-07-12,102.7699966430664,104.41000366210938,102.7300033569336,104.19000244140625,97.60186767578125,24335900
2018-07-13,104.37000274658203,105.5999984741211,104.08999633789062,105.43000030517578,98.76347351074219,24635200
2018-07-16,105.4000015258789,105.81999969482422,104.5199966430664,104.91000366210938,98.2763442993164,21786900
2018-07-17,104.61000061035156,106.5,104.31999969482422,105.94999694824219,99.25060272216797,25901700
2018-07-18,105.94000244140625,106.05000305175781,104.72000122070312,105.12000274658203,98.47306823730469,29493900
2018-07-19,104.93000030517578,105.30999755859375,103.88999938964844,104.4000015258789,97.798583984375,40171600
2018-07-20,108.08000183105469,108.19999694824219,106.08000183105469,106.2699966430664,99.55033111572266,56004000
2018-07-23,106.30000305175781,108.13999938964844,106.12999725341797,107.97000122070312,101.14286804199219,29707000
2018-07-24,108.56999969482422,108.81999969482422,107.26000213623047,107.66000366210938,100.8524398803711,26316600
2018-07-25,107.95999908447266,111.1500015258789,107.5999984741211,110.83000183105469,103.82200622558594,30702100
2018-07-26,110.73999786376953,111.0,109.5,109.62000274658203,102.68851470947266,31372100
2018-07-27,110.18000030517578,110.18000030517578,106.13999938964844,107.68000030517578,100.8711929321289,37005300
2018-07-30,107.19000244140625,107.52999877929688,104.76000213623047,105.37000274658203,98.70723724365234,34668300
2018-07-31,106.48999786376953,106.72000122070312,105.37999725341797,106.08000183105469,99.37235260009766,27655200
2018-08-01,106.02999877929688,106.44999694824219,105.41999816894531,106.27999877929688,99.5597152709961,23628700
2018-08-02,105.4000015258789,108.08999633789062,104.83999633789062,107.56999969482422,100.76814270019531,26104300
2018-08-03,107.80000305175781,108.05000305175781,106.81999969482422,108.04000091552734,101.20841979980469,18659600
2018-08-06,108.12000274658203,108.41999816894531,107.55999755859375,108.12999725341797,101.29273986816406,20265900
2018-08-07,108.55999755859375,109.0999984741211,108.16999816894531,108.87999725341797,101.99531555175781,16080200
2018-08-08,109.33000183105469,109.75,108.76000213623047,109.48999786376953,102.56674194335938,15487500
2018-08-09,109.70999908447266,110.16000366210938,109.5999984741211,109.66999816894531,102.73536682128906,13677200
2018-08-10,109.41999816894531,109.69000244140625,108.37999725341797,109.0,102.10770416259766,18183700
2018-08-13,109.23999786376953,109.58000183105469,108.0999984741211,108.20999908447266,101.36766815185547,18472500
2018-08-14,108.55999755859375,109.75,108.04000091552734,109.55999755859375,102.63228607177734,16788300
2018-08-15,108.48999786376953,108.98999786376953,106.81999969482422,107.66000366210938,101.24054718017578,29982800
2018-08-16,108.30000305175781,108.86000061035156,107.30000305175781,107.63999938964844,101.22174835205078,21384300
2018-08-17,107.36000061035156,107.9000015258789,106.69000244140625,107.58000183105469,101.16532897949219,18061500
2018-08-20,107.51000213623047,107.9000015258789,106.4800033569336,106.87000274658203,100.4976806640625,17914200
2018-08-21,106.91999816894531,107.3499984741211,105.8499984741211,105.9800033569336,99.6607437133789,22881900
2018-08-22,105.8499984741211,107.33999633789062,105.77999877929688,107.05999755859375,100.67635345458984,18000600
2018-08-23,107.1500015258789,108.18000030517578,106.87000274658203,107.55999755859375,101.14653015136719,18167700
2018-08-24,107.66999816894531,108.55999755859375,107.55999755859375,108.4000015258789,101.93643951416016,17234000
2018-08-27,109.2699966430664,109.63999938964844,108.51000213623047,109.5999984741211,103.06488037109375,19662300
2018-08-28,109.94000244140625,110.5,109.79000091552734,110.26000213623047,103.68553924560547,19151500
2018-08-29,110.44999694824219,112.02999877929688,110.2699966430664,112.0199966430664,105.34059143066406,20818000
2018-08-30,111.66999816894531,112.61000061035156,111.44000244140625,111.94999694824219,105.27474975585938,22798700
2018-08-31,111.69000244140625,112.77999877929688,111.5199966430664,112.33000183105469,105.63209533691406,23222700
2018-09-04,110.8499984741211,111.95999908447266,110.22000122070312,111.70999908447266,105.04908752441406,22634600
2018-09-05,111.01000213623047,111.41999816894531,108.0999984741211,108.48999786376953,102.02108001708984,32872400
2018-09-06,108.25,108.98999786376953,107.51000213623047,108.73999786376953,102.25616455078125,23477600
2018-09-07,108.2300033569336,108.72000122070312,107.2300033569336,108.20999908447266,101.75775909423828,22498600
2018-09-10,108.83999633789062,109.63999938964844,108.36000061035156,109.37999725341797,102.85799407958984,20727900
2018-09-11,108.9000015258789,111.58999633789062,108.88999938964844,111.23999786376953,104.60710906982422,24301800
2018-09-12,111.43000030517578,111.8499984741211,110.51000213623047,111.70999908447266,105.04908752441406,18891100
2018-09-13,112.12000274658203,113.7300033569336,112.12000274658203,112.91000366210938,106.17752075195312,26055600
2018-09-14,113.36000061035156,113.7300033569336,112.44000244140625,113.37000274658203,106.6100845336914,19122300
2018-09-17,113.69000244140625,113.69999694824219,111.86000061035156,112.13999938964844,105.45344543457031,20736500
2018-09-18,112.19000244140625,113.69999694824219,111.72000122070312,113.20999908447266,106.45963287353516,22170900
2018-09-19,113.05000305175781,113.31999969482422,111.04000091552734,111.69999694824219,105.0396499633789,21728400
2018-09-20,112.27999877929688,113.80000305175781,111.93000030517578,113.56999969482422,106.79815673828125,23714500
2018-09-21,114.0,115.29000091552734,113.51000213623047,114.26000213623047,107.4470443725586,71229700
2018-09-24,113.02999877929688,114.9000015258789,112.22000122070312,114.66999816894531,107.83258819580078,27334500
2018-09-25,114.80000305175781,115.0999984741211,113.75,114.44999694824219,107.62568664550781,22668000
2018-09-26,114.47000122070312,115.05999755859375,113.73999786376953,113.9800033569336,107.18373107910156,19352000
2018-09-27,114.77999877929688,114.91000366210938,114.19999694824219,114.41000366210938,107.58808898925781,19091300
2018-09-28,114.19000244140625,114.56999969482422,113.68000030517578,114.37000274658203,107.55047607421875,21647800
2018-10-01,114.75,115.68000030517578,114.7300033569336,115.61000061035156,108.7165298461914,18883100
2018-10-02,115.30000305175781,115.83999633789062,114.44000244140625,115.1500015258789,108.2839584350586,20787200
2018-10-03,115.41999816894531,116.18000030517578,114.93000030517578,115.16999816894531,108.30276489257812,16648000
2018-10-04,114.61000061035156,114.76000213623047,111.62999725341797,112.79000091552734,106.06468200683594,34821700
2018-10-05,112.62999725341797,113.16999816894531,110.63999938964844,112.12999725341797,105.44401550292969,29068900
2018-10-08,111.66000366210938,112.02999877929688,109.33999633789062,110.8499984741211,104.24032592773438,29640600
2018-10-09,111.13999938964844,113.08000183105469,110.80000305175781,112.26000213623047,105.56627655029297,26198600
2018-10-10,111.23999786376953,111.5,105.79000091552734,106.16000366210938,99.83000183105469,61376300
2018-10-11,105.3499984741211,108.93000030517578,104.19999694824219,105.91000366210938,99.59491729736328,63904300
2018-10-12,109.01000213623047,111.23999786376953,107.12000274658203,109.56999969482422,103.03668212890625,47742100
2018-10-15,108.91000366210938,109.4800033569336,106.94999694824219,107.5999984741211,101.18413543701172,32068100
2018-10-16,109.54000091552734,111.41000366210938,108.94999694824219,111.0,104.38140106201172,31610200
2018-10-17,111.68000030517578,111.80999755859375,109.55000305175781,110.70999908447266,104.10871124267578,26548200
2018-10-18,110.0999984741211,110.52999877929688,107.83000183105469,108.5,102.03047943115234,32506200
2018-10-19,108.93000030517578,110.86000061035156,108.20999908447266,108.66000366210938,102.18094635009766,32785500
2018-10-22,109.31999969482422,110.54000091552734,108.23999786376953,109.62999725341797,103.09310150146484,26545600
2018-10-23,107.7699966430664,108.97000122070312,105.11000061035156,108.0999984741211,101.65431213378906,43770400
2018-10-24,108.41000366210938,108.48999786376953,101.58999633789062,102.31999969482422,96.2189712524414,63897800
2018-10-25,106.55000305175781,109.2699966430664,106.1500015258789,108.30000305175781,101.84241485595703,61646800
2018-10-26,105.69000244140625,108.75,104.76000213623047,106.95999908447266,100.58231353759766,55523100
2018-10-29,108.11000061035156,108.69999694824219,101.62999725341797,103.8499984741211,97.65773010253906,55162000
2018-10-30,103.66000366210938,104.37999725341797,100.11000061035156,103.7300033569336,97.54490661621094,65350900
2018-10-31,105.44000244140625,108.13999938964844,105.38999938964844,106.80999755859375,100.44123077392578,51062400
2018-11-01,107.05000305175781,107.31999969482422,105.52999877929688,105.91999816894531,99.60430908203125,33384200
2018-11-02,106.4800033569336,107.31999969482422,104.9800033569336,106.16000366210938,99.83000183105469,37680200
2018-11-05,106.37000274658203,107.73999786376953,105.9000015258789,107.51000213623047,101.09950256347656,27922100
2018-11-06,107.37999725341797,108.83999633789062,106.27999877929688,107.72000122070312,101.2969741821289,24340200
2018-11-07,109.44000244140625,112.23999786376953,109.4000015258789,111.95999908447266,105.2841567993164,37901700
2018-11-08,111.80000305175781,112.20999908447266,110.91000366210938,111.75,105.08666229248047,25644100
2018-11-09,110.8499984741211,111.44999694824219,108.76000213623047,109.56999969482422,103.03668212890625,32039200
2018-11-12,109.41999816894531,109.95999908447266,106.0999984741211,106.87000274658203,100.4976806640625,33621800
2018-11-13,107.55000305175781,108.73999786376953,106.63999938964844,106.94000244140625,100.56351470947266,35374600
2018-11-14,108.0999984741211,108.26000213623047,104.47000122070312,104.97000122070312,99.13740539550781,39495100
2018-11-15,104.98999786376953,107.80000305175781,103.91000366210938,107.27999877929688,101.31903839111328,38505200
2018-11-16,107.08000183105469,108.87999725341797,106.80000305175781,108.29000091552734,102.27293395996094,33502100
2018-11-19,108.2699966430664,108.55999755859375,103.55000305175781,104.62000274658203,98.8068618774414,44773900
2018-11-20,101.80000305175781,102.97000122070312,99.3499984741211,101.70999908447266,96.05851745605469,64052500
2018-11-21,103.5999984741211,104.43000030517578,102.23999786376953,103.11000061035156,97.38075256347656,28130600
2018-11-23,102.16999816894531,103.80999755859375,102.0,103.06999969482422,97.34297180175781,13823100
2018-11-26,104.79000091552734,106.62999725341797,104.58000183105469,106.47000122070312,100.55403900146484,32336200
2018-11-27,106.2699966430664,107.33000183105469,105.36000061035156,107.13999938964844,101.18682098388672,29124500
2018-11-28,107.88999938964844,111.33000183105469,107.86000061035156,111.12000274658203,104.94568634033203,46788500
2018-11-29,110.33000183105469,111.12000274658203,109.02999877929688,110.19000244140625,104.06734466552734,28123200
2018-11-30,110.69999694824219,110.97000122070312,109.36000061035156,110.88999938964844,104.72845458984375,33665600
2018-12-03,113.0,113.41999816894531,110.7300033569336,112.08999633789062,105.86178588867188,34732800
2018-12-04,111.94000244140625,112.63999938964844,108.20999908447266,108.5199966430664,102.4901351928711,45197000
2018-12-06,105.81999969482422,109.23999786376953,105.0,109.19000244140625,103.12293243408203,49107400
2018-12-07,108.37999725341797,109.44999694824219,104.30000305175781,104.81999969482422,98.99573516845703,45044900
2018-12-10,104.80000305175781,107.9800033569336,103.88999938964844,107.58999633789062,101.61182403564453,40801500
2018-12-11,109.80000305175781,110.94999694824219,107.44000244140625,108.58999633789062,102.5562515258789,42381900
2018-12-12,110.88999938964844,111.2699966430664,109.04000091552734,109.08000183105469,103.0190200805664,36183000
2018-12-13,109.58000183105469,110.87000274658203,108.62999725341797,109.44999694824219,103.36845397949219,31333400
2018-12-14,108.25,109.26000213623047,105.5,106.02999877929688,100.13849639892578,47043100
2018-12-17,105.41000366210938,105.80000305175781,101.70999908447266,102.88999938964844,97.17296600341797,56957300
2018-12-18,103.75,104.51000213623047,102.5199966430664,103.97000122070312,98.19297790527344,49319200
2018-12-19,103.6500015258789,106.87999725341797,101.3499984741211,103.69000244140625,97.92852020263672,68198200
2018-12-20,103.05000305175781,104.30999755859375,98.77999877929688,101.51000213623047,95.86965942382812,70334200
2018-12-21,101.62999725341797,103.0,97.45999908447266,98.2300033569336,92.77190399169922,111242100
2018-12-24,97.68000030517578,97.97000122070312,93.9800033569336,94.12999725341797,88.89971160888672,43935200
2018-12-26,95.13999938964844,100.69000244140625,93.95999908447266,100.55999755859375,94.97242736816406,51634800
2018-12-27,99.30000305175781,101.19000244140625,96.4000015258789,101.18000030517578,95.55797576904297,49498500
2018-12-28,102.08999633789062,102.41000366210938,99.5199966430664,100.38999938964844,94.8118896484375,38196300
2018-12-31,101.29000091552734,102.4000015258789,100.44000244140625,101.56999969482422,95.92632293701172,33173800
2019-01-02,99.55000305175781,101.75,98.94000244140625,101.12000274658203,95.50131225585938,35329300
2019-01-03,100.0999984741211,100.19000244140625,97.19999694824219,97.4000015258789,91.98800659179688,42579100
2019-01-04,99.72000122070312,102.51000213623047,98.93000030517578,101.93000030517578,96.26631927490234,44060600
2019-01-07,101.63999938964844,103.2699966430664,100.9800033569336,102.05999755859375,96.38907623291016,35656100
2019-01-08,103.04000091552734,103.97000122070312,101.70999908447266,102.80000305175781,97.08797454833984,31514400
2019-01-09,103.86000061035156,104.87999725341797,103.23999786376953,104.2699966430664,98.4762954711914,32280800
2019-01-10,103.22000122070312,103.75,102.37999725341797,103.5999984741211,97.84351348876953,30067600
2019-01-11,103.19000244140625,103.44000244140625,101.63999938964844,102.80000305175781,97.08797454833984,28314200
2019-01-14,101.9000015258789,102.87000274658203,101.26000213623047,102.05000305175781,96.37963104248047,28437100
2019-01-15,102.51000213623047,105.05000305175781,101.87999725341797,105.01000213623047,99.1751708984375,31587600
2019-01-16,105.26000213623047,106.26000213623047,104.95999908447266,105.37999725341797,99.52462768554688,29853900
2019-01-17,105.0,106.62999725341797,104.76000213623047,106.12000274658203,100.22350311279297,28393000
2019-01-18,107.45999908447266,107.9000015258789,105.91000366210938,107.70999908447266,101.72515106201172,37427600
2019-01-22,106.75,107.0999984741211,104.86000061035156,105.68000030517578,99.80794525146484,32371300
2019-01-23,106.12000274658203,107.04000091552734,105.33999633789062,106.70999908447266,100.78071594238281,25874300
2019-01-24,106.86000061035156,107.0,105.33999633789062,106.19999694824219,100.299072265625,23164800
2019-01-25,107.23999786376953,107.87999725341797,106.19999694824219,107.16999816894531,101.21515655517578,31225600
2019-01-28,106.26000213623047,106.4800033569336,104.66000366210938,105.08000183105469,99.24130249023438,29476700
2019-01-29,104.87999725341797,104.97000122070312,102.16999816894531,102.94000244140625,97.22019958496094,31490500
2019-01-30,104.62000274658203,106.37999725341797,104.33000183105469,106.37999725341797,100.46906280517578,49471900
2019-01-31,103.80000305175781,105.22000122070312,103.18000030517578,104.43000030517578,98.62741088867188,55636400
2019-02-01,103.77999877929688,104.0999984741211,102.3499984741211,102.77999877929688,97.06909942626953,35535700
2019-02-04,102.87000274658203,105.80000305175781,102.7699966430664,105.73999786376953,99.86460876464844,31315100
2019-02-05,106.05999755859375,107.2699966430664,105.95999908447266,107.22000122070312,101.26237487792969,27325400
2019-02-06,107.0,107.0,105.52999877929688,106.02999877929688,100.13849639892578,20609800
2019-02-07,105.19000244140625,105.58999633789062,104.29000091552734,105.2699966430664,99.42072296142578,29760700
2019-02-08,104.38999938964844,105.77999877929688,104.26000213623047,105.66999816894531,99.7984848022461,21461100
2019-02-11,106.19999694824219,106.58000183105469,104.97000122070312,105.25,99.40182495117188,18914100
2019-02-12,106.13999938964844,107.13999938964844,105.4800033569336,106.88999938964844,100.95072174072266,25056600
2019-02-13,107.5,107.77999877929688,106.70999908447266,106.80999755859375,100.87513732910156,18394900
2019-02-14,106.30999755859375,107.29000091552734,105.66000366210938,106.9000015258789,100.96016693115234,21784700
2019-02-15,107.91000366210938,108.30000305175781,107.36000061035156,108.22000122070312,102.20680236816406,26606900
2019-02-19,107.79000091552734,108.66000366210938,107.77999877929688,108.16999816894531,102.15959167480469,18038500
2019-02-20,107.86000061035156,107.94000244140625,106.29000091552734,107.1500015258789,101.62844848632812,21607700
2019-02-21,106.9000015258789,109.4800033569336,106.87000274658203,109.41000366210938,103.7719955444336,29063200
2019-02-22,110.05000305175781,111.19999694824219,109.81999969482422,110.97000122070312,105.25157928466797,27763200
2019-02-25,111.76000213623047,112.18000030517578,111.26000213623047,111.58999633789062,105.83965301513672,23750600
2019-02-26,111.26000213623047,113.23999786376953,111.16999816894531,112.36000061035156,106.5699691772461,21536700
2019-02-27,111.69000244140625,112.36000061035156,110.87999725341797,112.16999816894531,106.38975524902344,21487100
2019-02-28,112.04000091552734,112.87999725341797,111.7300033569336,112.02999877929688,106.2569808959961,29083900
2019-03-01,112.88999938964844,113.0199966430664,111.66999816894531,112.52999877929688,106.731201171875,23501200
2019-03-04,113.0199966430664,113.25,110.80000305175781,112.26000213623047,106.4751205444336,26608000
2019-03-05,112.25,112.38999938964844,111.2300033569336,111.69999694824219,105.94395446777344,19538300
2019-03-06,111.87000274658203,112.66000366210938,111.43000030517578,111.75,105.99138641357422,17687000
2019-03-07,111.4000015258789,111.55000305175781,109.87000274658203,110.38999938964844,104.70149230957031,25339000
2019-03-08,109.16000366210938,110.70999908447266,108.80000305175781,110.51000213623047,104.81529235839844,22818400
2019-03-11,110.98999786376953,112.94999694824219,110.9800033569336,112.83000183105469,107.0157470703125,26491600
2019-03-12,112.81999969482422,113.98999786376953,112.6500015258789,113.62000274658203,107.7650375366211,26132700
2019-03-13,114.12999725341797,115.0,113.77999877929688,114.5,108.59968566894531,35513800
2019-03-14,114.54000091552734,115.19999694824219,114.33000183105469,114.58999633789062,108.68504333496094,30763400
2019-03-15,115.33999633789062,117.25,114.58999633789062,115.91000366210938,109.9370346069336,54681100
2019-03-18,116.16999816894531,117.61000061035156,116.05000305175781,117.56999969482422,111.5114974975586,31207600
2019-03-19,118.08999633789062,118.44000244140625,116.98999786376953,117.6500015258789,111.5873794555664,37588700
2019-03-20,117.38999938964844,118.75,116.70999908447266,117.5199966430664,111.46405792236328,28113300
2019-03-21,117.13999938964844,120.81999969482422,117.08999633789062,120.22000122070312,114.02494049072266,29854400
2019-03-22,119.5,119.58999633789062,117.04000091552734,117.05000305175781,111.01829528808594,33624500
2019-03-25,116.55999755859375,118.01000213623047,116.31999969482422,117.66000366210938,111.59687042236328,27067100
2019-03-26,118.62000274658203,118.70999908447266,116.8499984741211,117.91000366210938,111.833984375,26097700
2019-03-27,117.87999725341797,118.20999908447266,115.5199966430664,116.7699966430664,110.75272369384766,22733400
2019-03-28,117.44000244140625,117.58000183105469,116.12999725341797,116.93000030517578,110.90447998046875,18334800
2019-03-29,118.06999969482422,118.31999969482422,116.95999908447266,117.94000244140625,111.86241912841797,25399800
2019-04-01,118.94999694824219,119.11000061035156,118.0999984741211,119.0199966430664,112.88677215576172,22789100
2019-04-02,119.05999755859375,119.4800033569336,118.5199966430664,119.19000244140625,113.04801177978516,18142300
2019-04-03,119.86000061035156,120.43000030517578,119.1500015258789,119.97000122070312,113.7878189086914,22860700
2019-04-04,120.0999984741211,120.2300033569336,118.37999725341797,119.36000061035156,113.20925903320312,20112800
2019-04-05,119.38999938964844,120.2300033569336,119.37000274658203,119.88999938964844,113.71192932128906,15826200
2019-04-08,119.80999755859375,120.0199966430664,118.63999938964844,119.93000030517578,113.74989318847656,15116200
2019-04-09,118.62999725341797,119.54000091552734,118.58000183105469,119.27999877929688,113.13336944580078,17612000
2019-04-10,119.76000213623047,120.3499984741211,119.54000091552734,120.19000244140625,113.99649047851562,16477200
2019-04-11,120.54000091552734,120.8499984741211,119.91999816894531,120.33000183105469,114.12928009033203,14209100
2019-04-12,120.63999938964844,120.9800033569336,120.37000274658203,120.94999694824219,114.71733093261719,19745100
2019-04-15,120.94000244140625,121.58000183105469,120.56999969482422,121.05000305175781,114.81217193603516,15792600
2019-04-16,121.63999938964844,121.6500015258789,120.0999984741211,120.7699966430664,114.54657745361328,14071800
2019-04-17,121.23999786376953,121.8499984741211,120.54000091552734,121.7699966430664,115.49506378173828,19300900
2019-04-18,122.19000244140625,123.5199966430664,121.30000305175781,123.37000274658203,117.01261138916016,27991000
2019-04-22,122.62000274658203,124.0,122.56999969482422,123.76000213623047,117.38251495361328,15648700
2019-04-23,124.0999984741211,125.58000183105469,123.83000183105469,125.44000244140625,118.9759292602539,24025500
2019-04-24,125.79000091552734,125.8499984741211,124.5199966430664,125.01000213623047,118.56808471679688,31257000
2019-04-25,130.05999755859375,131.3699951171875,128.8300018310547,129.14999389648438,122.49476623535156,38033900
2019-04-26,129.6999969482422,130.52000427246094,129.02000427246094,129.88999938964844,123.1966323852539,23654900
2019-04-29,129.89999389648438,130.17999267578125,129.35000610351562,129.77000427246094,123.08282470703125,16324200
2019-04-30,129.80999755859375,130.6999969482422,129.38999938964844,130.60000610351562,123.87003326416016,24166500
2019-05-01,130.52999877929688,130.64999389648438,127.69999694824219,127.87999725341797,121.29020690917969,26821700
2019-05-02,127.9800033569336,128.0,125.5199966430664,126.20999908447266,119.7062759399414,27350200
2019-05-03,127.36000061035156,129.42999267578125,127.25,128.89999389648438,122.25765991210938,24911100
2019-05-06,126.38999938964844,128.55999755859375,126.11000061035156,128.14999389648438,121.54629516601562,24239800
2019-05-07,126.45999908447266,127.18000030517578,124.22000122070312,125.5199966430664,119.05181884765625,36017700
2019-05-08,125.44000244140625,126.37000274658203,124.75,125.51000213623047,119.0423355102539,28419000
2019-05-09,124.29000091552734,125.79000091552734,123.56999969482422,125.5,119.0328598022461,27235800
2019-05-10,124.91000366210938,127.93000030517578,123.81999969482422,127.12999725341797,120.57884216308594,30915100
2019-05-13,124.11000061035156,125.55000305175781,123.04000091552734,123.3499984741211,116.99363708496094,33944900
2019-05-14,123.87000274658203,125.87999725341797,123.69999694824219,124.7300033569336,118.30254364013672,25266300
2019-05-15,124.26000213623047,126.70999908447266,123.69999694824219,126.0199966430664,119.9684829711914,24722700
2019-05-16,126.75,129.3800048828125,126.45999908447266,128.92999267578125,122.73875427246094,30112200
2019-05-17,128.30999755859375,130.4600067138672,127.91999816894531,128.07000732421875,121.92005157470703,25770500
2019-05-20,126.5199966430664,127.58999633789062,125.76000213623047,126.22000122070312,120.15890502929688,23706900
2019-05-21,127.43000030517578,127.52999877929688,126.58000183105469,126.9000015258789,120.80623626708984,15293300
2019-05-22,126.62000274658203,128.24000549316406,126.5199966430664,127.66999816894531,121.53925323486328,15396500
2019-05-23,126.19999694824219,126.29000091552734,124.73999786376953,126.18000030517578,120.1208267211914,23603800
2019-05-24,126.91000366210938,127.41999816894531,125.97000122070312,126.23999786376953,120.17790222167969,14123400
2019-05-28,126.9800033569336,128.0,126.05000305175781,126.16000366210938,120.10177612304688,23128400
2019-05-29,125.37999725341797,125.38999938964844,124.04000091552734,124.94000244140625,118.94035339355469,22763100
2019-05-30,125.26000213623047,125.76000213623047,124.77999877929688,125.7300033569336,119.69243621826172,16829600
2019-05-31,124.2300033569336,124.62000274658203,123.31999969482422,123.68000030517578,117.74087524414062,26646800
2019-06-03,123.8499984741211,124.37000274658203,119.01000213623047,119.83999633789062,114.08525085449219,37983600
2019-06-04,121.27999877929688,123.27999877929688,120.6500015258789,123.16000366210938,117.24583435058594,29382600
2019-06-05,124.94999694824219,125.87000274658203,124.20999908447266,125.83000183105469,119.7876205444336,24926100
2019-06-06,126.44000244140625,127.97000122070312,125.5999984741211,127.81999969482422,121.68205261230469,21459000
2019-06-07,129.19000244140625,132.25,128.25999450683594,131.39999389648438,125.09016418457031,33885600
2019-06-10,132.39999389648438,134.0800018310547,132.0,132.60000610351562,126.23252868652344,26477100
2019-06-11,133.8800048828125,134.24000549316406,131.27999877929688,132.10000610351562,125.75650787353516,23913700
2019-06-12,131.39999389648438,131.97000122070312,130.7100067138672,131.49000549316406,125.17581176757812,17092500
2019-06-13,131.97999572753906,133.0,131.55999755859375,132.32000732421875,125.96597290039062,17200800
2019-06-14,132.25999450683594,133.7899932861328,131.63999938964844,132.4499969482422,126.0897216796875,17821700
2019-06-17,132.6300048828125,133.72999572753906,132.52999877929688,132.85000610351562,126.47052764892578,14517800
2019-06-18,134.19000244140625,135.24000549316406,133.57000732421875,135.16000366210938,128.6696014404297,25934500
2019-06-19,135.0,135.92999267578125,133.80999755859375,135.69000244140625,129.17417907714844,23744400
2019-06-20,137.4499969482422,137.66000366210938,135.72000122070312,136.9499969482422,130.37364196777344,33042600
2019-06-21,136.5800018310547,137.72999572753906,136.4600067138672,136.97000122070312,130.3926544189453,36727900
2019-06-24,137.0,138.39999389648438,137.0,137.77999877929688,131.1637725830078,20628800
2019-06-25,137.25,137.58999633789062,132.72999572753906,133.42999267578125,127.02264404296875,33327400
2019-06-26,134.35000610351562,135.74000549316406,133.60000610351562,133.92999267578125,127.4986572265625,23657700
2019-06-27,134.13999938964844,134.7100067138672,133.50999450683594,134.14999389648438,127.70808410644531,16557500
2019-06-28,134.57000732421875,134.60000610351562,133.16000366210938,133.9600067138672,127.5272216796875,30043000
2019-07-01,136.6300048828125,136.6999969482422,134.97000122070312,135.67999267578125,129.16461181640625,22613500
2019-07-02,136.1199951171875,136.58999633789062,135.33999633789062,136.5800018310547,130.0214080810547,15237800
2019-07-03,136.8000030517578,137.74000549316406,136.2899932861328,137.4600067138672,130.859130859375,13629300
2019-07-05,135.94000244140625,137.3300018310547,135.72000122070312,137.05999755859375,130.4783477783203,18141100
2019-07-08,136.39999389648438,137.10000610351562,135.3699951171875,136.9600067138672,130.38311767578125,16779700
2019-07-09,136.0,136.97000122070312,135.8000030517578,136.4600067138672,129.90716552734375,19953100
2019-07-10,137.1300048828125,138.5800018310547,137.02000427246094,137.85000610351562,131.23040771484375,24204400
2019-07-11,138.1999969482422,139.22000122070312,137.8699951171875,138.39999389648438,131.7540283203125,22327900
2019-07-12,138.85000610351562,139.1300048828125,138.00999450683594,138.89999389648438,132.22998046875,18936800
2019-07-15,139.44000244140625,139.5399932861328,138.4600067138672,138.89999389648438,132.22998046875,16651500
2019-07-16,138.9600067138672,139.0500030517578,136.52000427246094,137.0800018310547,130.49742126464844,22726100
2019-07-17,137.6999969482422,137.92999267578125,136.22000122070312,136.27000427246094,129.72630310058594,20211000
2019-07-18,135.5500030517578,136.6199951171875,134.6699981689453,136.4199981689453,129.8690948486328,30381800
2019-07-19,140.22000122070312,140.6699981689453,136.4499969482422,136.6199951171875,130.05946350097656,48992400
2019-07-22,137.41000366210938,139.19000244140625,137.3300018310547,138.42999267578125,131.7825469970703,25074900
2019-07-23,139.75999450683594,139.99000549316406,138.02999877929688,139.2899932861328,132.60130310058594,18034600
2019-07-24,138.89999389648438,140.74000549316406,138.85000610351562,140.72000122070312,133.96261596679688,20738300
2019-07-25,140.42999267578125,140.61000061035156,139.32000732421875,140.19000244140625,133.4580841064453,18356900
2019-07-26,140.3699951171875,141.67999267578125,140.3000030517578,141.33999633789062,134.55282592773438,19037600
2019-07-29,141.5,141.50999450683594,139.3699951171875,141.02999877929688,134.2576904296875,16605900
2019-07-30,140.13999938964844,141.22000122070312,139.8000030517578,140.35000610351562,133.61036682128906,16846500
2019-07-31,140.3300018310547,140.49000549316406,135.0800018310547,136.27000427246094,129.72630310058594,38598800
2019-08-01,137.0,140.94000244140625,136.92999267578125,138.05999755859375,131.43031311035156,40557500
2019-08-02,138.08999633789062,138.32000732421875,135.25999450683594,136.89999389648438,130.3260040283203,30791600
2019-08-05,133.3000030517578,133.92999267578125,130.77999877929688,132.2100067138672,125.86125183105469,42749600
2019-08-06,133.8000030517578,135.67999267578125,133.2100067138672,134.69000244140625,128.22218322753906,32696700
2019-08-07,133.7899932861328,135.64999389648438,131.8300018310547,135.27999877929688,128.78387451171875,33414500
2019-08-08,136.60000610351562,138.99000549316406,135.92999267578125,138.88999938964844,132.22052001953125,27496500
2019-08-09,138.61000061035156,139.3800048828125,136.4600067138672,137.7100067138672,131.0971221923828,23466700
2019-08-12,137.07000732421875,137.86000061035156,135.24000549316406,135.7899932861328,129.26937866210938,20484300
2019-08-13,136.0500030517578,138.8000030517578,135.0,138.60000610351562,131.9444122314453,25154600
2019-08-14,136.36000061035156,136.9199981689453,133.6699981689453,133.97999572753906,127.97097778320312,32527300
2019-08-15,134.38999938964844,134.5800018310547,132.25,133.67999267578125,127.6844482421875,28074400
2019-08-16,134.8800048828125,136.4600067138672,134.72000122070312,136.1300048828125,130.02456665039062,24449100
2019-08-19,137.85000610351562,138.5500030517578,136.88999938964844,138.41000366210938,132.20233154296875,24355700
2019-08-20,138.2100067138672,138.7100067138672,137.24000549316406,137.25999450683594,131.1038360595703,21170800
2019-08-21,138.5500030517578,139.49000549316406,138.0,138.7899932861328,132.56524658203125,14970300
2019-08-22,138.66000366210938,139.1999969482422,136.2899932861328,137.77999877929688,131.60052490234375,18697000
2019-08-23,137.19000244140625,138.35000610351562,132.8000030517578,133.38999938964844,127.40746307373047,38508600
2019-08-26,134.99000549316406,135.55999755859375,133.89999389648438,135.4499969482422,129.37503051757812,20312600
2019-08-27,136.38999938964844,136.72000122070312,134.66000366210938,135.74000549316406,129.6520233154297,23102100
2019-08-28,134.8800048828125,135.75999450683594,133.5500030517578,135.55999755859375,129.4801025390625,17393300
2019-08-29,137.25,138.44000244140625,136.91000366210938,138.1199951171875,131.92526245117188,20168700
2019-08-30,139.14999389648438,139.17999267578125,136.27000427246094,137.86000061035156,131.6769561767578,23940100
2019-09-03,136.61000061035156,137.1999969482422,135.6999969482422,136.0399932861328,129.93856811523438,18869300
2019-09-04,137.3000030517578,137.69000244140625,136.47999572753906,137.6300048828125,131.457275390625,17995900
2019-09-05,139.11000061035156,140.3800048828125,138.75999450683594,140.0500030517578,133.76876831054688,26101800
2019-09-06,140.02999877929688,140.17999267578125,138.1999969482422,139.10000610351562,132.8613739013672,20824500
2019-09-09,139.58999633789062,139.75,136.4600067138672,137.52000427246094,131.35218811035156,25773900
2019-09-10,136.8000030517578,136.88999938964844,134.50999450683594,136.0800018310547,129.97683715820312,28903400
2019-09-11,135.91000366210938,136.27000427246094,135.08999633789062,136.1199951171875,130.01499938964844,24726100
2019-09-12,137.85000610351562,138.4199981689453,136.8699951171875,137.52000427246094,131.35218811035156,27010000
2019-09-13,137.77999877929688,138.05999755859375,136.57000732421875,137.32000732421875,131.16119384765625,23363100
2019-09-16,135.8300018310547,136.6999969482422,135.66000366210938,136.3300018310547,130.215576171875,16731400
2019-09-17,136.9600067138672,137.52000427246094,136.42999267578125,137.38999938964844,131.22802734375,17814200
2019-09-18,137.36000061035156,138.6699981689453,136.52999877929688,138.52000427246094,132.30735778808594,23982100
2019-09-19,140.3000030517578,142.3699951171875,140.07000732421875,141.07000732421875,134.7429656982422,35772100
2019-09-20,141.00999450683594,141.64999389648438,138.25,139.44000244140625,133.1860809326172,39167300
2019-09-23,139.22999572753906,139.6300048828125,138.44000244140625,139.13999938964844,132.89955139160156,17139300
2019-09-24,140.36000061035156,140.69000244140625,136.8800048828125,137.3800048828125,131.21849060058594,29773200
2019-09-25,137.5,139.9600067138672,136.02999877929688,139.36000061035156,133.10971069335938,21382000
2019-09-26,139.44000244140625,140.17999267578125,138.44000244140625,139.5399932861328,133.2816162109375,17456600
2019-09-27,140.14999389648438,140.36000061035156,136.64999389648438,137.72999572753906,131.55279541015625,22477700
2019-09-30,138.0500030517578,139.22000122070312,137.77999877929688,139.02999877929688,132.79446411132812,17280900
2019-10-01,139.66000366210938,140.25,137.0,137.07000732421875,130.9224090576172,21466600
2019-10-02,136.25,136.3699951171875,133.5800018310547,134.64999389648438,128.6109161376953,30521700
2019-10-03,134.9499969482422,136.75,133.22000122070312,136.27999877929688,130.1678466796875,24132900
2019-10-04,136.75,138.25,136.4199981689453,138.1199951171875,131.92526245117188,22897700
2019-10-07,137.13999938964844,138.17999267578125,137.02000427246094,137.1199951171875,130.9701385498047,15303700
2019-10-08,137.0800018310547,137.75999450683594,135.6199951171875,135.6699981689453,129.5851593017578,25550500
2019-10-09,137.4600067138672,138.6999969482422,136.97000122070312,138.24000549316406,132.03990173339844,19749900
2019-10-10,138.49000549316406,139.6699981689453,138.25,139.10000610351562,132.8613739013672,17654600
2019-10-11,140.1199951171875,141.02999877929688,139.5,139.67999267578125,133.4153289794922,25446000
2019-10-14,139.69000244140625,140.2899932861328,139.52000427246094,139.5500030517578,133.2911834716797,13304300
2019-10-15,140.05999755859375,141.7899932861328,139.80999755859375,141.57000732421875,135.22056579589844,19695700
2019-10-16,140.7899932861328,140.99000549316406,139.52999877929688,140.41000366210938,134.1126251220703,20751600
2019-10-17,140.9499969482422,141.4199981689453,139.02000427246094,139.69000244140625,133.42489624023438,21460600
2019-10-18,139.75999450683594,140.0,136.55999755859375,137.41000366210938,131.2471160888672,32273500
2019-10-21,138.4499969482422,138.5,137.00999450683594,138.42999267578125,132.22137451171875,20078200
2019-10-22,138.97000122070312,140.00999450683594,136.25999450683594,136.3699951171875,130.25375366210938,27431000
2019-10-23,136.8800048828125,137.4499969482422,135.61000061035156,137.24000549316406,131.08477783203125,29844600
2019-10-24,139.38999938964844,140.4199981689453,138.6699981689453,139.94000244140625,133.66368103027344,37029300
2019-10-25,139.33999633789062,141.13999938964844,139.1999969482422,140.72999572753906,134.418212890625,25959700
2019-10-28,144.39999389648438,145.6699981689453,143.50999450683594,144.19000244140625,137.72300720214844,35280100
2019-10-29,144.0800018310547,144.5,142.64999389648438,142.8300018310547,136.42405700683594,20589500
2019-10-30,143.52000427246094,145.0,142.7899932861328,144.61000061035156,138.1242218017578,18496600
2019-10-31,144.89999389648438,144.92999267578125,142.99000549316406,143.3699951171875,136.93984985351562,24605100
2019-11-01,144.25999450683594,144.4199981689453,142.97000122070312,143.72000122070312,137.27413940429688,33128400
2019-11-04,144.8300018310547,145.0,144.16000366210938,144.5500030517578,138.06690979003906,16912000
2019-11-05,144.97000122070312,145.02000427246094,143.91000366210938,144.4600067138672,137.98098754882812,18250200
2019-11-06,144.3699951171875,144.52000427246094,143.1999969482422,144.05999755859375,137.598876953125,16575800
2019-11-07,143.83999633789062,144.8800048828125,143.77000427246094,144.25999450683594,137.78988647460938,17786700
2019-11-08,143.97999572753906,145.99000549316406,143.75999450683594,145.9600067138672,139.4136962890625,16732700
2019-11-11,145.33999633789062,146.4199981689453,144.72999572753906,146.11000061035156,139.55697631835938,14362600
2019-11-12,146.27999877929688,147.57000732421875,146.05999755859375,147.07000732421875,140.47389221191406,18641600
2019-11-13,146.74000549316406,147.4600067138672,146.27999877929688,147.30999755859375,140.703125,16919200
2019-11-14,147.02000427246094,148.41000366210938,147.0,148.05999755859375,141.41949462890625,19729800
2019-11-15,148.92999267578125,149.99000549316406,148.27000427246094,149.97000122070312,143.24383544921875,23485700
2019-11-18,150.07000732421875,150.5500030517578,148.97999572753906,150.33999633789062,143.59722900390625,21534000
2019-11-19,150.8800048828125,151.3300018310547,150.1999969482422,150.38999938964844,143.64498901367188,23935700
2019-11-20,150.30999755859375,150.83999633789062,148.4600067138672,149.6199951171875,143.39581298828125,25696800
2019-11-21,149.39999389648438,149.8000030517578,148.5,149.47999572753906,143.26161193847656,18576100
2019-11-22,150.07000732421875,150.3000030517578,148.82000732421875,149.58999633789062,143.36705017089844,15901800
2019-11-25,150.0,151.35000610351562,149.9199981689453,151.22999572753906,144.93882751464844,22420900
2019-11-26,151.36000061035156,152.4199981689453,151.32000732421875,152.02999877929688,145.70555114746094,24620100
2019-11-27,152.3300018310547,152.5,151.52000427246094,152.32000732421875,145.98348999023438,15184400
2019-11-29,152.10000610351562,152.3000030517578,151.27999877929688,151.3800048828125,145.0825958251953,11977300
2019-12-02,151.80999755859375,151.8300018310547,148.32000732421875,149.5500030517578,143.32867431640625,27418400
2019-12-03,147.49000549316406,149.42999267578125,146.64999389648438,149.30999755859375,143.09869384765625,24066000
2019-12-04,150.13999938964844,150.17999267578125,149.1999969482422,149.85000610351562,143.6162567138672,17574700
2019-12-05,150.0500030517578,150.32000732421875,149.47999572753906,149.92999267578125,143.6929168701172,17869100
2019-12-06,150.99000549316406,151.8699951171875,150.27000427246094,151.75,145.43719482421875,16403500
2019-12-09,151.07000732421875,152.2100067138672,150.91000366210938,151.36000061035156,145.06344604492188,16687400
2019-12-10,151.2899932861328,151.88999938964844,150.75999450683594,151.1300048828125,144.84300231933594,16476100
2019-12-11,151.5399932861328,151.8699951171875,150.3300018310547,151.6999969482422,145.38926696777344,18856600
2019-12-12,151.64999389648438,153.44000244140625,151.02000427246094,153.24000549316406,146.86520385742188,24612100
2019-12-13,153.0,154.88999938964844,152.8300018310547,154.52999877929688,148.1015625,23845400
2019-12-16,155.11000061035156,155.89999389648438,154.82000732421875,155.52999877929688,149.0599822998047,24144200
2019-12-17,155.4499969482422,155.7100067138672,154.4499969482422,154.69000244140625,148.25491333007812,25425600
2019-12-18,154.3000030517578,155.47999572753906,154.17999267578125,154.3699951171875,147.94821166992188,24129200
2019-12-19,154.0,155.77000427246094,153.75,155.7100067138672,149.2324676513672,24958900
2019-12-20,157.35000610351562,158.49000549316406,156.2899932861328,157.41000366210938,150.8617401123047,53477500
2019-12-23,158.1199951171875,158.1199951171875,157.27000427246094,157.41000366210938,150.8617401123047,17718200
2019-12-24,157.47999572753906,157.7100067138672,157.1199951171875,157.3800048828125,150.8330078125,8989200
2019-12-26,157.55999755859375,158.72999572753906,157.39999389648438,158.6699981689453,152.06932067871094,14520600
2019-12-27,159.4499969482422,159.5500030517578,158.22000122070312,158.9600067138672,152.3472900390625,18412800
2019-12-30,158.99000549316406,159.02000427246094,156.72999572753906,157.58999633789062,151.03427124023438,16348400
2019-12-31,156.77000427246094,157.77000427246094,156.4499969482422,157.6999969482422,151.13970947265625,18369400
2020-01-02,158.77999877929688,160.72999572753906,158.3300018310547,160.6199951171875,153.9381866455078,22622100
2020-01-03,158.32000732421875,159.9499969482422,158.05999755859375,158.6199951171875,152.02137756347656,21116200
2020-01-06,157.0800018310547,159.10000610351562,156.50999450683594,159.02999877929688,152.4143829345703,20813700
2020-01-07,159.32000732421875,159.6699981689453,157.32000732421875,157.5800018310547,151.02468872070312,21634100
2020-01-08,158.92999267578125,160.8000030517578,157.9499969482422,160.08999633789062,153.4302520751953,27746500
2020-01-09,161.83999633789062,162.22000122070312,161.02999877929688,162.08999633789062,155.3470916748047,21385000
2020-01-10,162.82000732421875,163.22000122070312,161.17999267578125,161.33999633789062,154.6282958984375,20725900
2020-01-13,161.75999450683594,163.30999755859375,161.25999450683594,163.27999877929688,156.487548828125,21626500
2020-01-14,163.38999938964844,163.60000610351562,161.72000122070312,162.1300048828125,155.3853759765625,23477400
2020-01-15,162.6199951171875,163.94000244140625,162.57000732421875,163.17999267578125,156.3916778564453,21417900
2020-01-16,164.35000610351562,166.24000549316406,164.02999877929688,166.1699981689453,159.25730895996094,23865400
2020-01-17,167.4199981689453,167.47000122070312,165.42999267578125,167.10000610351562,160.148681640625,34371700
2020-01-21,166.67999267578125,168.19000244140625,166.42999267578125,166.5,159.5736083984375,29517200
2020-01-22,167.39999389648438,167.49000549316406,165.67999267578125,165.6999969482422,158.80690002441406,24138800
2020-01-23,166.19000244140625,166.8000030517578,165.27000427246094,166.72000122070312,159.78448486328125,19680800
2020-01-24,167.50999450683594,167.52999877929688,164.4499969482422,165.0399932861328,158.17433166503906,24918100
2020-01-27,161.14999389648438,163.3800048828125,160.1999969482422,162.27999877929688,155.5291290283203,32078100
2020-01-28,163.77999877929688,165.75999450683594,163.07000732421875,165.4600067138672,158.5768585205078,24899900
2020-01-29,167.83999633789062,168.75,165.69000244140625,168.0399932861328,161.04949951171875,34754500
2020-01-30,174.0500030517578,174.0500030517578,170.7899932861328,172.77999877929688,165.5923614501953,51597500
2020-01-31,172.2100067138672,172.39999389648438,169.5800018310547,170.22999572753906,163.14845275878906,36142700
2020-02-03,170.42999267578125,174.5,170.39999389648438,174.3800048828125,167.1258087158203,30107000
2020-02-04,177.13999938964844,180.63999938964844,176.30999755859375,180.1199951171875,172.6269989013672,36433300
2020-02-05,184.02999877929688,184.1999969482422,178.41000366210938,179.89999389648438,172.41612243652344,39186300
2020-02-06,180.97000122070312,183.82000732421875,180.05999755859375,183.6300048828125,175.99099731445312,27751400
2020-02-07,182.85000610351562,185.6300048828125,182.47999572753906,183.88999938964844,176.24017333984375,33529100
2020-02-10,183.5800018310547,188.83999633789062,183.25,188.6999969482422,180.85008239746094,35844300
2020-02-11,190.64999389648438,190.6999969482422,183.5,184.44000244140625,176.7672882080078,53159900
2020-02-12,185.5800018310547,185.85000610351562,181.85000610351562,184.7100067138672,177.02610778808594,47062900
2020-02-13,183.0800018310547,186.22999572753906,182.8699951171875,183.7100067138672,176.06765747070312,35295800
2020-02-14,183.25,185.41000366210938,182.64999389648438,185.35000610351562,177.63946533203125,23149500
2020-02-18,185.61000061035156,187.6999969482422,185.5,187.22999572753906,179.4412078857422,27792200
2020-02-19,188.05999755859375,188.17999267578125,186.47000122070312,187.27999877929688,179.97938537597656,29997500
2020-02-20,186.9499969482422,187.25,181.10000610351562,184.4199981689453,177.2308807373047,36862400
2020-02-21,183.1699981689453,183.5,177.25,178.58999633789062,171.62818908691406,48572600
2020-02-24,167.77000427246094,174.5500030517578,163.22999572753906,170.88999938964844,164.2283172607422,68311100
2020-02-25,174.1999969482422,174.83999633789062,167.64999389648438,168.07000732421875,161.51828002929688,68073300
2020-02-26,169.7100067138672,173.25999450683594,168.2100067138672,170.1699981689453,163.53639221191406,56206100
2020-02-27,163.32000732421875,167.02999877929688,157.97999572753906,158.17999267578125,152.0137939453125,93174900
2020-02-28,152.41000366210938,163.7100067138672,152.0,162.00999450683594,155.6944580078125,97012700
2020-03-02,165.30999755859375,172.9199981689453,162.30999755859375,172.7899932861328,166.0542449951172,71030800
2020-03-03,173.8000030517578,175.0,162.25999450683594,164.50999450683594,158.09701538085938,71677000
2020-03-04,168.49000549316406,170.6999969482422,165.6199951171875,170.5500030517578,163.9015655517578,49814400
2020-03-05,166.0500030517578,170.8699951171875,165.69000244140625,166.27000427246094,159.78842163085938,47817300
2020-03-06,162.61000061035156,163.11000061035156,156.0,161.57000732421875,155.2716522216797,72821100
2020-03-09,151.0,157.75,150.0,150.6199951171875,144.74850463867188,70419300
2020-03-10,158.16000366210938,161.02999877929688,152.5800018310547,160.9199981689453,154.64697265625,65354400
2020-03-11,157.1300048828125,157.6999969482422,151.14999389648438,153.6300048828125,147.64112854003906,56371600
2020-03-12,145.3000030517578,153.47000122070312,138.5800018310547,139.05999755859375,133.63909912109375,93226400
2020-03-13,147.5,161.91000366210938,140.72999572753906,158.8300018310547,152.63844299316406,92727400
2020-03-16,140.0,149.35000610351562,135.0,135.4199981689453,130.14102172851562,87905900
2020-03-17,140.0,147.5,135.0,146.57000732421875,140.8563690185547,81059800
2020-03-18,138.0,146.0,135.02000427246094,140.39999389648438,134.92689514160156,81593200
2020-03-19,142.77000427246094,150.14999389648438,139.0,142.7100067138672,137.14686584472656,85922700
2020-03-20,146.0,147.10000610351562,135.86000061035156,137.35000610351562,131.9957733154297,84866200
2020-03-23,137.00999450683594,140.57000732421875,132.52000427246094,135.97999572753906,130.67919921875,78975200
2020-03-24,143.75,149.60000610351562,141.27000427246094,148.33999633789062,142.55734252929688,82516700
2020-03-25,148.91000366210938,154.3300018310547,144.44000244140625,146.9199981689453,141.19273376464844,75638200
2020-03-26,148.39999389648438,156.66000366210938,148.3699951171875,156.11000061035156,150.0244598388672,64568100
2020-03-27,151.75,154.88999938964844,149.1999969482422,149.6999969482422,143.8643341064453,57042300
2020-03-30,152.44000244140625,160.60000610351562,150.00999450683594,160.22999572753906,153.98388671875,63420300
2020-03-31,159.39999389648438,164.77999877929688,156.55999755859375,157.7100067138672,151.56211853027344,77927200
2020-04-01,153.0,157.75,150.82000732421875,152.11000061035156,146.180419921875,57969900
2020-04-02,151.86000061035156,155.47999572753906,150.36000061035156,155.25999450683594,149.20761108398438,49630700
2020-04-03,155.10000610351562,157.3800048828125,152.19000244140625,153.8300018310547,147.83334350585938,41243300
2020-04-06,160.32000732421875,166.5,157.5800018310547,165.27000427246094,158.82742309570312,67111700
2020-04-07,169.58999633789062,170.0,163.25999450683594,163.49000549316406,157.11680603027344,62769000
2020-04-08,165.6699981689453,166.6699981689453,163.5,165.1300048828125,158.69284057617188,48318200
2020-04-09,166.36000061035156,167.3699951171875,163.3300018310547,165.13999938964844,158.70248413085938,51385100
2020-04-13,164.35000610351562,165.57000732421875,162.3000030517578,165.50999450683594,159.05804443359375,41905300
2020-04-14,169.0,173.75,168.0,173.6999969482422,166.92877197265625,52874300
2020-04-15,171.1999969482422,173.57000732421875,169.24000549316406,171.8800048828125,165.1797637939453,40940800
2020-04-16,174.3000030517578,177.27999877929688,172.89999389648438,177.0399932861328,170.1385955810547,50479600
2020-04-17,179.5,180.0,175.8699951171875,178.60000610351562,171.63775634765625,52765600
2020-04-20,176.6300048828125,178.75,174.99000549316406,175.05999755859375,168.23573303222656,36669600
2020-04-21,173.5,173.6699981689453,166.11000061035156,167.82000732421875,161.27801513671875,56203700
2020-04-22,171.38999938964844,174.0,170.82000732421875,173.52000427246094,166.75584411621094,34620200
2020-04-23,174.11000061035156,175.05999755859375,170.91000366210938,171.4199981689453,164.7376708984375,32790800
2020-04-24,172.05999755859375,174.55999755859375,170.7100067138672,174.5500030517578,167.7456512451172,34277600
2020-04-27,176.58999633789062,176.89999389648438,173.3000030517578,174.0500030517578,167.26515197753906,33194400
2020-04-28,175.58999633789062,175.6699981689453,169.38999938964844,169.80999755859375,163.19041442871094,34392700
2020-04-29,173.22000122070312,177.67999267578125,171.8800048828125,177.42999267578125,170.5133819580078,51286600
2020-04-30,180.0,180.39999389648438,176.22999572753906,179.2100067138672,172.22398376464844,53875900
2020-05-01,175.8000030517578,178.63999938964844,174.00999450683594,174.57000732421875,167.764892578125,39370500
2020-05-04,174.49000549316406,179.0,173.8000030517578,178.83999633789062,171.86839294433594,30372900
2020-05-05,180.6199951171875,183.64999389648438,179.89999389648438,180.75999450683594,173.7135467529297,36839200
2020-05-06,182.0800018310547,184.1999969482422,181.6300048828125,182.5399932861328,175.42417907714844,32139300
2020-05-07,184.1699981689453,184.5500030517578,182.5800018310547,183.60000610351562,176.44290161132812,28316000
2020-05-08,184.97999572753906,185.0,183.36000061035156,184.67999267578125,177.48077392578125,30877800
2020-05-11,183.14999389648438,187.50999450683594,182.85000610351562,186.74000549316406,179.46046447753906,30892700
2020-05-12,186.8000030517578,187.0399932861328,182.3000030517578,182.50999450683594,175.39535522460938,32038200
2020-05-13,182.5500030517578,184.0500030517578,176.5399932861328,179.75,172.74293518066406,44711500
2020-05-14,177.5399932861328,180.69000244140625,175.67999267578125,180.52999877929688,173.49253845214844,41873900
2020-05-15,179.05999755859375,187.05999755859375,177.0,183.16000366210938,176.02001953125,46610400
2020-05-18,185.75,186.1999969482422,183.9600067138672,184.91000366210938,177.7017822265625,35264500
2020-05-19,185.02999877929688,186.60000610351562,183.49000549316406,183.6300048828125,176.47169494628906,26799100
2020-05-20,184.80999755859375,185.85000610351562,183.94000244140625,185.66000366210938,178.91949462890625,31261300
2020-05-21,185.39999389648438,186.6699981689453,183.2899932861328,183.42999267578125,176.7704620361328,29119500
2020-05-22,183.19000244140625,184.4600067138672,182.5399932861328,183.50999450683594,176.84754943847656,20826900
2020-05-26,186.33999633789062,186.5,181.10000610351562,181.57000732421875,174.9779815673828,36073600
2020-05-27,180.1999969482422,181.99000549316406,176.60000610351562,181.80999755859375,175.20924377441406,39517100
2020-05-28,180.74000549316406,184.14999389648438,180.3800048828125,181.39999389648438,174.8141326904297,33810200
2020-05-29,182.72999572753906,184.27000427246094,180.41000366210938,183.25,176.59693908691406,42130400
2020-06-01,182.5399932861328,183.0,181.4600067138672,182.8300018310547,176.19223022460938,22622400
2020-06-02,184.25,185.0,181.35000610351562,184.91000366210938,178.19671630859375,30794600
2020-06-03,184.82000732421875,185.94000244140625,183.5800018310547,185.36000061035156,178.63037109375,27311000
2020-06-04,184.3000030517578,185.83999633789062,182.3000030517578,182.9199981689453,176.2789764404297,28761800
2020-06-05,182.6199951171875,187.72999572753906,182.00999450683594,187.1999969482422,180.403564453125,39893600
2020-06-08,185.94000244140625,188.5500030517578,184.44000244140625,188.36000061035156,181.52145385742188,33211600
2020-06-09,188.0,190.6999969482422,187.25999450683594,189.8000030517578,182.9091796875,29783900
2020-06-10,191.1300048828125,198.52000427246094,191.00999450683594,196.83999633789062,189.693603515625,43872300
2020-06-11,193.1300048828125,195.75999450683594,186.07000732421875,186.27000427246094,179.50735473632812,52854700
2020-06-12,190.5399932861328,191.72000122070312,185.17999267578125,187.74000549316406,180.92396545410156,43373600
2020-06-15,184.5800018310547,190.82000732421875,184.00999450683594,188.94000244140625,182.08038330078125,32770200
2020-06-16,192.88999938964844,195.5800018310547,191.4600067138672,193.57000732421875,186.54226684570312,42556700
2020-06-17,195.02999877929688,196.32000732421875,193.69000244140625,194.24000549316406,187.18798828125,25687800
2020-06-18,194.0,196.49000549316406,194.0,196.32000732421875,189.19247436523438,23061600
2020-06-19,198.58999633789062,199.2899932861328,194.3699951171875,195.14999389648438,188.06494140625,44441100
2020-06-22,195.7899932861328,200.75999450683594,195.22999572753906,200.57000732421875,193.2882080078125,32818900
2020-06-23,202.08999633789062,203.9499969482422,201.42999267578125,201.91000366210938,194.5795135498047,30917400
2020-06-24,201.60000610351562,203.25,196.55999755859375,197.83999633789062,190.65731811523438,36740600
2020-06-25,197.8000030517578,200.61000061035156,195.47000122070312,200.33999633789062,193.06646728515625,27803900
2020-06-26,199.72999572753906,199.88999938964844,194.8800048828125,196.3300018310547,189.20208740234375,54675800
2020-06-29,195.77999877929688,198.52999877929688,193.5500030517578,198.44000244140625,191.23548889160156,26701600
2020-06-30,197.8800048828125,204.39999389648438,197.74000549316406,203.50999450683594,196.12139892578125,34310300
2020-07-01,203.13999938964844,206.35000610351562,201.77000427246094,204.6999969482422,197.26821899414062,32061200
2020-07-02,205.67999267578125,208.02000427246094,205.0,206.25999450683594,198.7716064453125,29315800
2020-07-06,208.8300018310547,211.1300048828125,208.08999633789062,210.6999969482422,203.0503692626953,31897600
2020-07-07,210.4499969482422,214.6699981689453,207.99000549316406,208.25,200.68931579589844,33600700
2020-07-08,210.07000732421875,213.25999450683594,208.69000244140625,212.8300018310547,205.10305786132812,33600000
2020-07-09,216.3300018310547,216.3800048828125,211.47000122070312,214.32000732421875,206.53895568847656,33121700
2020-07-10,213.6199951171875,214.0800018310547,211.0800018310547,213.6699981689453,205.91253662109375,26177600
2020-07-13,214.47999572753906,215.8000030517578,206.5,207.07000732421875,199.55218505859375,38135600
2020-07-14,206.1300048828125,208.85000610351562,202.02999877929688,208.35000610351562,200.78570556640625,37591800
2020-07-15,209.55999755859375,211.3300018310547,205.02999877929688,208.0399932861328,200.4869842529297,32179400
2020-07-16,205.39999389648438,205.6999969482422,202.30999755859375,203.9199981689453,196.51657104492188,29940700
2020-07-17,204.47000122070312,205.0399932861328,201.38999938964844,202.8800048828125,195.5142822265625,31635300
2020-07-20,205.0,212.3000030517578,203.00999450683594,211.60000610351562,203.917724609375,36884800
2020-07-21,213.66000366210938,213.94000244140625,208.02999877929688,208.75,201.17117309570312,37990400
2020-07-22,209.1999969482422,212.3000030517578,208.38999938964844,211.75,204.062255859375,49605700
2020-07-23,207.19000244140625,210.9199981689453,202.14999389648438,202.5399932861328,195.18666076660156,67457000
2020-07-24,200.4199981689453,202.86000061035156,197.50999450683594,201.3000030517578,193.9916534423828,39827000
2020-07-27,201.47000122070312,203.97000122070312,200.86000061035156,203.85000610351562,196.4490966796875,30160900
2020-07-28,203.61000061035156,204.6999969482422,201.74000549316406,202.02000427246094,194.6855010986328,23251400
2020-07-29,202.5,204.64999389648438,202.00999450683594,204.05999755859375,196.65147399902344,19632600
2020-07-30,201.0,204.4600067138672,199.57000732421875,203.89999389648438,196.4972686767578,25079600
2020-07-31,204.39999389648438,205.10000610351562,199.00999450683594,205.00999450683594,197.5669403076172,51044000
2020-08-03,211.52000427246094,217.63999938964844,210.44000244140625,216.5399932861328,208.67832946777344,78983000
2020-08-04,214.1699981689453,214.77000427246094,210.30999755859375,213.2899932861328,205.5463409423828,49280100
2020-08-05,214.89999389648438,215.0,211.57000732421875,212.94000244140625,205.20904541015625,28806400
2020-08-06,212.33999633789062,216.3699951171875,211.5500030517578,216.35000610351562,208.49525451660156,32656800
2020-08-07,214.85000610351562,215.6999969482422,210.92999267578125,212.47999572753906,204.76577758789062,27820400
2020-08-10,211.6699981689453,211.8800048828125,206.35000610351562,208.25,200.68931579589844,36716500
2020-08-11,207.16000366210938,207.64999389648438,203.13999938964844,203.3800048828125,195.9961395263672,36446500
2020-08-12,205.2899932861328,210.27999877929688,204.75,209.19000244140625,201.59521484375,28013100
2020-08-13,209.44000244140625,211.35000610351562,208.14999389648438,208.6999969482422,201.12298583984375,22588900
2020-08-14,208.75999450683594,209.58999633789062,207.50999450683594,208.89999389648438,201.31573486328125,17958900
2020-08-17,209.60000610351562,211.19000244140625,208.9199981689453,210.27999877929688,202.6456756591797,20184800
2020-08-18,210.52999877929688,212.36000061035156,209.2100067138672,211.49000549316406,203.81170654296875,21336200
2020-08-19,211.49000549316406,212.10000610351562,209.25,209.6999969482422,202.57521057128906,27627600
2020-08-20,209.5399932861328,215.0,208.91000366210938,214.5800018310547,207.28939819335938,26981500
2020-08-21,213.86000061035156,216.25,212.85000610351562,213.02000427246094,205.7823944091797,36249300
2020-08-24,214.7899932861328,215.52000427246094,212.42999267578125,213.69000244140625,206.42965698242188,25460100
2020-08-25,213.10000610351562,216.61000061035156,213.10000610351562,216.47000122070312,209.11517333984375,23043700
2020-08-26,217.8800048828125,222.08999633789062,217.36000061035156,221.14999389648438,213.63612365722656,39600800
2020-08-27,222.88999938964844,231.14999389648438,219.39999389648438,226.5800018310547,218.88168334960938,57602200
2020-08-28,228.17999267578125,230.63999938964844,226.5800018310547,228.91000366210938,221.1325225830078,26292900
2020-08-31,227.0,228.6999969482422,224.30999755859375,225.52999877929688,217.86732482910156,28774200
2020-09-01,225.50999450683594,227.4499969482422,224.42999267578125,227.27000427246094,219.54824829101562,25725500
2020-09-02,227.97000122070312,232.86000061035156,227.35000610351562,231.64999389648438,223.7794189453125,34080800
2020-09-03,229.27000427246094,229.30999755859375,214.9600067138672,217.3000030517578,209.91697692871094,58400300
2020-09-04,215.10000610351562,218.36000061035156,205.19000244140625,214.25,206.9705810546875,59664100
2020-09-08,206.5,210.02999877929688,202.1999969482422,202.66000366210938,195.77439880371094,52924300
2020-09-09,207.60000610351562,214.83999633789062,206.6999969482422,211.2899932861328,204.1111602783203,45679000
2020-09-10,213.39999389648438,214.74000549316406,204.11000061035156,205.3699951171875,198.392333984375,35461500
2020-09-11,207.1999969482422,208.6300048828125,201.24000549316406,204.02999877929688,197.0978546142578,33620100
2020-09-14,204.24000549316406,209.1999969482422,204.02999877929688,205.41000366210938,198.4309844970703,30375800
2020-09-15,208.4199981689453,209.77999877929688,206.92999267578125,208.77999877929688,201.68643188476562,21823900
2020-09-16,210.6199951171875,210.64999389648438,204.63999938964844,205.0500030517578,198.08319091796875,26328100
2020-09-17,200.0500030517578,204.3300018310547,199.9600067138672,202.91000366210938,196.01585388183594,34011300
2020-09-18,202.8000030517578,203.64999389648438,196.25,200.38999938964844,193.58152770996094,55225300
2020-09-21,197.19000244140625,202.7100067138672,196.3800048828125,202.5399932861328,195.658447265625,39839700
2020-09-22,205.05999755859375,208.10000610351562,202.0800018310547,207.4199981689453,200.3726806640625,33517100
2020-09-23,207.89999389648438,208.10000610351562,200.02999877929688,200.58999633789062,193.77471923828125,30803800
2020-09-24,199.85000610351562,205.57000732421875,199.1999969482422,203.19000244140625,196.286376953125,31202500
2020-09-25,203.5500030517578,209.0399932861328,202.5399932861328,207.82000732421875,200.75906372070312,29437300
2020-09-28,210.8800048828125,212.57000732421875,208.05999755859375,209.44000244140625,202.3240203857422,32004900
2020-09-29,209.35000610351562,210.07000732421875,206.80999755859375,207.25999450683594,200.2180938720703,24221900
2020-09-30,207.72999572753906,211.97999572753906,206.5399932861328,210.3300018310547,203.18377685546875,33829100
2020-10-01,213.49000549316406,213.99000549316406,211.32000732421875,212.4600067138672,205.24139404296875,27158400
2020-10-02,208.0,210.99000549316406,205.5399932861328,206.19000244140625,199.18446350097656,33154800
2020-10-05,207.22000122070312,210.41000366210938,206.97999572753906,210.3800048828125,203.2321014404297,21331600
2020-10-06,208.82000732421875,210.17999267578125,204.82000732421875,205.91000366210938,198.91395568847656,28554300
2020-10-07,207.05999755859375,210.11000061035156,206.72000122070312,209.8300018310547,202.70077514648438,25681100
2020-10-08,210.50999450683594,211.19000244140625,208.32000732421875,210.5800018310547,203.42529296875,19925800
2020-10-09,211.22999572753906,215.86000061035156,211.22999572753906,215.80999755859375,208.47756958007812,26458000
2020-10-12,218.7899932861328,223.86000061035156,216.80999755859375,221.39999389648438,213.87770080566406,40461400
2020-10-13,222.72000122070312,225.2100067138672,220.42999267578125,222.86000061035156,215.28805541992188,28950800
2020-10-14,223.0,224.22000122070312,219.1300048828125,220.86000061035156,213.35598754882812,23421700
2020-10-15,217.10000610351562,220.36000061035156,216.00999450683594,219.66000366210938,212.19680786132812,22733100
2020-10-16,220.14999389648438,222.2899932861328,219.32000732421875,219.66000366210938,212.19680786132812,26057900
2020-10-19,220.4199981689453,222.3000030517578,213.72000122070312,214.22000122070312,206.94161987304688,27625800
2020-10-20,215.8000030517578,217.3699951171875,213.08999633789062,214.64999389648438,207.35702514648438,22753500
2020-10-21,213.1199951171875,216.9199981689453,213.1199951171875,214.8000030517578,207.5019073486328,22724900
2020-10-22,213.92999267578125,216.05999755859375,211.6999969482422,214.88999938964844,207.5888671875,22351500
2020-10-23,215.02999877929688,216.27999877929688,213.16000366210938,216.22999572753906,208.8833465576172,18879600
2020-10-26,213.85000610351562,216.33999633789062,208.10000610351562,210.0800018310547,202.94227600097656,37111600
2020-10-27,211.58999633789062,214.6699981689453,210.3300018310547,213.25,206.00457763671875,36700300
2020-10-28,207.6699981689453,208.83999633789062,202.10000610351562,202.67999267578125,195.793701171875,51195600
2020-10-29,204.07000732421875,207.36000061035156,203.3699951171875,204.72000122070312,197.76437377929688,31432600
2020-10-30,203.5,204.2899932861328,199.6199951171875,202.47000122070312,195.59083557128906,36953700
2020-11-02,204.2899932861328,205.27999877929688,200.1199951171875,202.3300018310547,195.45562744140625,30842200
2020-11-03,203.88999938964844,208.1199951171875,203.1199951171875,206.42999267578125,199.41627502441406,27512000
2020-11-04,214.02000427246094,218.32000732421875,212.4199981689453,216.38999938964844,209.03790283203125,42311800
2020-11-05,222.0399932861328,224.1199951171875,221.14999389648438,223.2899932861328,215.7034454345703,36080100
2020-11-06,222.25999450683594,224.36000061035156,218.02999877929688,223.72000122070312,216.11883544921875,25231900
2020-11-09,224.44000244140625,228.1199951171875,217.8800048828125,218.38999938964844,210.96995544433594,44395000
2020-11-10,214.5,216.5,209.72000122070312,211.00999450683594,203.84068298339844,44045100
2020-11-11,212.38999938964844,218.0399932861328,212.1999969482422,216.5500030517578,209.19247436523438,29440800
2020-11-12,217.2100067138672,219.11000061035156,214.4600067138672,215.44000244140625,208.12013244628906,21593900
2020-11-13,216.36000061035156,217.4199981689453,214.16000366210938,216.50999450683594,209.15379333496094,18621100
2020-11-16,214.8699951171875,217.74000549316406,214.52000427246094,217.22999572753906,209.84934997558594,24953300
2020-11-17,216.10000610351562,217.67999267578125,214.0800018310547,214.4600067138672,207.17347717285156,24154100
2020-11-18,213.64999389648438,215.1699981689453,210.92999267578125,211.0800018310547,204.44212341308594,28372800
2020-11-19,211.3800048828125,213.02999877929688,209.92999267578125,212.4199981689453,205.74000549316406,24792700
2020-11-20,212.1999969482422,213.2899932861328,210.0,210.38999938964844,203.7738494873047,22843100
2020-11-23,210.9499969482422,212.2899932861328,208.16000366210938,210.11000061035156,203.50262451171875,25683500
2020-11-24,209.58999633789062,214.25,208.86000061035156,213.86000061035156,207.1347198486328,33979700
2020-11-25,215.11000061035156,215.2899932861328,212.4600067138672,213.8699951171875,207.1444091796875,21012900
2020-11-27,214.85000610351562,216.27000427246094,214.0399932861328,215.22999572753906,208.46160888671875,14512200
2020-11-30,214.10000610351562,214.75999450683594,210.83999633789062,214.07000732421875,207.33811950683594,33064800
2020-12-01,214.50999450683594,217.32000732421875,213.35000610351562,216.2100067138672,209.41085815429688,30904500
2020-12-02,214.8800048828125,215.47000122070312,212.8000030517578,215.3699951171875,208.5972442626953,23724500
2020-12-03,214.61000061035156,216.3800048828125,213.64999389648438,214.24000549316406,207.50277709960938,25120900
2020-12-04,214.22000122070312,215.3800048828125,213.17999267578125,214.36000061035156,207.61900329589844,24666000
2020-12-07,214.3699951171875,215.5399932861328,212.99000549316406,214.2899932861328,207.55120849609375,24620000
2020-12-08,213.97000122070312,216.9499969482422,212.88999938964844,216.00999450683594,209.21710205078125,23284100
2020-12-09,215.16000366210938,215.22999572753906,211.2100067138672,211.8000030517578,205.1395263671875,32440600
2020-12-10,211.77000427246094,213.0800018310547,210.36000061035156,210.52000427246094,203.89974975585938,26733300
2020-12-11,210.0500030517578,213.32000732421875,209.11000061035156,213.25999450683594,206.55360412597656,30979400
2020-12-14,213.10000610351562,216.2100067138672,212.8800048828125,214.1999969482422,207.46405029296875,28798400
2020-12-15,215.1699981689453,215.4199981689453,212.24000549316406,214.1300048828125,207.39622497558594,27000600
2020-12-16,214.75,220.11000061035156,214.72000122070312,219.27999877929688,212.38426208496094,35023300
2020-12-17,219.8699951171875,220.88999938964844,217.9199981689453,219.4199981689453,212.51988220214844,32515800
2020-12-18,218.58999633789062,219.69000244140625,216.02000427246094,218.58999633789062,211.71600341796875,63354900
2020-12-21,217.5500030517578,224.0,217.27999877929688,222.58999633789062,215.5902099609375,37181900
2020-12-22,222.69000244140625,225.6300048828125,221.85000610351562,223.94000244140625,216.89776611328125,22612200
2020-12-23,223.11000061035156,223.55999755859375,220.8000030517578,221.02000427246094,214.06954956054688,18699600
2020-12-24,221.4199981689453,223.61000061035156,221.1999969482422,222.75,215.7451934814453,10550600
2020-12-28,224.4499969482422,226.02999877929688,223.02000427246094,224.9600067138672,217.88565063476562,17933500
2020-12-29,226.30999755859375,227.17999267578125,223.5800018310547,224.14999389648438,217.1011199951172,17403200
2020-12-30,225.22999572753906,225.6300048828125,221.47000122070312,221.67999267578125,214.7088165283203,20272300
2020-12-31,221.6999969482422,223.0,219.67999267578125,222.4199981689453,215.425537109375,20942100
2021-01-04,222.52999877929688,223.0,214.80999755859375,217.69000244140625,210.8443145751953,37130100
2021-01-05,217.25999450683594,218.52000427246094,215.6999969482422,217.89999389648438,211.04771423339844,23823000
2021-01-06,212.1699981689453,216.49000549316406,211.94000244140625,212.25,205.5753631591797,35930700
2021-01-07,214.0399932861328,219.33999633789062,213.7100067138672,218.2899932861328,211.42544555664062,27694500
2021-01-08,218.67999267578125,220.5800018310547,217.02999877929688,219.6199951171875,212.71359252929688,22956200
2021-01-11,218.47000122070312,218.91000366210938,216.72999572753906,217.49000549316406,210.65057373046875,23031300
2021-01-12,216.5,217.10000610351562,213.32000732421875,214.92999267578125,208.1710662841797,23249300
2021-01-13,214.02000427246094,216.75999450683594,213.92999267578125,216.33999633789062,209.5367431640625,20087100
2021-01-14,215.91000366210938,217.4600067138672,212.74000549316406,213.02000427246094,206.32113647460938,29480800
2021-01-15,213.52000427246094,214.50999450683594,212.02999877929688,212.64999389648438,205.96279907226562,31746500
2021-01-19,213.75,216.97999572753906,212.6300048828125,216.44000244140625,209.63363647460938,30480900
2021-01-20,217.6999969482422,225.7899932861328,217.2899932861328,224.33999633789062,217.28517150878906,37777300
2021-01-21,224.6999969482422,226.3000030517578,222.4199981689453,224.97000122070312,217.8953399658203,30709400
2021-01-22,227.0800018310547,230.07000732421875,225.8000030517578,225.9499969482422,218.84449768066406,30172700
2021-01-25,229.1199951171875,229.77999877929688,224.22000122070312,229.52999877929688,222.31195068359375,33152100
2021-01-26,231.86000061035156,234.17999267578125,230.0800018310547,232.3300018310547,225.02389526367188,49169600
2021-01-27,238.0,240.44000244140625,230.13999938964844,232.89999389648438,225.57595825195312,69870600
2021-01-28,235.61000061035156,242.63999938964844,235.08999633789062,238.92999267578125,231.41635131835938,49111200
2021-01-29,235.99000549316406,238.02000427246094,231.35000610351562,231.9600067138672,224.66552734375,42503100
2021-02-01,235.05999755859375,242.5,232.42999267578125,239.64999389648438,232.11366271972656,33314200
2021-02-02,241.3000030517578,242.30999755859375,238.69000244140625,239.50999450683594,231.97811889648438,25916300
2021-02-03,239.57000732421875,245.08999633789062,239.25999450683594,243.0,235.35836791992188,27158100
2021-02-04,242.66000366210938,243.24000549316406,240.3699951171875,242.00999450683594,234.39950561523438,25296100
2021-02-05,242.22999572753906,243.27999877929688,240.4199981689453,242.1999969482422,234.58349609375,18054800
2021-02-08,243.14999389648438,243.67999267578125,240.80999755859375,242.47000122070312,234.8450164794922,22211900
2021-02-09,241.8699951171875,244.75999450683594,241.3800048828125,243.77000427246094,236.10414123535156,23565000
2021-02-10,245.0,245.9199981689453,240.88999938964844,242.82000732421875,235.18402099609375,22186700
2021-02-11,244.77999877929688,245.14999389648438,242.14999389648438,244.49000549316406,236.801513671875,15751100
2021-02-12,243.92999267578125,245.3000030517578,242.72999572753906,244.99000549316406,237.28579711914062,16561100
2021-02-16,245.02999877929688,246.1300048828125,242.9199981689453,243.6999969482422,236.03631591796875,26728500
2021-02-17,241.32000732421875,244.30999755859375,240.94000244140625,244.1999969482422,237.06536865234375,21653500
2021-02-18,241.8000030517578,243.92999267578125,240.86000061035156,243.7899932861328,236.6673583984375,16925600
2021-02-19,243.75,243.86000061035156,240.17999267578125,240.97000122070312,233.9297332763672,25262600
2021-02-22,237.4199981689453,237.92999267578125,232.39999389648438,234.50999450683594,227.65846252441406,36446900
2021-02-23,230.3300018310547,234.8300018310547,228.72999572753906,233.27000427246094,226.45469665527344,30228700
2021-02-24,230.00999450683594,235.1999969482422,229.0,234.5500030517578,227.6973114013672,26339700
2021-02-25,232.0800018310547,234.58999633789062,227.8800048828125,228.99000549316406,222.2997589111328,39542200
2021-02-26,231.52999877929688,235.3699951171875,229.5399932861328,232.3800048828125,225.5906982421875,37819200
2021-03-01,235.89999389648438,237.47000122070312,233.14999389648438,236.94000244140625,230.01748657226562,25324000
2021-03-02,237.00999450683594,237.3000030517578,233.4499969482422,233.8699951171875,227.03713989257812,22812500
2021-03-03,232.16000366210938,233.5800018310547,227.25999450683594,227.55999755859375,220.91151428222656,34029500
2021-03-04,226.74000549316406,232.49000549316406,224.25999450683594,226.72999572753906,220.1057586669922,44727800
2021-03-05,229.52000427246094,233.27000427246094,226.4600067138672,231.60000610351562,224.83348083496094,41872800
2021-03-08,231.3699951171875,233.3699951171875,227.1300048828125,227.38999938964844,220.7465057373047,35267400
2021-03-09,232.8800048828125,235.3800048828125,231.6699981689453,233.77999877929688,226.9497833251953,33080500
2021-03-10,237.0,237.0,232.0399932861328,232.4199981689453,225.62954711914062,29746800
2021-03-11,234.9600067138672,239.1699981689453,234.30999755859375,237.1300048828125,230.20193481445312,29907600
2021-03-12,234.00999450683594,235.82000732421875,233.22999572753906,235.75,228.86224365234375,22653700
2021-03-15,234.9600067138672,235.19000244140625,231.80999755859375,234.80999755859375,227.94970703125,26034900
2021-03-16,236.27999877929688,240.05999755859375,235.94000244140625,237.7100067138672,230.7649688720703,28092200
2021-03-17,236.14999389648438,238.5500030517578,233.22999572753906,237.0399932861328,230.11453247070312,29562100
2021-03-18,232.55999755859375,234.19000244140625,230.3300018310547,230.72000122070312,223.97921752929688,34833000
2021-03-19,231.02000427246094,232.47000122070312,229.35000610351562,230.35000610351562,223.6200408935547,46430700
2021-03-22,230.27000427246094,236.89999389648438,230.13999938964844,235.99000549316406,229.09524536132812,30127000
2021-03-23,237.49000549316406,241.0500030517578,237.07000732421875,237.5800018310547,230.63877868652344,31638400
2021-03-24,237.85000610351562,238.0,235.32000732421875,235.4600067138672,228.58074951171875,25620100
2021-03-25,235.3000030517578,236.94000244140625,231.57000732421875,232.33999633789062,225.55189514160156,34061900
2021-03-26,231.5500030517578,236.7100067138672,231.5500030517578,236.47999572753906,229.57089233398438,25479900
2021-03-29,236.58999633789062,236.8000030517578,231.8800048828125,235.24000549316406,228.36715698242188,25227500
2021-03-30,233.52999877929688,233.85000610351562,231.10000610351562,231.85000610351562,225.07618713378906,24792000
2021-03-31,232.91000366210938,239.10000610351562,232.38999938964844,235.77000427246094,228.8816680908203,43623500
2021-04-01,238.47000122070312,242.83999633789062,238.0500030517578,242.35000610351562,235.2694091796875,30338000
2021-04-05,242.75999450683594,249.9600067138672,242.6999969482422,249.07000732421875,241.79310607910156,36910600
2021-04-06,247.61000061035156,249.39999389648438,246.8800048828125,247.86000061035156,240.6184539794922,22931900
2021-04-07,247.80999755859375,250.92999267578125,247.19000244140625,249.89999389648438,242.59881591796875,22719800
2021-04-08,252.77000427246094,254.13999938964844,252.0,253.25,245.85096740722656,23625200
2021-04-09,252.8699951171875,255.99000549316406,252.44000244140625,255.85000610351562,248.37501525878906,24326800
2021-04-12,254.7100067138672,257.6700134277344,254.6199951171875,255.91000366210938,248.4332275390625,27148700
2021-04-13,257.260009765625,259.19000244140625,256.8299865722656,258.489990234375,250.93788146972656,23837500
2021-04-14,257.4800109863281,258.8299865722656,255.16000366210938,255.58999633789062,248.12258911132812,23070900
2021-04-15,257.92999267578125,259.92999267578125,257.7300109863281,259.5,251.91836547851562,25627500
2021-04-16,259.4700012207031,261.0,257.6000061035156,260.739990234375,253.12217712402344,24878600
2021-04-19,260.19000244140625,261.4800109863281,257.82000732421875,258.739990234375,251.1805877685547,23209300
2021-04-20,257.82000732421875,260.20001220703125,256.8399963378906,258.260009765625,250.71458435058594,19722900
2021-04-21,258.94000244140625,260.67999267578125,257.25,260.5799865722656,252.96678161621094,24030400
2021-04-22,260.2099914550781,261.7799987792969,255.63999938964844,257.1700134277344,249.65646362304688,25606200
2021-04-23,257.8800048828125,261.510009765625,257.2699890136719,261.1499938964844,253.52015686035156,21462600
2021-04-26,261.6600036621094,262.44000244140625,260.1700134277344,261.54998779296875,253.90841674804688,19763300
2021-04-27,261.5799865722656,263.19000244140625,260.1199951171875,261.9700012207031,254.31619262695312,31014200
2021-04-28,256.0799865722656,256.5400085449219,252.9499969482422,254.55999755859375,247.12269592285156,46903100
2021-04-29,255.4600067138672,256.1000061035156,249.0,252.50999450683594,245.13258361816406,40589000
2021-04-30,249.74000549316406,253.0800018310547,249.60000610351562,252.17999267578125,244.81219482421875,30945100
2021-05-03,253.39999389648438,254.35000610351562,251.1199951171875,251.86000061035156,244.5015869140625,19626600
2021-05-04,250.97000122070312,251.2100067138672,245.75999450683594,247.7899932861328,240.5504608154297,32756100
2021-05-05,249.05999755859375,249.5,245.82000732421875,246.47000122070312,239.26904296875,21901300
2021-05-06,246.4499969482422,249.86000061035156,244.69000244140625,249.72999572753906,242.43380737304688,26491100
2021-05-07,252.14999389648438,254.3000030517578,251.1699981689453,252.4600067138672,245.08404541015625,27032900
2021-05-10,250.8699951171875,251.72999572753906,247.1199951171875,247.17999267578125,239.95828247070312,29299900
2021-05-11,244.5500030517578,246.60000610351562,242.57000732421875,246.22999572753906,239.0360565185547,33641600
2021-05-12,242.1699981689453,244.3800048828125,238.07000732421875,239.0,232.01730346679688,36684400
2021-05-13,241.8000030517578,245.60000610351562,241.4199981689453,243.02999877929688,235.92955017089844,29624300
2021-05-14,245.5800018310547,249.17999267578125,245.49000549316406,248.14999389648438,240.8999786376953,23901100
2021-05-17,246.5500030517578,246.58999633789062,243.52000427246094,245.17999267578125,238.01673889160156,24970200
2021-05-18,246.27000427246094,246.41000366210938,242.89999389648438,243.0800018310547,235.9780731201172,20168000
2021-05-19,239.30999755859375,243.22999572753906,238.60000610351562,243.1199951171875,236.56190490722656,25739800
2021-05-20,243.9600067138672,247.9499969482422,243.86000061035156,246.47999572753906,239.83126831054688,21800700
2021-05-21,247.57000732421875,248.3300018310547,244.74000549316406,245.1699981689453,238.55661010742188,21863100
2021-05-24,247.7899932861328,251.16000366210938,247.50999450683594,250.77999877929688,244.01531982421875,21411500
2021-05-25,251.77000427246094,252.75,250.82000732421875,251.72000122070312,244.929931640625,17704300
2021-05-26,251.42999267578125,252.94000244140625,250.75,251.49000549316406,244.70614624023438,17771600
2021-05-27,251.1699981689453,251.47999572753906,249.25,249.30999755859375,242.58494567871094,24426200
2021-05-28,251.0,252.0800018310547,249.55999755859375,249.67999267578125,242.94497680664062,18270200
2021-06-01,251.22999572753906,251.2899932861328,246.9600067138672,247.39999389648438,240.72642517089844,23213300
2021-06-02,248.1300048828125,249.27000427246094,245.83999633789062,247.3000030517578,240.62913513183594,19406700
2021-06-03,245.22000122070312,246.33999633789062,243.0,245.7100067138672,239.08209228515625,25307700
2021-06-04,247.75999450683594,251.64999389648438,247.50999450683594,250.7899932861328,244.0249786376953,25281100
2021-06-07,249.97999572753906,254.08999633789062,249.80999755859375,253.80999755859375,246.96351623535156,23079200
2021-06-08,255.16000366210938,256.010009765625,252.50999450683594,252.57000732421875,245.7570037841797,22455000
2021-06-09,253.80999755859375,255.52999877929688,253.2100067138672,253.58999633789062,246.74949645996094,17937600
2021-06-10,254.2899932861328,257.4599914550781,253.6699981689453,257.239990234375,250.30104064941406,24563600
2021-06-11,257.989990234375,258.489990234375,256.6099853515625,257.8900146484375,250.93350219726562,18999700
2021-06-14,257.8999938964844,259.95001220703125,256.79998779296875,259.8900146484375,252.8795928955078,19150500
2021-06-15,259.7699890136719,259.989990234375,257.67999267578125,258.3599853515625,251.39077758789062,18038900
2021-06-16,259.3999938964844,260.5799865722656,254.4199981689453,257.3800048828125,250.43724060058594,27220000
2021-06-17,256.07000732421875,261.75,256.010009765625,260.8999938964844,253.86231994628906,27565500
2021-06-18,259.6300048828125,262.29998779296875,258.75,259.42999267578125,252.43191528320312,37202200
2021-06-21,259.82000732421875,263.5199890136719,257.9200134277344,262.6300048828125,255.545654296875,26696100
2021-06-22,262.7200012207031,265.7900085449219,262.3999938964844,265.510009765625,258.3479309082031,24694100
2021-06-23,265.989990234375,266.8299865722656,264.42999267578125,265.2699890136719,258.1144104003906,19518700
2021-06-24,266.1600036621094,267.8500061035156,265.4700012207031,266.69000244140625,259.4960632324219,21446900
2021-06-25,266.2300109863281,267.25,264.760009765625,265.0199890136719,257.8711853027344,25611100
2021-06-28,266.19000244140625,268.8999938964844,265.9100036621094,268.7200012207031,261.47137451171875,19590000
2021-06-29,268.8699951171875,271.6499938964844,267.9800109863281,271.3999938964844,264.0790710449219,19937800
2021-06-30,270.69000244140625,271.3599853515625,269.6000061035156,270.8999938964844,263.5925598144531,21656500
2021-07-01,269.6099853515625,271.8399963378906,269.6000061035156,271.6000061035156,264.273681640625,16725300
2021-07-02,272.82000732421875,278.0,272.5,277.6499938964844,270.1604309082031,26458000
2021-07-06,278.0299987792969,279.3699951171875,274.29998779296875,277.6600036621094,270.170166015625,31565600
2021-07-07,279.3999938964844,280.69000244140625,277.1499938964844,279.92999267578125,272.37890625,23260000
2021-07-08,276.8999938964844,278.7300109863281,274.8699951171875,277.4200134277344,269.9366455078125,24618600
2021-07-09,275.7200012207031,278.04998779296875,275.32000732421875,277.94000244140625,270.44268798828125,23916700
2021-07-12,279.1600036621094,279.7699890136719,276.5799865722656,277.32000732421875,269.83941650390625,18931700
2021-07-13,277.5199890136719,282.8500061035156,277.3900146484375,280.9800109863281,273.400634765625,26120100
2021-07-14,282.3500061035156,283.6600036621094,280.54998779296875,282.510009765625,274.8893737792969,23113700
2021-07-15,282.0,282.510009765625,279.8299865722656,281.0299987792969,273.4493103027344,22604200
2021-07-16,282.07000732421875,284.1000061035156,279.4599914550781,280.75,273.17681884765625,26186800
2021-07-19,278.92999267578125,280.3699951171875,274.45001220703125,277.010009765625,269.5377197265625,32935600
2021-07-20,278.0299987792969,280.9700012207031,276.260009765625,279.32000732421875,271.7854309082031,26259700
2021-07-21,278.8999938964844,281.5199890136719,277.2900085449219,281.3999938964844,273.809326171875,24364300
2021-07-22,283.8399963378906,286.4200134277344,283.4200134277344,286.1400146484375,278.42144775390625,23384100
2021-07-23,287.3699951171875,289.989990234375,286.5,289.6700134277344,281.85626220703125,22768100
2021-07-26,289.0,289.69000244140625,286.6400146484375,289.04998779296875,281.2529296875,23176100
2021-07-27,289.42999267578125,289.5799865722656,282.95001220703125,286.5400085449219,278.8106689453125,33604100
2021-07-28,288.989990234375,290.1499938964844,283.8299865722656,286.2200012207031,278.4993591308594,33566900
2021-07-29,286.239990234375,288.6199951171875,286.0799865722656,286.5,278.77178955078125,18168300
2021-07-30,285.1700134277344,286.6600036621094,283.9100036621094,284.9100036621094,277.2245788574219,20944800
2021-08-02,286.3599853515625,286.7699890136719,283.739990234375,284.82000732421875,277.13702392578125,16267400
2021-08-03,285.4200134277344,287.2300109863281,284.0,287.1199951171875,279.37506103515625,17879000
2021-08-04,286.2200012207031,287.5899963378906,284.6499938964844,286.510009765625,278.78143310546875,16191300
2021-08-05,286.8800048828125,289.6300048828125,286.1000061035156,289.5199890136719,281.7103271484375,13900200
2021-08-06,288.510009765625,289.5,287.6199951171875,289.4599914550781,281.65185546875,16589300
2021-08-09,289.75,291.54998779296875,287.80999755859375,288.3299865722656,280.5523376464844,16117600
2021-08-10,288.79998779296875,289.25,285.20001220703125,286.44000244140625,278.7134094238281,18616600
2021-08-11,287.2099914550781,288.6600036621094,285.8599853515625,286.95001220703125,279.2096252441406,13955900
2021-08-12,286.6300048828125,289.9700012207031,286.3399963378906,289.80999755859375,281.9924621582031,14561300
2021-08-13,289.4800109863281,292.8999938964844,289.29998779296875,292.8500061035156,284.9504089355469,18249000
2021-08-16,293.19000244140625,294.82000732421875,290.0199890136719,294.6000061035156,286.6532897949219,22507600
2021-08-17,292.3900146484375,293.42999267578125,291.0799865722656,293.0799865722656,285.17425537109375,20075300
2021-08-18,292.0400085449219,294.82000732421875,290.2699890136719,290.7300109863281,283.42926025390625,21813000
2021-08-19,288.69000244140625,297.4700012207031,288.6400146484375,296.7699890136719,289.3174743652344,29850500
2021-08-20,299.7200012207031,305.8399963378906,298.05999755859375,304.3599853515625,296.7169494628906,40817600
2021-08-23,303.25,305.3999938964844,301.8500061035156,304.6499938964844,296.9996032714844,22830200
2021-08-24,305.0199890136719,305.6499938964844,302.0,302.6199951171875,295.0205993652344,18175800
2021-08-25,304.29998779296875,304.5899963378906,300.4200134277344,302.010009765625,294.4259338378906,20006100
2021-08-26,300.989990234375,302.42999267578125,298.95001220703125,299.0899963378906,291.5792236328125,17666100
2021-08-27,298.989990234375,300.8699951171875,296.8299865722656,299.7200012207031,292.1934509277344,22605700
2021-08-30,301.1199951171875,304.2200012207031,301.05999755859375,303.5899963378906,295.9662780761719,16348100
2021-08-31,304.4200134277344,304.5,301.5,301.8800048828125,294.29925537109375,26285300
2021-09-01,302.8699951171875,305.19000244140625,301.489990234375,301.8299865722656,294.2504577636719,18983800
2021-09-02,302.20001220703125,303.3599853515625,300.17999267578125,301.1499938964844,293.5875244140625,16285600
2021-09-03,300.989990234375,302.6000061035156,300.260009765625,301.1400146484375,293.5777893066406,14747900
2021-09-07,301.010009765625,301.0899963378906,298.20001220703125,300.17999267578125,292.64190673828125,17180400
2021-09-08,299.7799987792969,300.6099853515625,297.4700012207031,300.2099914550781,292.671142578125,15046800
2021-09-09,300.82000732421875,302.1400146484375,297.0,297.25,289.7854919433594,19927000
2021-09-10,298.4200134277344,299.9200134277344,295.3800048828125,295.7099914550781,288.2841796875,19633400
2021-09-13,297.54998779296875,298.5400085449219,294.0799865722656,296.989990234375,289.5320739746094,23652900
2021-09-14,299.55999755859375,301.3900146484375,298.1000061035156,299.7900085449219,292.26171875,21853400
2021-09-15,303.260009765625,305.32000732421875,301.82000732421875,304.82000732421875,297.16534423828125,28356300
2021-09-16,303.760009765625,305.30999755859375,300.760009765625,305.2200012207031,297.55535888671875,19550800
2021-09-17,304.1700134277344,304.5,299.5299987792969,299.8699951171875,292.3396911621094,41372500
2021-09-20,296.3299865722656,298.7200012207031,289.5199890136719,294.29998779296875,286.9095458984375,38278700
2021-09-21,295.69000244140625,297.5400085449219,294.07000732421875,294.79998779296875,287.3970031738281,22364100
2021-09-22,296.7300109863281,300.2200012207031,294.510009765625,298.5799865722656,291.08209228515625,26626300
2021-09-23,298.8500061035156,300.8999938964844,297.5299987792969,299.55999755859375,292.0375061035156,18604600
2021-09-24,298.2300109863281,299.79998779296875,296.92999267578125,299.3500061035156,291.8327331542969,14999000
2021-09-27,296.1400146484375,296.4700012207031,292.94000244140625,294.1700134277344,286.7828674316406,23571700
2021-09-28,289.79998779296875,290.7799987792969,282.75,283.5199890136719,276.4002685546875,43186200
2021-09-29,285.1000061035156,286.7699890136719,283.010009765625,284.0,276.8681945800781,26353700
2021-09-30,285.7099914550781,287.8299865722656,281.6199951171875,281.9200134277344,274.8404235839844,32343600
2021-10-01,282.1199951171875,289.9800109863281,281.2900085449219,289.1000061035156,281.8401794433594,30086300
2021-10-04,287.3999938964844,287.75,280.25,283.1099853515625,276.0005798339844,31350700
2021-10-05,284.04998779296875,290.3999938964844,284.04998779296875,288.760009765625,281.5086975097656,24993000
2021-10-06,285.7799987792969,293.6300048828125,285.510009765625,293.1099853515625,285.7494201660156,28002600
2021-10-07,295.17999267578125,296.6400146484375,293.9200134277344,294.8500061035156,287.44573974609375,20430500
2021-10-08,296.2200012207031,296.6400146484375,293.760009765625,294.8500061035156,287.44573974609375,17685700
2021-10-11,292.9200134277344,297.9700012207031,292.75,294.2300109863281,286.84130859375,19298600
2021-10-12,295.3399963378906,295.44000244140625,292.3500061035156,292.8800048828125,285.5252380371094,17974100
2021-10-13,294.9100036621094,297.2799987792969,293.489990234375,296.30999755859375,288.86907958984375,23416300
2021-10-14,299.2099914550781,303.2699890136719,297.8299865722656,302.75,295.1473693847656,27262900
2021-10-15,302.3399963378906,304.45001220703125,300.5199890136719,304.2099914550781,296.57073974609375,25384800
2021-10-18,303.57000732421875,308.2099914550781,302.69000244140625,307.2900085449219,299.5733642578125,22729300
2021-10-19,308.3500061035156,309.29998779296875,307.2200012207031,308.2300109863281,300.48980712890625,17682100
2021-10-20,309.2099914550781,309.70001220703125,306.1099853515625,307.4100036621094,299.69036865234375,16537100
2021-10-21,307.1700134277344,311.0199890136719,306.3599853515625,310.760009765625,302.9562072753906,16918100
2021-10-22,310.3999938964844,311.0899963378906,307.79998779296875,309.1600036621094,301.3963928222656,17449300
2021-10-25,309.3599853515625,309.3999938964844,306.4599914550781,308.1300048828125,300.39227294921875,17554500
2021-10-26,311.0,312.3999938964844,308.6000061035156,310.1099853515625,302.322509765625,28107300
2021-10-27,316.0,326.1000061035156,316.0,323.1700134277344,315.0545959472656,52588700
2021-10-28,324.3299865722656,324.8699951171875,321.3599853515625,324.3500061035156,316.20489501953125,26297900
2021-10-29,324.1300048828125,332.0,323.8999938964844,331.6199951171875,323.2923583984375,34766000
2021-11-01,331.3599853515625,331.489990234375,326.3699951171875,329.3699951171875,321.0989074707031,27073200
2021-11-02,330.30999755859375,333.45001220703125,330.0,333.1300048828125,324.76446533203125,26487100
2021-11-03,333.8999938964844,334.8999938964844,330.6499938964844,334.0,325.61260986328125,21500100
2021-11-04,332.8900146484375,336.5400085449219,329.510009765625,336.44000244140625,327.9913330078125,23992200
2021-11-05,338.510009765625,338.7900085449219,334.4200134277344,336.05999755859375,327.620849609375,22570100
2021-11-08,337.29998779296875,337.6499938964844,334.44000244140625,336.989990234375,328.5275573730469,20897000
2021-11-09,337.1099853515625,338.7200012207031,334.5299987792969,335.95001220703125,327.5136413574219,21307400
2021-11-10,334.57000732421875,334.6300048828125,329.9200134277344,330.79998779296875,322.4929504394531,25500900
2021-11-11,331.25,333.7699890136719,330.510009765625,332.42999267578125,324.0820617675781,16849800
2021-11-12,333.9200134277344,337.2300109863281,333.7900085449219,336.7200012207031,328.2642822265625,23831000
2021-11-15,337.5400085449219,337.8800048828125,334.0299987792969,336.07000732421875,327.63067626953125,16723000
2021-11-16,335.67999267578125,340.6700134277344,335.510009765625,339.510009765625,330.9842529296875,20886800
2021-11-17,338.94000244140625,342.19000244140625,338.0,339.1199951171875,331.2088928222656,19053400
2021-11-18,338.17999267578125,342.45001220703125,337.1199951171875,341.2699890136719,333.3087463378906,22463500
2021-11-19,342.6400146484375,345.1000061035156,342.20001220703125,343.1099853515625,335.10577392578125,21963400
2021-11-22,344.6199951171875,349.6700134277344,339.54998779296875,339.8299865722656,331.90228271484375,31031100
2021-11-23,337.04998779296875,339.45001220703125,333.55999755859375,337.67999267578125,329.802490234375,30427600
2021-11-24,336.2799987792969,338.1600036621094,333.9100036621094,337.9100036621094,330.0271301269531,21661300
2021-11-26,334.3500061035156,337.92999267578125,328.1199951171875,329.67999267578125,321.98907470703125,24217200
2021-11-29,334.94000244140625,339.0299987792969,334.739990234375,336.6300048828125,328.7770080566406,28563500
2021-11-30,335.32000732421875,337.7799987792969,328.989990234375,330.5899963378906,322.87786865234375,42885600
2021-12-01,335.1300048828125,339.2799987792969,329.3900146484375,330.0799865722656,322.3797607421875,33337600
2021-12-02,330.29998779296875,333.489990234375,327.79998779296875,329.489990234375,321.8035583496094,30766000
2021-12-03,331.989990234375,332.70001220703125,318.0299987792969,323.010009765625,315.4747009277344,41779300
2021-12-06,323.95001220703125,327.45001220703125,319.2300109863281,326.19000244140625,318.58050537109375,30032600
2021-12-07,331.6400146484375,335.79998779296875,330.1000061035156,334.9200134277344,327.10687255859375,31021900
2021-12-08,335.30999755859375,335.5,330.79998779296875,334.9700012207031,327.1556701660156,24761000
2021-12-09,334.4100036621094,336.489990234375,332.1199951171875,333.1000061035156,325.329345703125,22214200
2021-12-10,334.9800109863281,343.0,334.7900085449219,342.5400085449219,334.5491027832031,38095700
2021-12-13,340.67999267578125,343.7900085449219,339.0799865722656,339.3999938964844,331.4823303222656,28899400
2021-12-14,333.2200012207031,334.6400146484375,324.1099853515625,328.3399963378906,320.68035888671875,44438700
2021-12-15,328.6099853515625,335.19000244140625,324.5,334.6499938964844,326.8431396484375,35381100
2021-12-16,335.7099914550781,336.760009765625,323.0199890136719,324.8999938964844,317.3205871582031,35034800
2021-12-17,320.8800048828125,324.9200134277344,317.25,323.79998779296875,316.2462463378906,47750300
2021-12-20,320.04998779296875,322.79998779296875,317.57000732421875,319.9100036621094,312.4469909667969,28326500
2021-12-21,323.2900085449219,327.7300109863281,319.79998779296875,327.2900085449219,319.6548767089844,24740600
2021-12-22,328.29998779296875,333.6099853515625,325.75,333.20001220703125,325.427001953125,24831500
2021-12-23,332.75,336.3900146484375,332.7300109863281,334.69000244140625,326.8821716308594,19617800
2021-12-27,335.4599914550781,342.4800109863281,335.42999267578125,342.45001220703125,334.4612121582031,19947000
2021-12-28,343.1499938964844,343.80999755859375,340.32000732421875,341.25,333.2891540527344,15661500
2021-12-29,341.29998779296875,344.29998779296875,339.67999267578125,341.95001220703125,333.9728698730469,15042000
2021-12-30,341.9100036621094,343.1300048828125,338.82000732421875,339.32000732421875,331.4042053222656,15994500
2021-12-31,338.510009765625,339.3599853515625,335.8500061035156,336.32000732421875,328.4742126464844,18000800
2022-01-03,335.3500061035156,338.0,329.7799987792969,334.75,326.9408264160156,28865100
2022-01-04,334.8299865722656,335.20001220703125,326.1199951171875,329.010009765625,321.3347473144531,32674300
2022-01-05,325.8599853515625,326.07000732421875,315.9800109863281,316.3800048828125,308.9993591308594,40054300
2022-01-06,313.1499938964844,318.70001220703125,311.489990234375,313.8800048828125,306.5576477050781,39646100
2022-01-07,314.1499938964844,316.5,310.0899963378906,314.0400085449219,306.7139892578125,32720000
2022-01-10,309.489990234375,314.7200012207031,304.69000244140625,314.2699890136719,306.9386291503906,44289500
2022-01-11,313.3800048828125,316.6099853515625,309.8900146484375,314.9800109863281,307.6320495605469,29386800
2022-01-12,319.6700134277344,323.4100036621094,317.0799865722656,318.2699890136719,310.84527587890625,34372200
2022-01-13,320.4700012207031,320.8800048828125,304.0,304.79998779296875,297.6894836425781,45366000
2022-01-14,304.25,310.82000732421875,303.75,310.20001220703125,302.9635314941406,39846400
2022-01-18,304.07000732421875,309.79998779296875,301.739990234375,302.6499938964844,295.5896301269531,42333200
2022-01-19,306.2900085449219,313.9100036621094,302.70001220703125,303.3299865722656,296.2538146972656,45933900
2022-01-20,309.07000732421875,311.6499938964844,301.1400146484375,301.6000061035156,294.5641784667969,35380700
2022-01-21,302.69000244140625,304.1099853515625,295.6099853515625,296.0299987792969,289.1241149902344,57984400
2022-01-24,292.20001220703125,297.1099853515625,276.04998779296875,296.3699951171875,289.4561462402344,85731500
2022-01-25,291.5199890136719,294.989990234375,285.1700134277344,288.489990234375,281.7599792480469,72848600
2022-01-26,307.989990234375,308.5,293.0299987792969,296.7099914550781,289.7882385253906,90428900
2022-01-27,302.6600036621094,307.29998779296875,297.92999267578125,299.8399963378906,292.8451843261719,53481300
2022-01-28,300.2300109863281,308.4800109863281,294.45001220703125,308.260009765625,301.06878662109375,49743700
2022-01-31,308.95001220703125,312.3800048828125,306.3699951171875,310.9800109863281,303.725341796875,46444500
2022-02-01,310.4100036621094,310.6300048828125,305.1300048828125,308.760009765625,301.5571594238281,40950400
2022-02-02,309.6300048828125,315.1199951171875,308.8800048828125,313.4599914550781,306.1474914550781,36636000
2022-02-03,309.489990234375,311.2300109863281,299.9599914550781,301.25,294.2222900390625,43730000
2022-02-04,300.2099914550781,308.79998779296875,299.9700012207031,305.94000244140625,298.80291748046875,35096500
2022-02-07,306.1700134277344,307.8399963378906,299.8999938964844,300.95001220703125,293.9293212890625,28533300
2022-02-08,301.25,305.55999755859375,299.95001220703125,304.55999755859375,297.4551086425781,32421200
2022-02-09,309.8699951171875,311.92999267578125,307.3900146484375,311.2099914550781,303.9499816894531,31284700
2022-02-10,304.0400085449219,309.1199951171875,300.70001220703125,302.3800048828125,295.3259582519531,45386200
2022-02-11,303.19000244140625,304.2900085449219,294.2200012207031,295.0400085449219,288.1571960449219,39175600
2022-02-14,293.7699890136719,296.760009765625,291.3500061035156,295.0,288.1181335449219,36359500
2022-02-15,300.010009765625,300.79998779296875,297.0199890136719,300.4700012207031,293.46051025390625,27058300
2022-02-16,298.3699951171875,300.8699951171875,293.67999267578125,299.5,293.1180114746094,29982100
2022-02-17,296.3599853515625,296.79998779296875,290.0,290.7300109863281,284.5348815917969,32461600
2022-02-18,293.04998779296875,293.8599853515625,286.30999755859375,287.92999267578125,281.7945251464844,34264000
2022-02-22,285.0,291.5400085449219,284.5,287.7200012207031,281.5889892578125,41736100
2022-02-23,290.17999267578125,291.70001220703125,280.1000061035156,280.2699890136719,274.2977600097656,37811200
2022-02-24,272.510009765625,295.1600036621094,271.5199890136719,294.5899963378906,288.3126220703125,56989700
2022-02-25,295.1400146484375,297.6300048828125,291.6499938964844,297.30999755859375,290.9747009277344,32546700
2022-02-28,294.30999755859375,299.1400146484375,293.0,298.7900085449219,292.4231262207031,34627500
2022-03-01,296.3999938964844,299.9700012207031,292.1499938964844,294.95001220703125,288.66497802734375,31217800
2022-03-02,295.3599853515625,301.4700012207031,293.70001220703125,300.19000244140625,293.79327392578125,31873000
2022-03-03,302.8900146484375,303.1300048828125,294.04998779296875,295.9200134277344,289.6142883300781,27314500
2022-03-04,294.2900085449219,295.6600036621094,287.1700134277344,289.8599853515625,283.68341064453125,32356500
2022-03-07,288.5299987792969,289.69000244140625,278.5299987792969,278.9100036621094,272.96673583984375,43157200
2022-03-08,277.79998779296875,283.9599914550781,270.0,275.8500061035156,269.9719543457031,48159500
2022-03-09,283.44000244140625,289.6000061035156,280.7799987792969,288.5,282.35235595703125,35204500
2022-03-10,283.0199890136719,286.6000061035156,280.5799865722656,285.5899963378906,279.50433349609375,30628000
2022-03-11,287.9599914550781,289.510009765625,279.42999267578125,280.07000732421875,274.10205078125,27209300
2022-03-14,280.3399963378906,285.3999938964844,275.82000732421875,276.44000244140625,270.54937744140625,30660700
2022-03-15,280.3500061035156,287.82000732421875,278.7300109863281,287.1499938964844,281.0311584472656,34245100
2022-03-16,289.1099853515625,294.57000732421875,283.20001220703125,294.3900146484375,288.11688232421875,37826300
2022-03-17,293.2900085449219,295.6099853515625,289.3699951171875,295.2200012207031,288.9291687011719,30816600
2022-03-18,295.3699951171875,301.0,292.7300109863281,300.42999267578125,294.0281982421875,43390600
2022-03-21,298.8900146484375,300.1400146484375,294.8999938964844,299.1600036621094,292.7851867675781,28351200
2022-03-22,299.79998779296875,305.0,298.7699890136719,304.05999755859375,297.580810546875,27599700
2022-03-23,300.510009765625,303.2300109863281,297.7200012207031,299.489990234375,293.1081848144531,25715400
2022-03-24,299.1400146484375,304.20001220703125,298.32000732421875,304.1000061035156,297.6199951171875,24484500
2022-03-25,305.2300109863281,305.5,299.2900085449219,303.67999267578125,297.20892333984375,22566500
2022-03-28,304.3299865722656,310.79998779296875,304.3299865722656,310.70001220703125,304.079345703125,29578200
2022-03-29,313.9100036621094,315.82000732421875,309.04998779296875,315.4100036621094,308.6889953613281,30393400
2022-03-30,313.760009765625,315.95001220703125,311.5799865722656,313.8599853515625,307.1719970703125,28163600
2022-03-31,313.8999938964844,315.1400146484375,307.8900146484375,308.30999755859375,301.740234375,33422100
2022-04-01,309.3699951171875,310.1300048828125,305.5400085449219,309.4200134277344,302.8266296386719,27110500
2022-04-04,310.0899963378906,315.1099853515625,309.7099914550781,314.9700012207031,308.25836181640625,24289600
2022-04-05,313.2699890136719,314.8699951171875,309.8699951171875,310.8800048828125,304.2554626464844,23156700
2022-04-06,305.19000244140625,307.0,296.7099914550781,299.5,293.1180114746094,40110400
2022-04-07,296.6600036621094,303.6499938964844,296.3500061035156,301.3699951171875,294.9481201171875,31411200
2022-04-08,300.44000244140625,301.1199951171875,296.2799987792969,296.9700012207031,290.6418762207031,24361900
2022-04-11,291.7900085449219,292.6099853515625,285.0,285.260009765625,279.1814270019531,34569300
2022-04-12,289.239990234375,290.739990234375,280.489990234375,282.05999755859375,276.04962158203125,30966700
2022-04-13,282.7300109863281,288.5799865722656,281.29998779296875,287.6199951171875,281.4911193847656,21907200
2022-04-14,288.0899963378906,288.30999755859375,279.32000732421875,279.8299865722656,273.86712646484375,28221600
2022-04-18,278.9100036621094,282.4599914550781,278.3399963378906,280.5199890136719,274.54241943359375,20778000
2022-04-19,279.3800048828125,286.1700134277344,278.4100036621094,285.29998779296875,279.2205810546875,22297700
2022-04-20,289.3999938964844,289.70001220703125,285.3699951171875,286.3599853515625,280.2579345703125,22906700
2022-04-21,288.5799865722656,293.29998779296875,280.05999755859375,280.80999755859375,274.82623291015625,29454600
2022-04-22,281.67999267578125,283.20001220703125,273.3800048828125,274.0299987792969,268.1907653808594,29405800
2022-04-25,273.2900085449219,281.1099853515625,270.7699890136719,280.7200012207031,274.7381896972656,35678900
2022-04-26,277.5,278.3599853515625,270.0,270.2200012207031,264.4618835449219,46518400
2022-04-27,282.1000061035156,290.9700012207031,279.1600036621094,283.2200012207031,277.18487548828125,63477700
2022-04-28,285.19000244140625,290.9800109863281,281.4599914550781,289.6300048828125,283.4582824707031,33646600
2022-04-29,288.6099853515625,289.8800048828125,276.5,277.5199890136719,271.6062927246094,37073900
2022-05-02,277.7099914550781,284.94000244140625,276.2200012207031,284.4700012207031,278.40826416015625,35151100
2022-05-03,283.9599914550781,284.1300048828125,280.1499938964844,281.7799987792969,275.7756042480469,25978600
2022-05-04,282.5899963378906,290.8800048828125,276.7300109863281,289.9800109863281,283.8008728027344,33599300
2022-05-05,285.5400085449219,286.3500061035156,274.3399963378906,277.3500061035156,271.4400329589844,43260400
2022-05-06,274.80999755859375,279.25,271.2699890136719,274.7300109863281,268.87579345703125,37780300
2022-05-09,270.05999755859375,272.3599853515625,263.32000732421875,264.5799865722656,258.94207763671875,47726000
2022-05-10,271.69000244140625,273.75,265.07000732421875,269.5,263.7572326660156,39336400
2022-05-11,265.67999267578125,271.3599853515625,259.29998779296875,260.54998779296875,254.9979248046875,48975900
2022-05-12,257.69000244140625,259.8800048828125,250.02000427246094,255.35000610351562,249.90875244140625,51033800
2022-05-13,257.3500061035156,263.0400085449219,255.35000610351562,261.1199951171875,255.55581665039062,34925100
2022-05-16,259.9599914550781,265.82000732421875,255.77999877929688,261.5,255.9276580810547,32550900
2022-05-17,266.1099853515625,268.3299865722656,262.4599914550781,266.82000732421875,261.1343688964844,28828800
2022-05-18,263.0,263.6000061035156,252.77000427246094,254.0800018310547,249.24501037597656,31356000
2022-05-19,253.89999389648438,257.6700134277344,251.8800048828125,253.13999938964844,248.32289123535156,32692300
2022-05-20,257.239990234375,258.5400085449219,246.44000244140625,252.55999755859375,247.75393676757812,39199300
2022-05-23,255.49000549316406,261.5,253.42999267578125,260.6499938964844,255.68995666503906,33175400
2022-05-24,257.8900146484375,261.3299865722656,253.5,259.6199951171875,254.67959594726562,29043900
2022-05-25,258.1400146484375,264.5799865722656,257.1300048828125,262.5199890136719,257.5243835449219,28547900
2022-05-26,262.2699890136719,267.1099853515625,261.42999267578125,265.8999938964844,260.8401184082031,25002100
2022-05-27,268.4800109863281,273.3399963378906,267.55999755859375,273.239990234375,268.0403747558594,26910800
2022-05-31,272.5299987792969,274.7699890136719,268.92999267578125,271.8699951171875,266.6965026855469,37827700
2022-06-01,275.20001220703125,277.69000244140625,270.0400085449219,272.4200134277344,267.2360534667969,25292200
2022-06-02,264.45001220703125,274.6499938964844,261.6000061035156,274.5799865722656,269.3548889160156,44008200
2022-06-03,270.30999755859375,273.45001220703125,268.4100036621094,270.0199890136719,264.88165283203125,28059000
2022-06-06,272.05999755859375,274.17999267578125,267.2200012207031,268.75,263.6358337402344,22400300
2022-06-07,266.6400146484375,273.1300048828125,265.94000244140625,272.5,267.3144836425781,22860700
2022-06-08,271.7099914550781,273.0,269.6099853515625,270.4100036621094,265.2642517089844,17372300
2022-06-09,267.7799987792969,272.7099914550781,264.6300048828125,264.7900085449219,259.751220703125,26439700
2022-06-10,260.5799865722656,260.5799865722656,252.52999877929688,252.99000549316406,248.17575073242188,31422800
2022-06-13,245.11000061035156,249.02000427246094,241.52999877929688,242.25999450683594,237.64991760253906,46135800
2022-06-14,243.86000061035156,245.74000549316406,241.50999450683594,244.49000549316406,239.8374786376953,28651500
2022-06-15,248.30999755859375,255.3000030517578,246.4199981689453,251.75999450683594,246.96914672851562,33111700
2022-06-16,245.97999572753906,247.4199981689453,243.02000427246094,244.97000122070312,240.308349609375,33169200
2022-06-17,244.6999969482422,250.5,244.02999877929688,247.64999389648438,242.93736267089844,43084800
2022-06-21,250.25999450683594,254.75,249.50999450683594,253.74000549316406,248.91151428222656,29928300
2022-06-22,251.88999938964844,257.1700134277344,250.3699951171875,253.1300048828125,248.31309509277344,25939900
2022-06-23,255.57000732421875,259.3699951171875,253.6300048828125,258.8599853515625,253.93402099609375,25861400
2022-06-24,261.80999755859375,267.9800109863281,261.7200012207031,267.70001220703125,262.6058654785156,33923200
2022-06-27,268.2099914550781,268.29998779296875,263.2799987792969,264.8900146484375,259.8493347167969,24615100
2022-06-28,263.9800109863281,266.9100036621094,256.32000732421875,256.4800109863281,251.5993194580078,27295500
2022-06-29,257.5899963378906,261.9700012207031,255.75999450683594,260.260009765625,255.3074188232422,20069800
2022-06-30,257.04998779296875,259.5299987792969,252.89999389648438,256.8299865722656,251.94264221191406,31730900
2022-07-01,256.3900146484375,259.7699890136719,254.61000061035156,259.5799865722656,254.64031982421875,22837700
2022-07-05,256.1600036621094,262.9800109863281,254.74000549316406,262.8500061035156,257.84814453125,22941000
2022-07-06,263.75,267.989990234375,262.3999938964844,266.2099914550781,261.1441955566406,23824400
2022-07-07,265.1199951171875,269.05999755859375,265.0199890136719,268.3999938964844,263.29248046875,20859900
2022-07-08,264.7900085449219,268.1000061035156,263.2900085449219,267.6600036621094,262.5665588378906,19658800
2022-07-11,265.6499938964844,266.5299987792969,262.17999267578125,264.510009765625,259.4765625,19455200
2022-07-12,265.8800048828125,265.94000244140625,252.0399932861328,253.6699981689453,248.8428192138672,35868500
2022-07-13,250.19000244140625,253.5500030517578,248.11000061035156,252.72000122070312,247.910888671875,29497400
2022-07-14,250.57000732421875,255.13999938964844,245.94000244140625,254.0800018310547,249.24501037597656,25102800
2022-07-15,255.72000122070312,260.3699951171875,254.77000427246094,256.7200012207031,251.83474731445312,29774100
2022-07-18,259.75,260.8399963378906,253.3000030517578,254.25,249.41175842285156,20975000
2022-07-19,257.5799865722656,259.7200012207031,253.67999267578125,259.5299987792969,254.59132385253906,25012600
2022-07-20,259.8999938964844,264.8699951171875,258.9100036621094,262.2699890136719,257.2792053222656,22788300
2022-07-21,259.7900085449219,264.8900146484375,257.0299987792969,264.8399963378906,259.80023193359375,22404700
2022-07-22,265.239990234375,265.3299865722656,259.07000732421875,260.3599853515625,255.40548706054688,21881300
2022-07-25,261.0,261.5,256.80999755859375,258.8299865722656,253.90463256835938,21056000
2022-07-26,259.8599853515625,259.8800048828125,249.57000732421875,251.89999389648438,247.1064910888672,39348000
2022-07-27,261.1600036621094,270.04998779296875,258.8500061035156,268.739990234375,263.62603759765625,45994000
2022-07-28,269.75,277.8399963378906,267.8699951171875,276.4100036621094,271.15008544921875,33459300
2022-07-29,277.70001220703125,282.0,276.6300048828125,280.739990234375,275.3976745605469,32152800
2022-08-01,277.82000732421875,281.2799987792969,275.8399963378906,278.010009765625,272.7196350097656,21539600
2022-08-02,276.0,277.8900146484375,272.3800048828125,274.82000732421875,269.5903625488281,22754200
2022-08-03,276.760009765625,283.5,276.6099853515625,282.4700012207031,277.0947570800781,23518900
2022-08-04,281.79998779296875,283.79998779296875,280.1700134277344,283.6499938964844,278.2523193359375,18098700
2022-08-05,279.1499938964844,283.6499938964844,278.67999267578125,282.9100036621094,277.5263671875,16774600
2022-08-08,284.04998779296875,285.9200134277344,279.32000732421875,280.32000732421875,274.9856872558594,18739200
2022-08-09,279.6400146484375,283.0799865722656,277.6099853515625,282.29998779296875,276.92803955078125,23405200
2022-08-10,288.1700134277344,289.80999755859375,286.94000244140625,289.1600036621094,283.657470703125,24687800
2022-08-11,290.8500061035156,291.2099914550781,286.510009765625,287.0199890136719,281.55816650390625,20065900
2022-08-12,288.4800109863281,291.9100036621094,286.94000244140625,291.9100036621094,286.35516357421875,22619700
2022-08-15,291.0,294.17999267578125,290.1099853515625,293.4700012207031,287.8854064941406,18085700
2022-08-16,291.989990234375,294.0400085449219,290.4200134277344,292.7099914550781,287.1398620605469,18102900
2022-08-17,289.739990234375,293.3500061035156,289.4700012207031,291.32000732421875,286.3829040527344,18253400
2022-08-18,290.19000244140625,291.9100036621094,289.0799865722656,290.1700134277344,285.2524719238281,17186200
2022-08-19,288.8999938964844,289.25,285.55999755859375,286.1499938964844,281.300537109375,20570000
2022-08-22,282.0799865722656,282.4599914550781,277.2200012207031,277.75,273.04290771484375,25061100
2022-08-23,276.44000244140625,278.8599853515625,275.3999938964844,276.44000244140625,271.755126953125,17527400
2022-08-24,275.4100036621094,277.2300109863281,275.1099853515625,275.7900085449219,271.11614990234375,18137000
2022-08-25,277.3299865722656,279.0199890136719,274.5199890136719,278.8500061035156,274.124267578125,16583400
2022-08-26,279.0799865722656,280.3399963378906,267.9800109863281,268.0899963378906,263.546630859375,27549300
2022-08-29,265.8500061035156,267.3999938964844,263.8500061035156,265.2300109863281,260.7350769042969,20338500
2022-08-30,266.6700134277344,267.04998779296875,260.6600036621094,262.9700012207031,258.5133972167969,22767100
2022-08-31,265.3900146484375,267.1099853515625,261.3299865722656,261.4700012207031,257.038818359375,24791800
2022-09-01,258.8699951171875,260.8900146484375,255.41000366210938,260.3999938964844,255.9869384765625,23263400
2022-09-02,261.70001220703125,264.739990234375,254.47000122070312,256.05999755859375,251.72048950195312,22855400
2022-09-06,256.20001220703125,257.8299865722656,251.94000244140625,253.25,248.95809936523438,21328200
2022-09-07,254.6999969482422,258.8299865722656,253.22000122070312,258.0899963378906,253.7161102294922,24126700
2022-09-08,257.510009765625,260.42999267578125,254.7899932861328,258.5199890136719,254.13882446289062,20319900
2022-09-09,260.5,265.2300109863281,260.2900085449219,264.4599914550781,259.9781494140625,22084700
2022-09-12,265.7799987792969,267.45001220703125,265.1600036621094,266.6499938964844,262.13104248046875,18747700
2022-09-13,258.8399963378906,260.3999938964844,251.58999633789062,251.99000549316406,247.719482421875,33353300
2022-09-14,253.52999877929688,254.22999572753906,249.86000061035156,252.22000122070312,247.94557189941406,23913000
2022-09-15,249.77000427246094,251.39999389648438,244.02000427246094,245.3800048828125,241.22149658203125,31530900
2022-09-16,244.25999450683594,245.3000030517578,242.05999755859375,244.74000549316406,240.5923614501953,39791800
2022-09-19,242.47000122070312,245.13999938964844,240.85000610351562,244.52000427246094,240.3760528564453,26826900
2022-09-20,242.07000732421875,243.50999450683594,239.63999938964844,242.4499969482422,238.34115600585938,26660300
2022-09-21,244.27000427246094,247.66000366210938,238.89999389648438,238.9499969482422,234.90045166015625,28625600
2022-09-22,237.8699951171875,243.86000061035156,237.57000732421875,240.97999572753906,236.8960723876953,31061200
2022-09-23,239.5399932861328,241.1300048828125,235.1999969482422,237.9199981689453,233.88792419433594,34176000
2022-09-26,237.0500030517578,241.4499969482422,236.89999389648438,237.4499969482422,233.4259033203125,27694200
2022-09-27,239.97999572753906,241.8000030517578,234.5,236.41000366210938,232.40350341796875,27018700
2022-09-28,236.80999755859375,242.3300018310547,234.72999572753906,241.07000732421875,236.98452758789062,29029700
2022-09-29,238.88999938964844,239.9499969482422,234.41000366210938,237.5,233.47503662109375,27484200
2022-09-30,238.2899932861328,240.5399932861328,232.72999572753906,232.89999389648438,228.9530029296875,35694800
2022-10-03,235.41000366210938,241.61000061035156,234.66000366210938,240.74000549316406,236.66015625,28880400
2022-10-04,245.08999633789062,250.36000061035156,244.97999572753906,248.8800048828125,244.66220092773438,34888400
2022-10-05,245.99000549316406,250.5800018310547,244.10000610351562,249.1999969482422,244.9767303466797,20347100
2022-10-06,247.92999267578125,250.33999633789062,246.0800018310547,246.7899932861328,242.6075897216797,20239900
2022-10-07,240.89999389648438,241.32000732421875,233.1699981689453,234.24000549316406,230.27029418945312,37769600
2022-10-10,233.0500030517578,234.55999755859375,226.72999572753906,229.25,225.36485290527344,29743600
2022-10-11,227.6199951171875,229.05999755859375,224.11000061035156,225.41000366210938,221.5899200439453,30474000
2022-10-12,225.39999389648438,227.86000061035156,223.9600067138672,225.75,221.92416381835938,21903900
2022-10-13,219.85000610351562,236.10000610351562,219.1300048828125,234.24000549316406,230.27029418945312,42551800
2022-10-14,235.5399932861328,237.24000549316406,228.33999633789062,228.55999755859375,224.68655395507812,30198600
2022-10-17,235.82000732421875,238.9600067138672,235.13999938964844,237.52999877929688,233.50454711914062,28142300
2022-10-18,243.24000549316406,243.92999267578125,235.3699951171875,238.5,234.45811462402344,26329600
2022-10-19,237.0399932861328,239.61000061035156,234.2899932861328,236.47999572753906,232.47230529785156,19985700
2022-10-20,235.77000427246094,241.30999755859375,234.8699951171875,236.14999389648438,232.14791870117188,21811000
2022-10-21,234.74000549316406,243.0,234.5,242.1199951171875,238.01673889160156,26299700
2022-10-24,243.75999450683594,247.83999633789062,241.3000030517578,247.25,243.059814453125,24911200
2022-10-25,247.25999450683594,251.0399932861328,245.8300018310547,250.66000366210938,246.41200256347656,34775500
2022-10-26,231.1699981689453,238.3000030517578,230.05999755859375,231.32000732421875,227.39979553222656,82543200
2022-10-27,231.0399932861328,233.69000244140625,225.77999877929688,226.75,222.90719604492188,40424600
2022-10-28,226.24000549316406,236.60000610351562,226.0500030517578,235.8699951171875,231.87265014648438,40647700
2022-10-31,233.75999450683594,234.9199981689453,231.14999389648438,232.1300048828125,228.196044921875,28357300
2022-11-01,234.60000610351562,235.74000549316406,227.3300018310547,228.1699981689453,224.30316162109375,30592300
2022-11-02,229.4600067138672,231.3000030517578,220.0399932861328,220.10000610351562,216.3699188232422,38407000
2022-11-03,220.08999633789062,220.41000366210938,213.97999572753906,214.25,210.6190643310547,36633900
2022-11-04,217.5500030517578,221.58999633789062,213.42999267578125,221.38999938964844,217.6380615234375,36789100
2022-11-07,221.99000549316406,228.41000366210938,221.27999877929688,227.8699951171875,224.00823974609375,33498000
2022-11-08,228.6999969482422,231.64999389648438,225.83999633789062,228.8699951171875,224.99127197265625,28192500
2022-11-09,227.3699951171875,228.6300048828125,224.3300018310547,224.50999450683594,220.7052001953125,27852900
2022-11-10,235.42999267578125,243.3300018310547,235.0,242.97999572753906,238.86216735839844,46268000
2022-11-11,242.99000549316406,247.99000549316406,241.92999267578125,247.11000061035156,242.9221954345703,34620200
2022-11-14,241.99000549316406,243.91000366210938,239.2100067138672,241.5500030517578,237.45640563964844,31123300
2022-11-15,245.66000366210938,247.0,240.02999877929688,241.97000122070312,237.86927795410156,31390100
2022-11-16,242.7899932861328,243.8000030517578,240.4199981689453,241.72999572753906,238.30303955078125,24093300
2022-11-17,237.77999877929688,243.25,237.6300048828125,241.67999267578125,238.2537384033203,23123500
2022-11-18,243.50999450683594,243.74000549316406,239.02999877929688,241.22000122070312,237.80026245117188,27613500
2022-11-21,241.42999267578125,244.6699981689453,241.19000244140625,242.0500030517578,238.61851501464844,26394700
2022-11-22,243.58999633789062,245.30999755859375,240.7100067138672,245.02999877929688,241.55625915527344,19665700
2022-11-23,245.11000061035156,248.27999877929688,244.27000427246094,247.5800018310547,244.07009887695312,19508500
2022-11-25,247.30999755859375,248.6999969482422,246.72999572753906,247.49000549316406,243.98141479492188,9200800
2022-11-28,246.0800018310547,246.64999389648438,240.8000030517578,241.75999450683594,238.33261108398438,24778200
2022-11-29,241.39999389648438,242.7899932861328,238.2100067138672,240.3300018310547,236.92288208007812,17956300
2022-11-30,240.57000732421875,255.3300018310547,239.86000061035156,255.13999938964844,251.52291870117188,47594200
2022-12-01,253.8699951171875,256.1199951171875,250.9199981689453,254.69000244140625,251.0792999267578,26041500
2022-12-02,249.82000732421875,256.05999755859375,249.69000244140625,255.02000427246094,251.40463256835938,21528500
2022-12-05,252.00999450683594,253.82000732421875,248.05999755859375,250.1999969482422,246.6529541015625,23435300
2022-12-06,250.82000732421875,251.86000061035156,243.77999877929688,245.1199951171875,241.64495849609375,22463700
2022-12-07,244.8300018310547,246.16000366210938,242.2100067138672,244.3699951171875,240.9055938720703,20481500
2022-12-08,244.83999633789062,248.74000549316406,243.05999755859375,247.39999389648438,243.89263916015625,22611800
2022-12-09,244.6999969482422,248.30999755859375,244.16000366210938,245.4199981689453,241.94073486328125,20609700
2022-12-12,247.4499969482422,252.5399932861328,247.1699981689453,252.50999450683594,248.9302215576172,30665100
2022-12-13,261.69000244140625,263.9200134277344,253.07000732421875,256.9200134277344,253.27769470214844,42196900
2022-12-14,257.1300048828125,262.5899963378906,254.30999755859375,257.2200012207031,253.5734405517578,35410900
2022-12-15,253.72000122070312,254.1999969482422,247.33999633789062,249.00999450683594,245.4798126220703,35560400
2022-12-16,248.5500030517578,249.83999633789062,243.50999450683594,244.69000244140625,241.22108459472656,86102000
2022-12-19,244.86000061035156,245.2100067138672,238.7100067138672,240.4499969482422,237.04119873046875,29696400
2022-12-20,239.39999389648438,242.91000366210938,238.4199981689453,241.8000030517578,238.3720703125,25150800
2022-12-21,241.69000244140625,245.6199951171875,240.11000061035156,244.42999267578125,240.96475219726562,23690600
2022-12-22,241.25999450683594,241.99000549316406,233.8699951171875,238.19000244140625,234.81321716308594,28651700
2022-12-23,236.11000061035156,238.8699951171875,233.94000244140625,238.72999572753906,235.34556579589844,21207000
2022-12-27,238.6999969482422,238.92999267578125,235.8300018310547,236.9600067138672,233.6006622314453,16688600
2022-12-28,236.88999938964844,239.72000122070312,234.1699981689453,234.52999877929688,231.20510864257812,17457100
2022-12-29,235.64999389648438,241.9199981689453,235.64999389648438,241.00999450683594,237.59324645996094,19770700
2022-12-30,238.2100067138672,239.9600067138672,236.66000366210938,239.82000732421875,236.42013549804688,21938500
2023-01-03,243.0800018310547,245.75,237.39999389648438,239.5800018310547,236.18353271484375,25740000
2023-01-04,232.27999877929688,232.8699951171875,225.9600067138672,229.10000610351562,225.8520965576172,50623400
2023-01-05,227.1999969482422,227.5500030517578,221.75999450683594,222.30999755859375,219.1583709716797,39585600
2023-01-06,223.0,225.75999450683594,219.35000610351562,224.92999267578125,221.74122619628906,43613600
2023-01-09,226.4499969482422,231.24000549316406,226.41000366210938,227.1199951171875,223.90016174316406,27369800
2023-01-10,227.75999450683594,231.30999755859375,227.3300018310547,228.85000610351562,225.60565185546875,27033900
2023-01-11,231.2899932861328,235.9499969482422,231.11000061035156,235.77000427246094,232.42752075195312,28669300
2023-01-12,235.25999450683594,239.89999389648438,233.55999755859375,238.50999450683594,235.12867736816406,27269500
2023-01-13,237.0,239.3699951171875,234.9199981689453,239.22999572753906,235.83847045898438,21333300
2023-01-17,237.97000122070312,240.91000366210938,237.08999633789062,240.35000610351562,236.94259643554688,29831300
2023-01-18,241.57000732421875,242.3800048828125,235.52000427246094,235.80999755859375,232.4669647216797,30028700
2023-01-19,233.77999877929688,235.52000427246094,230.67999267578125,231.92999267578125,228.6419677734375,28623000
2023-01-20,234.86000061035156,240.74000549316406,234.50999450683594,240.22000122070312,236.81443786621094,35389800
2023-01-23,241.10000610351562,245.1699981689453,239.64999389648438,242.5800018310547,239.14097595214844,31934000
2023-01-24,242.5,243.9499969482422,240.44000244140625,242.0399932861328,238.60865783691406,40234400
2023-01-25,234.47999572753906,243.3000030517578,230.89999389648438,240.61000061035156,237.1989288330078,66526600
2023-01-26,243.64999389648438,248.30999755859375,242.0,248.0,244.48414611816406,33454500
2023-01-27,248.99000549316406,249.8300018310547,246.8300018310547,248.16000366210938,244.6418914794922,26498900
2023-01-30,244.50999450683594,245.60000610351562,242.1999969482422,242.7100067138672,239.26914978027344,25867400
2023-01-31,243.4499969482422,247.9499969482422,242.9499969482422,247.80999755859375,244.29684448242188,26541100
2023-02-01,248.0,255.17999267578125,245.47000122070312,252.75,249.1668243408203,31259900
2023-02-02,258.82000732421875,264.69000244140625,257.25,264.6000061035156,260.84881591796875,39940400
2023-02-03,259.5400085449219,264.20001220703125,257.1000061035156,258.3500061035156,254.68740844726562,29077300
2023-02-06,257.44000244140625,258.29998779296875,254.77999877929688,256.7699890136719,253.12982177734375,22518000
2023-02-07,260.5299987792969,268.7699890136719,260.0799865722656,267.55999755859375,263.766845703125,50841400
2023-02-08,273.20001220703125,276.760009765625,266.2099914550781,266.7300109863281,262.9486389160156,54686000
2023-02-09,273.79998779296875,273.9800109863281,262.79998779296875,263.6199951171875,259.8826599121094,42375100
2023-02-10,261.5299987792969,264.0899963378906,260.6600036621094,263.1000061035156,259.3700866699219,25818500
2023-02-13,267.6400146484375,274.6000061035156,267.1499938964844,271.32000732421875,267.4735412597656,44630900
2023-02-14,272.6700134277344,274.9700012207031,269.2799987792969,272.1700134277344,268.3115234375,37047900
2023-02-15,268.32000732421875,270.7300109863281,266.17999267578125,269.32000732421875,266.1669006347656,28922400
2023-02-16,264.0199890136719,266.739990234375,261.8999938964844,262.1499938964844,259.080810546875,29603600
2023-02-17,259.3900146484375,260.0899963378906,256.0,258.05999755859375,255.03871154785156,30000100
2023-02-21,254.47999572753906,255.49000549316406,251.58999633789062,252.6699981689453,249.71182250976562,28397400
2023-02-22,254.08999633789062,254.33999633789062,250.33999633789062,251.50999450683594,248.56541442871094,22491100
2023-02-23,255.55999755859375,256.8399963378906,250.47999572753906,254.77000427246094,251.78724670410156,29219100
2023-02-24,249.9600067138672,251.0,248.10000610351562,249.22000122070312,246.30223083496094,24990900
2023-02-27,252.4600067138672,252.82000732421875,249.38999938964844,250.16000366210938,247.23121643066406,21190000
2023-02-28,249.07000732421875,251.49000549316406,248.72999572753906,249.4199981689453,246.49989318847656,22491000
2023-03-01,250.75999450683594,250.92999267578125,245.7899932861328,246.27000427246094,243.38677978515625,27565300
2023-03-02,246.5500030517578,251.39999389648438,245.61000061035156,251.11000061035156,248.17010498046875,24808200
2023-03-03,252.19000244140625,255.6199951171875,251.38999938964844,255.2899932861328,252.3011474609375,30760100
2023-03-06,256.42999267578125,260.1199951171875,255.97999572753906,256.8699951171875,253.8626708984375,24109800
2023-03-07,256.29998779296875,257.69000244140625,253.38999938964844,254.14999389648438,251.1745147705078,21473200
2023-03-08,254.0399932861328,254.5399932861328,250.80999755859375,253.6999969482422,250.7297821044922,17340200
2023-03-09,255.82000732421875,259.55999755859375,251.5800018310547,252.32000732421875,249.36595153808594,26653400
2023-03-10,251.0800018310547,252.7899932861328,247.60000610351562,248.58999633789062,245.67959594726562,28333900
2023-03-13,247.39999389648438,257.9100036621094,245.72999572753906,253.9199981689453,250.94720458984375,33339700
2023-03-14,256.75,261.07000732421875,255.86000061035156,260.7900085449219,257.73681640625,33620300
2023-03-15,259.9800109863281,266.4800109863281,259.2099914550781,265.44000244140625,262.3323059082031,46028000
2023-03-16,265.2099914550781,276.55999755859375,263.2799987792969,276.20001220703125,272.9663391113281,54768800
2023-03-17,278.260009765625,283.3299865722656,276.32000732421875,279.42999267578125,276.15850830078125,69527400
2023-03-20,276.9800109863281,277.4800109863281,269.8500061035156,272.2300109863281,269.0428161621094,43466600
2023-03-21,274.8800048828125,275.0,269.5199890136719,273.7799987792969,270.5746765136719,34558700
2023-03-22,273.3999938964844,281.0400085449219,272.17999267578125,272.2900085449219,269.1021728515625,34873300
2023-03-23,277.94000244140625,281.05999755859375,275.20001220703125,277.6600036621094,274.4092712402344,36610900
2023-03-24,277.239990234375,280.6300048828125,275.2799987792969,280.57000732421875,277.28521728515625,28172000
2023-03-27,280.5,281.4599914550781,275.5199890136719,276.3800048828125,273.1442565917969,26840200
2023-03-28,275.7900085449219,276.1400146484375,272.04998779296875,275.2300109863281,272.0077209472656,21878600
2023-03-29,278.9599914550781,281.1400146484375,278.4100036621094,280.510009765625,277.2259216308594,25087000
2023-03-30,284.2300109863281,284.4599914550781,281.4800109863281,284.04998779296875,280.72442626953125,25053400
2023-03-31,283.7300109863281,289.2699890136719,283.0,288.29998779296875,284.9246826171875,32766000
2023-04-03,286.5199890136719,288.2699890136719,283.95001220703125,287.2300109863281,283.86724853515625,24883300
2023-04-04,287.2300109863281,290.45001220703125,285.6700134277344,287.17999267578125,283.8177795410156,25824300
2023-04-05,285.8500061035156,287.1499938964844,282.9200134277344,284.3399963378906,281.0110168457031,22064800
2023-04-06,283.2099914550781,292.0799865722656,282.0299987792969,291.6000061035156,288.18603515625,29770300
2023-04-10,289.2099914550781,289.6000061035156,284.7099914550781,289.3900146484375,286.001953125,23103000
2023-04-11,285.75,285.9800109863281,281.6400146484375,282.8299865722656,279.51873779296875,27276600
2023-04-12,284.7900085449219,287.010009765625,281.9599914550781,283.489990234375,280.1710205078125,27403400
2023-04-13,283.5899963378906,289.8999938964844,283.1700134277344,289.8399963378906,286.4466247558594,24222700
2023-04-14,287.0,288.4800109863281,283.69000244140625,286.1400146484375,282.78997802734375,20987900
2023-04-17,289.92999267578125,291.6000061035156,286.1600036621094,288.79998779296875,285.4188232421875,23836200
2023-04-18,291.57000732421875,291.760009765625,287.010009765625,288.3699951171875,284.9938659667969,20161800
2023-04-19,285.989990234375,289.04998779296875,284.5400085449219,288.45001220703125,285.0729675292969,17150300
2023-04-20,285.25,289.0299987792969,285.0799865722656,286.1099853515625,282.7603454589844,23244400
2023-04-21,285.010009765625,286.2699890136719,283.05999755859375,285.760009765625,282.41448974609375,21676400
2023-04-24,282.0899963378906,284.95001220703125,278.7200012207031,281.7699890136719,278.47113037109375,26611000
2023-04-25,279.510009765625,281.6000061035156,275.3699951171875,275.4200134277344,272.1955261230469,45772200
2023-04-26,296.70001220703125,299.57000732421875,292.7300109863281,295.3699951171875,291.9118957519531,64599200
2023-04-27,295.9700012207031,305.20001220703125,295.25,304.8299865722656,301.26116943359375,46462600
2023-04-28,304.010009765625,308.92999267578125,303.30999755859375,307.260009765625,303.6627197265625,36446700
2023-05-01,306.9700012207031,308.6000061035156,305.1499938964844,305.55999755859375,301.9826354980469,21294100
2023-05-02,307.760009765625,309.17999267578125,303.9100036621094,305.4100036621094,301.8343811035156,26404400
2023-05-03,306.6199951171875,308.6099853515625,304.0899963378906,304.3999938964844,300.8362121582031,22360800
2023-05-04,306.239990234375,307.760009765625,303.3999938964844,305.4100036621094,301.8343811035156,22519900
2023-05-05,305.7200012207031,311.9700012207031,304.2699890136719,310.6499938964844,307.0130310058594,28181200
2023-05-08,310.1300048828125,310.20001220703125,306.0899963378906,308.6499938964844,305.03643798828125,21318600
2023-05-09,308.0,310.0400085449219,306.30999755859375,307.0,303.4057922363281,21340800
2023-05-10,308.6199951171875,313.0,307.6700134277344,312.30999755859375,308.6535949707031,30078000
2023-05-11,310.1000061035156,311.1199951171875,306.260009765625,310.1099853515625,306.4793395996094,31680200
2023-05-12,310.54998779296875,310.6499938964844,306.6000061035156,308.9700012207031,305.3526916503906,19758100
2023-05-15,309.1000061035156,309.8999938964844,307.5899963378906,309.4599914550781,305.83697509765625,16336500
2023-05-16,309.8299865722656,313.7099914550781,309.8299865722656,311.739990234375,308.0902404785156,26730300
2023-05-17,312.2900085449219,314.42999267578125,310.739990234375,314.0,311.002197265625,24315000
2023-05-18,314.5299987792969,319.0400085449219,313.7200012207031,318.5199890136719,315.47906494140625,27276000
2023-05-19,316.739990234375,318.75,316.3699951171875,318.3399963378906,315.3007507324219,27529500
2023-05-22,318.6000061035156,322.5899963378906,318.010009765625,321.17999267578125,318.1136474609375,24115700
2023-05-23,320.0299987792969,322.7200012207031,315.25,315.260009765625,312.25018310546875,30797200
2023-05-24,314.7300109863281,316.5,312.6099853515625,313.8500061035156,310.8536376953125,23384900
2023-05-25,323.239990234375,326.8999938964844,320.0,325.9200134277344,322.80841064453125,43301700
2023-05-26,324.0199890136719,333.3999938964844,323.8800048828125,332.8900146484375,329.7118835449219,36630600
2023-05-30,335.2300109863281,335.739990234375,330.5199890136719,331.2099914550781,328.04791259765625,29503100
2023-05-31,332.2900085449219,335.94000244140625,327.3299865722656,328.3900146484375,325.25482177734375,45950600
2023-06-01,325.92999267578125,333.5299987792969,324.7200012207031,332.5799865722656,329.4048156738281,26773900
2023-06-02,334.25,337.5,332.54998779296875,335.3999938964844,332.19793701171875,25864000
2023-06-05,335.2200012207031,338.55999755859375,334.6600036621094,335.94000244140625,332.73272705078125,21307100
2023-06-06,335.3299865722656,335.3699951171875,332.1700134277344,333.67999267578125,330.4942932128906,20396200
2023-06-07,331.6499938964844,334.489990234375,322.5,323.3800048828125,320.2926330566406,40717100
2023-06-08,323.94000244140625,326.6400146484375,323.3500061035156,325.260009765625,322.15472412109375,23277700
2023-06-09,324.989990234375,329.989990234375,324.4100036621094,326.7900085449219,323.67010498046875,22514900
2023-06-12,328.5799865722656,332.1000061035156,325.1600036621094,331.8500061035156,328.6817626953125,24260300
2023-06-13,334.4700012207031,336.9800109863281,330.3900146484375,334.2900085449219,331.0985107421875,22951300
2023-06-14,334.3399963378906,339.0400085449219,332.80999755859375,337.3399963378906,334.1193542480469,26003800
2023-06-15,337.4800109863281,349.8399963378906,337.20001220703125,348.1000061035156,344.7766418457031,38899100
2023-06-16,351.32000732421875,351.4700012207031,341.95001220703125,342.3299865722656,339.0616760253906,46533600
2023-06-20,339.30999755859375,342.0799865722656,335.8599853515625,338.04998779296875,334.8225402832031,26375400
2023-06-21,336.3699951171875,337.7300109863281,332.07000732421875,333.55999755859375,330.37542724609375,25117800
2023-06-22,334.1199951171875,340.1199951171875,333.3399963378906,339.7099914550781,336.46673583984375,23556800
2023-06-23,334.3599853515625,337.9599914550781,333.45001220703125,335.0199890136719,331.821533203125,23084700
2023-06-26,333.7200012207031,336.1099853515625,328.489990234375,328.6000061035156,325.46282958984375,21520600
2023-06-27,331.8599853515625,336.1499938964844,329.29998779296875,334.57000732421875,331.3758239746094,24354100
2023-06-28,334.6600036621094,337.9800109863281,333.80999755859375,335.8500061035156,332.6435852050781,20259500
2023-06-29,334.7099914550781,336.1099853515625,332.6199951171875,335.04998779296875,331.85125732421875,16997000
2023-06-30,337.75,342.7300109863281,337.20001220703125,340.5400085449219,337.2888488769531,26823800
2023-07-03,339.19000244140625,340.8999938964844,336.57000732421875,337.989990234375,334.7631530761719,12508700
2023-07-05,335.0899963378906,341.6499938964844,334.7300109863281,338.1499938964844,334.921630859375,18172400
2023-07-06,337.29998779296875,342.989990234375,335.5,341.2699890136719,338.0118103027344,28161200
2023-07-07,339.32000732421875,341.7900085449219,337.0,337.2200012207031,334.00048828125,21185300
2023-07-10,334.6000061035156,335.2300109863281,327.5899963378906,331.8299865722656,328.6619567871094,32791400
2023-07-11,331.05999755859375,332.8599853515625,327.0,332.4700012207031,329.29583740234375,26698200
2023-07-12,336.6000061035156,341.6499938964844,335.6700134277344,337.20001220703125,333.9807434082031,29995300
2023-07-13,339.55999755859375,343.739990234375,339.0199890136719,342.6600036621094,339.3885803222656,20567200
2023-07-14,347.5899963378906,351.42999267578125,344.30999755859375,345.239990234375,341.9439392089844,28302200
2023-07-17,345.67999267578125,346.989990234375,342.20001220703125,345.7300109863281,342.42926025390625,20363900
2023-07-18,345.8299865722656,366.7799987792969,342.1700134277344,359.489990234375,356.0578308105469,64872700
2023-07-19,361.75,362.4599914550781,352.44000244140625,355.0799865722656,351.69000244140625,39732900
2023-07-20,353.57000732421875,357.9700012207031,345.3699951171875,346.8699951171875,343.5583801269531,33778400
2023-07-21,349.1499938964844,350.29998779296875,339.8299865722656,343.7699890136719,340.4879455566406,69368900
2023-07-24,345.8500061035156,346.9200134277344,342.30999755859375,345.1099853515625,341.8151550292969,26678100
2023-07-25,347.1099853515625,351.8900146484375,345.07000732421875,350.9800109863281,347.629150390625,41637700
2023-07-26,341.44000244140625,344.6700134277344,333.1099853515625,337.7699890136719,334.5452575683594,58383700
2023-07-27,340.4800109863281,341.3299865722656,329.04998779296875,330.7200012207031,327.5625915527344,39635300
2023-07-28,333.6700134277344,340.010009765625,333.1700134277344,338.3699951171875,335.1395263671875,28484900
2023-07-31,336.9200134277344,337.70001220703125,333.3599853515625,335.9200134277344,332.7129211425781,25446000
2023-08-01,335.19000244140625,338.5400085449219,333.70001220703125,336.3399963378906,333.1289367675781,18311900
2023-08-02,333.6300048828125,333.6300048828125,326.3599853515625,327.5,324.373291015625,27761300
2023-08-03,326.0,329.8800048828125,325.95001220703125,326.6600036621094,323.54132080078125,18253700
2023-08-04,331.8800048828125,335.1400146484375,327.239990234375,327.7799987792969,324.6506042480469,23727700
2023-08-07,328.3699951171875,331.1099853515625,327.5199890136719,330.1099853515625,326.9583740234375,17741500
2023-08-08,326.9599914550781,328.75,323.0,326.04998779296875,322.9371337890625,22327600
2023-08-09,326.4700012207031,327.1099853515625,321.04998779296875,322.2300109863281,319.15362548828125,22373300
2023-08-10,326.0199890136719,328.260009765625,321.17999267578125,322.92999267578125,319.8469543457031,20113700
2023-08-11,320.260009765625,322.4100036621094,319.2099914550781,321.010009765625,317.9452819824219,24342600
2023-08-14,321.3900146484375,324.05999755859375,320.0799865722656,324.0400085449219,320.9463806152344,18836100
2023-08-15,323.0,325.0899963378906,320.8999938964844,321.8599853515625,318.7871398925781,16966300
2023-08-16,320.79998779296875,324.4200134277344,319.79998779296875,320.3999938964844,318.01300048828125,20698900
2023-08-17,320.5400085449219,321.8699951171875,316.2099914550781,316.8800048828125,314.51922607421875,21257200
2023-08-18,314.489990234375,318.3800048828125,311.54998779296875,316.4800109863281,314.1221923828125,24744800
2023-08-21,317.92999267578125,322.7699890136719,317.0400085449219,321.8800048828125,319.4819641113281,24040000
2023-08-22,325.5,326.0799865722656,321.4599914550781,322.4599914550781,320.0575866699219,16102000
2023-08-23,323.82000732421875,329.20001220703125,323.4599914550781,327.0,324.5638122558594,21166400
2023-08-24,332.8500061035156,332.9800109863281,319.9599914550781,319.9700012207031,317.586181640625,23281400
2023-08-25,321.4700012207031,325.3599853515625,318.79998779296875,322.9800109863281,320.57379150390625,21684100
2023-08-28,325.6600036621094,326.1499938964844,321.7200012207031,323.70001220703125,321.2883605957031,14808500
2023-08-29,321.8800048828125,328.9800109863281,321.8800048828125,328.4100036621094,325.9632873535156,19284600
2023-08-30,328.6700134277344,329.80999755859375,326.45001220703125,328.7900085449219,326.3404846191406,15222100
2023-08-31,329.20001220703125,330.9100036621094,326.7799987792969,327.760009765625,325.31817626953125,26411000
2023-09-01,331.30999755859375,331.989990234375,326.7799987792969,328.6600036621094,326.21142578125,14931200
2023-09-05,329.0,334.8500061035156,328.6600036621094,333.54998779296875,331.06500244140625,18553900
2023-09-06,333.3800048828125,334.4599914550781,330.17999267578125,332.8800048828125,330.3999938964844,17535800
2023-09-07,331.2900085449219,333.0799865722656,329.0299987792969,329.9100036621094,327.4521484375,18381000
2023-09-08,330.0899963378906,336.1600036621094,329.4599914550781,334.2699890136719,331.77960205078125,19530100
2023-09-11,337.239990234375,338.4200134277344,335.42999267578125,337.94000244140625,335.42230224609375,16583300
2023-09-12,335.82000732421875,336.7900085449219,331.4800109863281,331.7699890136719,329.29827880859375,17565500
2023-09-13,331.30999755859375,336.8500061035156,331.1700134277344,336.05999755859375,333.5563049316406,16544400
2023-09-14,339.1499938964844,340.8599853515625,336.57000732421875,338.70001220703125,336.1766357421875,20267000
2023-09-15,336.9200134277344,337.3999938964844,329.6499938964844,330.2200012207031,327.75982666015625,37666900
2023-09-18,327.79998779296875,330.3999938964844,326.3599853515625,329.05999755859375,326.60845947265625,16834200
2023-09-19,326.1700134277344,329.3900146484375,324.510009765625,328.6499938964844,326.2015075683594,16505900
2023-09-20,329.510009765625,329.5899963378906,320.510009765625,320.7699890136719,318.38018798828125,21436500
2023-09-21,319.260009765625,325.3500061035156,315.0,319.5299987792969,317.1494445800781,35529500
2023-09-22,321.32000732421875,321.45001220703125,316.1499938964844,317.010009765625,314.64825439453125,21447900
2023-09-25,316.5899963378906,317.6700134277344,315.0,317.5400085449219,315.17431640625,17836000
2023-09-26,315.1300048828125,315.8800048828125,310.0199890136719,312.1400146484375,309.8145446777344,26297600
2023-09-27,312.29998779296875,314.29998779296875,309.69000244140625,312.7900085449219,310.45965576171875,19410100
2023-09-28,310.989990234375,315.4800109863281,309.45001220703125,313.6400146484375,311.3033752441406,19683600
2023-09-29,317.75,319.4700012207031,314.9800109863281,315.75,313.3976135253906,24140300
2023-10-02,316.2799987792969,321.8900146484375,315.17999267578125,321.79998779296875,319.40252685546875,20570000
2023-10-03,320.8299865722656,321.3900146484375,311.2099914550781,313.3900146484375,311.0552062988281,21033500
2023-10-04,314.0299987792969,320.0400085449219,314.0,318.9599914550781,316.58367919921875,20720100
2023-10-05,319.0899963378906,319.9800109863281,314.8999938964844,319.3599853515625,316.980712890625,16965600
2023-10-06,316.54998779296875,329.19000244140625,316.29998779296875,327.260009765625,324.8218994140625,25645500
2023-10-09,324.75,330.29998779296875,323.17999267578125,329.82000732421875,327.36279296875,19891200
2023-10-10,330.9599914550781,331.1000061035156,327.6700134277344,328.3900146484375,325.9434509277344,20557100
2023-10-11,331.2099914550781,332.82000732421875,329.1400146484375,332.4200134277344,329.9434509277344,20063200
2023-10-12,330.57000732421875,333.6300048828125,328.7200012207031,331.1600036621094,328.69281005859375,19313100
2023-10-13,332.3800048828125,333.8299865722656,326.3599853515625,327.7300109863281,325.2883605957031,21072400
2023-10-16,331.04998779296875,336.1400146484375,330.6000061035156,332.6400146484375,330.1617736816406,22158000
2023-10-17,329.5899963378906,333.4599914550781,327.4100036621094,332.05999755859375,329.58612060546875,18338500
2023-10-18,332.489990234375,335.5899963378906,328.29998779296875,330.1099853515625,327.6506042480469,23153600
2023-10-19,332.1499938964844,336.8800048828125,330.9100036621094,331.32000732421875,328.8515930175781,25052100
2023-10-20,331.7200012207031,331.9200134277344,325.45001220703125,326.6700134277344,324.2362976074219,25012600
2023-10-23,325.4700012207031,332.7300109863281,324.3900146484375,329.32000732421875,326.8665466308594,24374700
2023-10-24,331.29998779296875,331.8399963378906,327.6000061035156,330.5299987792969,328.0675354003906,31153600
2023-10-25,345.0199890136719,346.20001220703125,337.6199951171875,340.6700134277344,338.1319885253906,55053800
2023-10-26,340.5400085449219,341.6300048828125,326.94000244140625,327.8900146484375,325.44720458984375,37828500
2023-10-27,330.42999267578125,336.7200012207031,328.3999938964844,329.80999755859375,327.3528747558594,29856500
2023-10-30,333.4100036621094,339.45001220703125,331.8299865722656,337.30999755859375,334.7969970703125,22828100
2023-10-31,338.8500061035156,339.0,334.69000244140625,338.1099853515625,335.59100341796875,20265300
2023-11-01,339.7900085449219,347.4200134277344,339.6499938964844,346.07000732421875,343.4917297363281,28158800
2023-11-02,347.239990234375,348.8299865722656,344.7699890136719,348.32000732421875,345.7249755859375,24348100
2023-11-03,349.6300048828125,354.3900146484375,347.3299865722656,352.79998779296875,350.17156982421875,23624000
2023-11-06,353.45001220703125,357.5400085449219,353.3500061035156,356.5299987792969,353.8738098144531,23828300
2023-11-07,359.3999938964844,362.4599914550781,357.6300048828125,360.5299987792969,357.8440246582031,25833900
2023-11-08,361.67999267578125,363.8699951171875,360.54998779296875,363.20001220703125,360.4941101074219,26767800
2023-11-09,362.29998779296875,364.7900085449219,360.3599853515625,360.69000244140625,358.0028076171875,24847300
2023-11-10,361.489990234375,370.1000061035156,361.07000732421875,369.6700134277344,366.9159240722656,28042100
2023-11-13,368.2200012207031,368.4700012207031,365.8999938964844,366.67999267578125,363.94818115234375,19986500
2023-11-14,371.010009765625,371.95001220703125,367.3500061035156,370.2699890136719,367.51141357421875,27683900
2023-11-15,371.2799987792969,373.1300048828125,367.1099853515625,369.6700134277344,367.66064453125,26860100
2023-11-16,370.9599914550781,376.3500061035156,370.17999267578125,376.1700134277344,374.1253356933594,27182300
2023-11-17,373.6099853515625,374.3699951171875,367.0,369.8500061035156,367.83966064453125,40157000
2023-11-20,371.2200012207031,378.8699951171875,371.0,377.44000244140625,375.3883972167969,52465100
2023-11-21,375.6700134277344,376.2200012207031,371.1199951171875,373.07000732421875,371.0421447753906,28423100
2023-11-22,378.0,379.7900085449219,374.9700012207031,377.8500061035156,375.7961730957031,23345300
2023-11-24,377.3299865722656,377.9700012207031,375.1400146484375,377.42999267578125,375.37841796875,10176600
2023-11-27,376.7799987792969,380.6400146484375,376.20001220703125,378.6099853515625,376.552001953125,22179200
2023-11-28,378.3500061035156,383.0,378.1600036621094,382.70001220703125,380.6198425292969,20453100
2023-11-29,383.760009765625,384.29998779296875,377.44000244140625,378.8500061035156,376.79071044921875,28963400
2023-11-30,378.489990234375,380.0899963378906,375.4700012207031,378.9100036621094,376.85040283203125,30554400
2023-12-01,376.760009765625,378.1600036621094,371.30999755859375,374.510009765625,372.47430419921875,33020400
2023-12-04,369.1000061035156,369.5199890136719,362.8999938964844,369.1400146484375,367.1335144042969,32063300
2023-12-05,366.45001220703125,373.0799865722656,365.6199951171875,372.5199890136719,370.4951171875,23065000
2023-12-06,373.5400085449219,374.17999267578125,368.0299987792969,368.79998779296875,366.79534912109375,21182100
2023-12-07,368.2300109863281,371.45001220703125,366.32000732421875,370.95001220703125,368.93365478515625,23118900
2023-12-08,369.20001220703125,374.4599914550781,368.2300109863281,374.2300109863281,372.19586181640625,20144800
2023-12-11,368.4800109863281,371.6000061035156,366.1000061035156,371.29998779296875,369.28173828125,27708800
2023-12-12,370.8500061035156,374.4200134277344,370.4599914550781,374.3800048828125,372.34503173828125,24838300
2023-12-13,376.0199890136719,377.6400146484375,370.7699890136719,374.3699951171875,372.3350524902344,30955500
2023-12-14,373.30999755859375,373.760009765625,364.1300048828125,365.92999267578125,363.94091796875,43277500
2023-12-15,366.8500061035156,372.3999938964844,366.2799987792969,370.7300109863281,368.7148742675781,78478200
2023-12-18,369.45001220703125,373.0,368.67999267578125,372.6499938964844,370.6243896484375,21802900
2023-12-19,371.489990234375,373.260009765625,369.8399963378906,373.260009765625,371.23114013671875,20603700
2023-12-20,375.0,376.0299987792969,370.5299987792969,370.6199951171875,368.6054382324219,26316700
2023-12-21,372.55999755859375,374.4100036621094,370.0400085449219,373.5400085449219,371.5096130371094,17708000
2023-12-22,373.67999267578125,375.17999267578125,372.7099914550781,374.5799865722656,372.5439147949219,17091100
2023-12-26,375.0,376.94000244140625,373.5,374.6600036621094,372.6235046386719,12673100
2023-12-27,373.69000244140625,375.05999755859375,372.80999755859375,374.07000732421875,372.0367126464844,14905400
2023-12-28,375.3699951171875,376.4599914550781,374.1600036621094,375.2799987792969,373.2401123046875,14327000
2023-12-29,376.0,377.1600036621094,373.4800109863281,376.0400085449219,373.9959716796875,18723000
2024-01-02,373.8599853515625,375.8999938964844,366.7699890136719,370.8699951171875,368.8540954589844,25258600
2024-01-03,369.010009765625,373.260009765625,368.510009765625,370.6000061035156,368.5855712890625,23083500
2024-01-04,370.6700134277344,373.1000061035156,367.1700134277344,367.94000244140625,365.94000244140625,20901500
2024-01-05,368.9700012207031,372.05999755859375,366.5,367.75,365.75103759765625,20987000
2024-01-08,369.29998779296875,375.20001220703125,369.010009765625,374.69000244140625,372.6533508300781,23134000
2024-01-09,372.010009765625,375.989990234375,371.19000244140625,375.7900085449219,373.74737548828125,20830000
2024-01-10,376.3699951171875,384.1700134277344,376.32000732421875,382.7699890136719,380.68939208984375,25514200
2024-01-11,386.0,390.67999267578125,380.3800048828125,384.6300048828125,382.539306640625,27850800
2024-01-12,385.489990234375,388.67999267578125,384.6499938964844,388.4700012207031,386.3584289550781,21645700
2024-01-16,393.6600036621094,394.0299987792969,387.6199951171875,390.2699890136719,388.1486511230469,27202300
2024-01-17,387.9800109863281,390.1099853515625,384.80999755859375,389.4700012207031,387.3529968261719,22234100
2024-01-18,391.7200012207031,393.989990234375,390.1199951171875,393.8699951171875,391.72906494140625,23392100
2024-01-19,395.760009765625,398.6700134277344,393.5,398.6700134277344,396.5030212402344,29272000
2024-01-22,400.0199890136719,400.6199951171875,393.5899963378906,396.510009765625,394.354736328125,27016900
2024-01-23,395.75,399.3800048828125,393.92999267578125,398.8999938964844,396.7317199707031,20525900
2024-01-24,401.5400085449219,405.6300048828125,400.45001220703125,402.55999755859375,400.371826171875,24867000
2024-01-25,404.32000732421875,407.010009765625,402.5299987792969,404.8699951171875,402.6692810058594,21021200
2024-01-26,404.3699951171875,406.1700134277344,402.42999267578125,403.92999267578125,401.7344055175781,17803300
2024-01-29,406.05999755859375,409.9800109863281,404.3299865722656,409.7200012207031,407.492919921875,24510200
2024-01-30,412.260009765625,413.04998779296875,406.45001220703125,408.5899963378906,406.36907958984375,33477600
2024-01-31,406.9599914550781,415.32000732421875,397.2099914550781,397.5799865722656,395.4189147949219,47871100
2024-02-01,401.8299865722656,408.0,401.79998779296875,403.7799987792969,401.5852355957031,30657700
2024-02-02,403.80999755859375,412.6499938964844,403.55999755859375,411.2200012207031,408.9847717285156,28245000
2024-02-05,409.8999938964844,411.1600036621094,403.989990234375,405.6499938964844,403.445068359375,25352300
2024-02-06,405.8800048828125,407.9700012207031,402.9100036621094,405.489990234375,403.285888671875,18382600
2024-02-07,407.44000244140625,414.29998779296875,407.3999938964844,414.04998779296875,411.79937744140625,22340500
2024-02-08,414.04998779296875,415.55999755859375,412.5299987792969,414.1099853515625,411.8590393066406,21225300
2024-02-09,415.25,420.82000732421875,415.0899963378906,420.54998779296875,418.2640380859375,22032800
2024-02-12,420.55999755859375,420.739990234375,414.75,415.260009765625,413.0028381347656,21202900
2024-02-13,404.94000244140625,410.07000732421875,403.3900146484375,406.32000732421875,404.1114196777344,27824900
2024-02-14,408.07000732421875,409.8399963378906,404.57000732421875,409.489990234375,408.01727294921875,20401200
2024-02-15,408.1400146484375,409.1300048828125,404.2900085449219,406.55999755859375,405.09783935546875,21825500
2024-02-16,407.9599914550781,408.2900085449219,403.44000244140625,404.05999755859375,402.6068420410156,22281100
2024-02-20,403.239990234375,404.489990234375,398.010009765625,402.7900085449219,401.3414001464844,24307900
2024-02-21,400.1700134277344,402.2900085449219,397.2200012207031,402.17999267578125,400.73358154296875,18631100
2024-02-22,410.19000244140625,412.8299865722656,408.57000732421875,411.6499938964844,410.1695251464844,27009900
2024-02-23,415.6700134277344,415.8599853515625,408.9700012207031,410.3399963378906,408.8642272949219,16295900
2024-02-26,411.4599914550781,412.1600036621094,407.3599853515625,407.5400085449219,406.0743103027344,16193500
2024-02-27,407.989990234375,408.32000732421875,403.8500061035156,407.4800109863281,406.0145568847656,14835800
2024-02-28,408.17999267578125,409.29998779296875,405.32000732421875,407.7200012207031,406.2536926269531,13183100
2024-02-29,408.6400146484375,414.20001220703125,405.9200134277344,413.6400146484375,412.15240478515625,31947300
2024-03-01,411.2699890136719,415.8699951171875,410.8800048828125,415.5,414.00567626953125,17800300
2024-03-04,413.44000244140625,417.3500061035156,412.32000732421875,414.9200134277344,413.42779541015625,17596000
2024-03-05,413.9599914550781,414.25,400.6400146484375,402.6499938964844,401.201904296875,26919200
2024-03-06,402.9700012207031,405.1600036621094,398.3900146484375,402.0899963378906,400.6439208984375,22344100
2024-03-07,406.1199951171875,409.7799987792969,402.239990234375,409.1400146484375,407.6685791015625,18718500
2024-03-08,407.9599914550781,410.4200134277344,404.3299865722656,406.2200012207031,404.7590637207031,17971700
2024-03-11,403.760009765625,405.67999267578125,401.260009765625,404.5199890136719,403.0651550292969,16120800
2024-03-12,407.6199951171875,415.57000732421875,406.7900085449219,415.2799987792969,413.7864685058594,22457000
2024-03-13,418.1000061035156,418.17999267578125,411.45001220703125,415.1000061035156,413.6071472167969,17115900
2024-03-14,420.239990234375,427.82000732421875,417.989990234375,425.2200012207031,423.69073486328125,34157300
2024-03-15,419.2900085449219,422.6000061035156,412.7900085449219,416.4200134277344,414.9223937988281,45049800
2024-03-18,414.25,420.7300109863281,413.7799987792969,417.32000732421875,415.81915283203125,20106000
2024-03-19,417.8299865722656,421.6700134277344,415.54998779296875,421.4100036621094,419.8944396972656,19837900
2024-03-20,422.0,425.9599914550781,420.6600036621094,425.2300109863281,423.7007141113281,17860100
2024-03-21,429.8299865722656,430.82000732421875,427.1600036621094,429.3699951171875,427.8258056640625,21296200
2024-03-22,429.70001220703125,429.8599853515625,426.07000732421875,428.739990234375,427.1980895996094,17636500
2024-03-25,425.239990234375,427.4100036621094,421.6099853515625,422.8599853515625,421.3392028808594,18060500
2024-03-26,425.6099853515625,425.989990234375,421.3500061035156,421.6499938964844,420.1335754394531,16725600
2024-03-27,424.44000244140625,424.45001220703125,419.010009765625,421.42999267578125,419.91436767578125,16705000
2024-03-28,420.9599914550781,421.8699951171875,419.1199951171875,420.7200012207031,419.2069091796875,21871200
2024-04-01,423.95001220703125,427.8900146484375,422.2200012207031,424.57000732421875,423.0430603027344,16316000
2024-04-02,420.1099853515625,422.3800048828125,417.8399963378906,421.44000244140625,419.9243469238281,17912000
2024-04-03,419.7300109863281,423.260009765625,419.0899963378906,420.45001220703125,418.9378967285156,16502300
2024-04-04,424.989990234375,428.6700134277344,417.57000732421875,417.8800048828125,416.37713623046875,19370900
2024-04-05,420.010009765625,426.510009765625,418.32000732421875,425.5199890136719,423.9896240234375,16544300
2024-04-08,425.1700134277344,427.2799987792969,423.29998779296875,424.5899963378906,423.06298828125,14272400
2024-04-09,426.44000244140625,427.739990234375,421.6199951171875,426.2799987792969,424.7469482421875,12512300
2024-04-10,422.19000244140625,424.0299987792969,419.70001220703125,423.260009765625,421.73779296875,16216600
2024-04-11,425.82000732421875,429.3699951171875,422.3599853515625,427.92999267578125,426.3909606933594,17966400
2024-04-12,424.04998779296875,425.17999267578125,419.7699890136719,421.8999938964844,420.3826904296875,19232100
2024-04-15,426.6000061035156,426.82000732421875,413.42999267578125,413.6400146484375,412.15240478515625,20273500
2024-04-16,414.57000732421875,418.3999938964844,413.7300109863281,414.5799865722656,413.0889892578125,16765600
2024-04-17,417.25,418.8800048828125,410.3299865722656,411.8399963378906,410.3588562011719,15855500
2024-04-18,410.6300048828125,411.8900146484375,403.95001220703125,404.2699890136719,402.8160705566406,21029900
2024-04-19,404.0299987792969,405.4800109863281,397.7699890136719,399.1199951171875,397.6846008300781,30276500
2024-04-22,400.0799865722656,402.8500061035156,395.75,400.9599914550781,399.5179748535156,20286900
2024-04-23,404.239990234375,408.20001220703125,403.05999755859375,407.57000732421875,406.1042175292969,15734500
2024-04-24,409.55999755859375,412.4700012207031,406.7799987792969,409.05999755859375,407.5888671875,15065300
2024-04-25,394.0299987792969,399.8900146484375,388.0299987792969,399.0400085449219,397.60491943359375,40586500
2024-04-26,412.1700134277344,413.0,405.760009765625,406.32000732421875,404.85870361328125,29694700
2024-04-29,405.25,406.32000732421875,399.19000244140625,402.25,400.8033447265625,19582100
2024-04-30,401.489990234375,402.1600036621094,389.1700134277344,389.3299865722656,387.9298095703125,28781400
2024-05-01,392.6099853515625,401.7200012207031,390.30999755859375,394.94000244140625,393.5196228027344,23562500
2024-05-02,397.6600036621094,399.92999267578125,394.6499938964844,397.8399963378906,396.4091796875,17709400
2024-05-03,402.2799987792969,407.1499938964844,401.8599853515625,406.6600036621094,405.1974792480469,17446700
2024-05-06,408.760009765625,413.92999267578125,406.3699951171875,413.5400085449219,412.0527648925781,16996600
2024-05-07,414.6600036621094,414.6700134277344,409.0899963378906,409.3399963378906,407.8678283691406,20018200
2024-05-08,408.1700134277344,412.2300109863281,406.7099914550781,410.5400085449219,409.0635681152344,11792300
2024-05-09,410.57000732421875,412.7200012207031,409.1000061035156,412.32000732421875,410.837158203125,14689700
2024-05-10,412.94000244140625,415.3800048828125,411.79998779296875,414.739990234375,413.2484130859375,13402300
2024-05-13,418.010009765625,418.3500061035156,410.82000732421875,413.7200012207031,412.2320861816406,15440200
2024-05-14,412.0199890136719,417.489990234375,411.54998779296875,416.55999755859375,415.0618896484375,15109300
2024-05-15,417.8999938964844,423.80999755859375,417.2699890136719,423.0799865722656,422.31878662109375,22239500
2024-05-16,421.79998779296875,425.4200134277344,420.3500061035156,420.989990234375,420.2325744628906,17530100
2024-05-17,422.5400085449219,422.9200134277344,418.0299987792969,420.2099914550781,419.4539489746094,15352200
2024-05-20,420.2099914550781,426.7699890136719,419.989990234375,425.3399963378906,424.5747375488281,16272100
2024-05-21,426.8299865722656,432.9700012207031,424.8500061035156,429.0400085449219,428.2680969238281,21453300
2024-05-22,430.0899963378906,432.4100036621094,427.1300048828125,430.5199890136719,429.74542236328125,18073700
2024-05-23,432.9700012207031,433.6000061035156,425.4200134277344,427.0,426.23175048828125,17211700
2024-05-24,427.19000244140625,431.05999755859375,424.4100036621094,430.1600036621094,429.3860778808594,11845800
2024-05-28,429.6300048828125,430.82000732421875,426.6000061035156,430.32000732421875,429.5457763671875,15718000
2024-05-29,425.69000244140625,430.94000244140625,425.69000244140625,429.1700134277344,428.3978576660156,15517100
2024-05-30,424.29998779296875,424.29998779296875,414.239990234375,414.6700134277344,413.9239501953125,28424800
2024-05-31,416.75,416.75,404.510009765625,415.1300048828125,414.38311767578125,47995300
2024-06-03,415.5299987792969,416.42999267578125,408.9200134277344,413.5199890136719,412.7760009765625,17484700
2024-06-04,412.42999267578125,416.44000244140625,409.67999267578125,416.07000732421875,415.3214416503906,14348900
2024-06-05,417.80999755859375,424.0799865722656,416.29998779296875,424.010009765625,423.24713134765625,16988000
2024-06-06,424.010009765625,425.30999755859375,420.5799865722656,424.5199890136719,423.7561950683594,14861300
2024-06-07,426.20001220703125,426.2799987792969,423.0,423.8500061035156,423.0874328613281,13621700
2024-06-10,424.70001220703125,428.0799865722656,423.8900146484375,427.8699951171875,427.1001892089844,14003000
2024-06-11,425.4800109863281,432.82000732421875,425.25,432.67999267578125,431.9015197753906,14551100
2024-06-12,435.32000732421875,443.3999938964844,433.25,441.05999755859375,440.2664489746094,22366200
2024-06-13,440.8500061035156,443.3900146484375,439.3699951171875,441.5799865722656,440.7855224609375,15960600
2024-06-14,438.2799987792969,443.1400146484375,436.7200012207031,442.57000732421875,441.77374267578125,13582000
2024-06-17,442.5899963378906,450.94000244140625,440.7200012207031,448.3699951171875,447.56329345703125,20790000
2024-06-18,449.7099914550781,450.1400146484375,444.8900146484375,446.3399963378906,445.5369567871094,17112500
2024-06-20,446.29998779296875,446.5299987792969,441.2699890136719,445.70001220703125,444.89813232421875,19877400
2024-06-21,447.3800048828125,450.5799865722656,446.510009765625,449.7799987792969,448.97076416015625,34486200
2024-06-24,449.79998779296875,452.75,446.4100036621094,447.6700134277344,446.8645935058594,15913700
2024-06-25,448.25,451.4200134277344,446.75,450.95001220703125,450.138671875,16747500
2024-06-26,449.0,453.6000061035156,448.19000244140625,452.1600036621094,451.34649658203125,16507000
2024-06-27,452.17999267578125,456.1700134277344,451.7699890136719,452.8500061035156,452.0352478027344,14806300
2024-06-28,453.07000732421875,455.3800048828125,446.4100036621094,446.95001220703125,446.1458740234375,28362300
2024-07-01,448.6600036621094,457.3699951171875,445.6600036621094,456.7300109863281,455.90826416015625,17662800
2024-07-02,453.20001220703125,459.5899963378906,453.1099853515625,459.2799987792969,458.45367431640625,13979800
2024-07-03,458.19000244140625,461.0199890136719,457.8800048828125,460.7699890136719,459.94097900390625,9932800
2024-07-05,459.6099853515625,468.3500061035156,458.9700012207031,467.55999755859375,466.7187805175781,16000300
2024-07-08,466.54998779296875,467.70001220703125,464.4599914550781,466.239990234375,465.4011535644531,12962300
2024-07-09,467.0,467.3299865722656,458.0,459.5400085449219,458.7132263183594,17207200
2024-07-10,461.2200012207031,466.4599914550781,458.8599853515625,466.25,465.4111328125,18196100
2024-07-11,462.9800109863281,464.7799987792969,451.54998779296875,454.70001220703125,453.8819274902344,23111200
2024-07-12,454.3299865722656,456.3599853515625,450.6499938964844,453.54998779296875,452.7339782714844,16324300
2024-07-15,453.29998779296875,457.260009765625,451.42999267578125,453.9599914550781,453.14324951171875,14429400
2024-07-16,454.2200012207031,454.29998779296875,446.6600036621094,449.5199890136719,448.71124267578125,17175700
2024-07-17,442.5899963378906,444.8500061035156,439.17999267578125,443.5199890136719,442.7220153808594,21778000
2024-07-18,444.3399963378906,444.6499938964844,434.3999938964844,440.3699951171875,439.57769775390625,20794800
2024-07-19,433.1000061035156,441.1400146484375,432.0,437.1099853515625,436.32354736328125,20940400
2024-07-22,441.7900085449219,444.6000061035156,438.9100036621094,442.94000244140625,442.14306640625,15808800
2024-07-23,443.8999938964844,448.3900146484375,443.1000061035156,444.8500061035156,444.0496520996094,13107100
2024-07-24,440.45001220703125,441.4800109863281,427.5899963378906,428.8999938964844,428.1283264160156,26805800
2024-07-25,428.79998779296875,429.79998779296875,417.510009765625,418.3999938964844,417.647216796875,29943800
2024-07-26,418.20001220703125,428.9200134277344,417.2699890136719,425.2699890136719,424.5048522949219,23583800
2024-07-29,431.5799865722656,432.1499938964844,424.70001220703125,426.7300109863281,425.9622497558594,15125800
2024-07-30,427.7200012207031,429.04998779296875,417.3599853515625,422.9200134277344,422.15911865234375,32687600
2024-07-31,420.5,421.7799987792969,412.2099914550781,418.3500061035156,417.5973205566406,42891400
2024-08-01,420.7900085449219,427.4599914550781,413.0899963378906,417.1099853515625,416.3595275878906,30296400
2024-08-02,412.489990234375,415.0,404.3399963378906,408.489990234375,407.7550354003906,29437900
2024-08-05,389.1700134277344,401.0400085449219,385.5799865722656,395.1499938964844,394.4390563964844,40709200
2024-08-06,400.0,405.6700134277344,398.5,399.6099853515625,398.8910217285156,24946500
2024-08-07,408.6400146484375,410.0799865722656,397.4700012207031,398.42999267578125,397.7131652832031,20650900
2024-08-08,402.44000244140625,405.8599853515625,399.94000244140625,402.69000244140625,401.9654846191406,20203000
2024-08-09,404.0299987792969,408.04998779296875,402.260009765625,406.0199890136719,405.28948974609375,19276700
2024-08-12,407.05999755859375,408.760009765625,404.239990234375,406.80999755859375,406.07806396484375,16762900
2024-08-13,409.5899963378906,414.95001220703125,409.57000732421875,414.010009765625,413.26513671875,19414300
2024-08-14,414.79998779296875,417.7200012207031,412.45001220703125,416.8599853515625,416.1099853515625,18267000
2024-08-15,419.79998779296875,421.1099853515625,417.6600036621094,421.0299987792969,421.0299987792969,20752100
2024-08-16,420.6000061035156,421.3399963378906,417.29998779296875,418.4700012207031,418.4700012207031,22775600
2024-08-19,418.9599914550781,421.75,416.4599914550781,421.5299987792969,421.5299987792969,15234000
2024-08-20,421.70001220703125,425.8599853515625,421.6400146484375,424.79998779296875,424.79998779296875,16387600
2024-08-21,424.0799865722656,426.3999938964844,421.7200012207031,424.1400146484375,424.1400146484375,16067300
2024-08-22,424.3599853515625,426.7900085449219,414.6099853515625,415.54998779296875,415.54998779296875,19361900
2024-08-23,416.9800109863281,419.260009765625,412.0899963378906,416.7900085449219,416.7900085449219,18493800
2024-08-26,416.3699951171875,417.2799987792969,411.3399963378906,413.489990234375,413.489990234375,13152800
2024-08-27,412.8599853515625,414.3599853515625,410.25,413.8399963378906,413.8399963378906,13492900
2024-08-28,414.8800048828125,415.0,407.30999755859375,410.6000061035156,410.6000061035156,14882700
2024-08-29,414.94000244140625,422.04998779296875,410.6000061035156,413.1199951171875,413.1199951171875,17045200
2024-08-30,415.6000061035156,417.489990234375,412.1300048828125,417.1400146484375,417.1400146484375,24308300
2024-09-03,417.9100036621094,419.8800048828125,407.0299987792969,409.44000244140625,409.44000244140625,20313600
2024-09-04,405.9100036621094,411.239990234375,404.3699951171875,408.8999938964844,408.8999938964844,15135800
2024-09-05,407.6199951171875,413.1000061035156,406.1300048828125,408.3900146484375,408.3900146484375,14195500
2024-09-06,409.05999755859375,410.6499938964844,400.79998779296875,401.70001220703125,401.70001220703125,19609500
2024-09-09,407.239990234375,408.6499938964844,402.1499938964844,405.7200012207031,405.7200012207031,15295100
2024-09-10,408.20001220703125,416.3299865722656,407.70001220703125,414.20001220703125,414.20001220703125,19594300
2024-09-11,415.5,423.989990234375,409.5799865722656,423.0400085449219,423.0400085449219,19266900
2024-09-12,423.30999755859375,427.3699951171875,419.75,427.0,427.0,17418800
2024-09-13,425.8299865722656,431.8299865722656,425.4599914550781,430.5899963378906,430.5899963378906,15874600
2024-09-16,430.6000061035156,433.5299987792969,428.2200012207031,431.3399963378906,431.3399963378906,13834700
2024-09-17,440.2300109863281,441.8500061035156,432.2699890136719,435.1499938964844,435.1499938964844,18874200
2024-09-18,435.0,436.0299987792969,430.4100036621094,430.80999755859375,430.80999755859375,18898000
2024-09-19,441.2300109863281,441.5,436.8999938964844,438.69000244140625,438.69000244140625,21706600
2024-09-20,437.2200012207031,439.239990234375,434.2200012207031,435.2699890136719,435.2699890136719,55167100
2024-09-23,434.2799987792969,436.4599914550781,430.3900146484375,433.510009765625,433.510009765625,15128900
2024-09-24,433.0,433.3500061035156,426.1000061035156,429.1700134277344,429.1700134277344,17015800
2024-09-25,429.8299865722656,433.1199951171875,428.57000732421875,432.1099853515625,432.1099853515625,13396400
2024-09-26,435.0899963378906,435.29998779296875,429.1300048828125,431.30999755859375,431.30999755859375,14492000
2024-09-27,431.5199890136719,431.8500061035156,427.4700012207031,428.0199890136719,428.0199890136719,14896100
2024-09-30,428.2099914550781,430.4200134277344,425.3699951171875,430.29998779296875,430.29998779296875,16807300
2024-10-01,428.45001220703125,428.4800109863281,418.80999755859375,420.69000244140625,420.69000244140625,19092900
2024-10-02,422.5799865722656,422.82000732421875,416.7099914550781,417.1300048828125,417.1300048828125,16582300
2024-10-03,417.6300048828125,419.54998779296875,414.2900085449219,416.5400085449219,416.5400085449219,13686400
2024-10-04,418.239990234375,419.75,414.9700012207031,416.05999755859375,416.05999755859375,19169700
2024-10-07,416.0,417.1099853515625,409.0,409.5400085449219,409.5400085449219,20919800
2024-10-08,410.8999938964844,415.6600036621094,408.1700134277344,414.7099914550781,414.7099914550781,19229300
2024-10-09,415.8599853515625,420.3800048828125,414.29998779296875,417.4599914550781,417.4599914550781,14974300
2024-10-10,415.2300109863281,417.3500061035156,413.1499938964844,415.8399963378906,415.8399963378906,13848400
2024-10-11,416.1400146484375,417.1300048828125,413.25,416.32000732421875,416.32000732421875,14126600
